0.00015,1.00000,43.46241,1.00000,1.65038,0
0.09395,0.44704,43.23624,1.00000,0.39889,2
0.09367,0.65594,45.32862,1.00000,1.58026,3
0.00009,0.88506,44.06852,0.00000,1.68143,0
0.05135,0.59827,9.24694,1.00000,0.17817,4
0.08021,0.60734,52.54841,1.00000,0.42423,2
0.09252,0.55984,45.54563,1.00000,1.53015,3
0.00021,1.00000,45.11420,1.00000,1.71178,0
0.07285,0.96209,44.66186,1.00000,1.05288,3
0.07611,0.69022,46.37426,1.00000,0.89878,2
0.00023,1.00000,46.14397,1.00000,1.73125,0
0.03790,0.08386,45.81748,1.00000,1.73601,1
0.10222,0.42230,47.65671,1.00000,0.59198,2
0.06249,0.97500,47.00320,1.00000,0.56833,2
0.07796,0.68182,53.88077,1.00000,0.25746,2
0.05125,0.58980,46.66658,1.00000,0.66754,2
0.06414,0.59821,50.02039,1.00000,0.63132,2
0.00007,1.00000,45.50191,1.00000,1.64622,0
0.08604,0.53793,46.42718,1.00000,1.56803,3
0.09077,0.62391,45.33742,1.00000,1.42293,3
0.09867,0.54508,48.26928,1.00000,0.70608,2
0.09596,0.90674,10.16566,1.00000,0.18314,4
0.06086,0.07717,45.43266,1.00000,1.69355,1
0.08764,0.79152,47.76540,1.00000,0.15310,2
0.05489,0.69643,44.91342,1.00000,1.56413,3
0.05374,0.68079,45.55621,1.00000,0.56330,2
0.07117,0.44250,45.09397,1.00000,1.64360,3
0.00100,0.80272,45.30833,0.00000,1.66967,0
0.04151,0.96842,7.28954,1.00000,0.12805,4
0.08320,0.50847,45.51509,1.00000,1.65061,3
0.03947,0.78862,10.49225,0.00000,0.11450,4
0.00012,1.00000,44.93655,1.00000,1.75676,0
0.06469,0.05573,45.01190,1.00000,1.67403,1
0.05037,0.65395,44.97092,1.00000,1.60977,3
0.06750,0.77778,11.01569,1.00000,0.16940,4
0.06945,0.63291,8.47104,1.00000,0.15259,4
0.17726,0.02608,44.53783,0.00000,1.64623,1
0.07190,0.76680,47.17624,1.00000,0.48840,2
0.00013,1.00000,44.76324,1.00000,1.66854,0
0.04244,0.04175,45.46969,0.00000,1.66130,1
0.09745,0.44154,45.04029,1.00000,1.69851,3
0.05400,0.61696,44.79632,1.00000,1.68572,3
0.00004,1.00000,45.54759,1.00000,1.77309,0
0.10286,0.75540,8.49334,1.00000,0.12221,4
0.00000,1.00000,45.40281,1.00000,1.09141,0
0.03270,1.00000,7.30625,1.00000,0.11997,4
0.00013,1.00000,44.98766,1.00000,1.75951,0
0.04109,0.91525,45.30236,1.00000,0.73475,2
0.00207,0.42744,45.71829,0.00000,1.64802,1
0.00005,0.76923,45.37841,0.00000,1.63735,0
0.01188,0.11849,45.00675,1.00000,1.69492,1
0.02485,0.03434,46.81347,0.00000,1.65633,1
0.08372,0.55580,48.36943,1.00000,0.65448,2
0.05213,0.62903,40.93568,1.00000,0.12696,2
0.08239,0.62022,9.64661,1.00000,0.14989,4
0.00811,0.10140,45.46416,1.00000,1.71583,1
0.09226,0.90960,45.64535,1.00000,1.29927,3
0.00936,0.14480,46.29165,1.00000,1.69574,1
0.08502,0.83621,44.63873,1.00000,1.48763,3
0.01352,0.11752,45.99904,1.00000,1.72130,1
0.02054,0.04281,44.01391,1.00000,1.68314,1
0.00034,1.00000,44.80365,1.00000,1.73617,0
0.06613,0.60202,45.72656,1.00000,0.39053,2
0.08733,0.73700,46.34779,1.00000,1.57293,3
0.00012,1.00000,46.44520,1.00000,1.74354,0
0.00008,1.00000,45.49111,1.00000,1.63122,0
0.08883,0.56738,53.37364,1.00000,0.29735,2
0.00939,0.09365,44.05159,1.00000,1.67523,1
0.03458,0.98718,11.30245,1.00000,0.12670,4
0.06540,0.64973,7.94329,1.00000,0.15910,4
0.01061,0.10796,44.11436,1.00000,1.70340,1
0.10432,0.97163,45.83254,1.00000,1.36758,3
0.00153,1.00000,45.55230,1.00000,1.75037,0
0.00459,0.17070,46.29445,0.00000,1.68156,1
0.00085,0.95968,44.85909,1.00000,1.70740,1
0.00777,0.72727,45.81398,1.00000,1.69684,1
0.08753,0.41360,45.77786,1.00000,1.73826,3
0.00003,1.00000,45.30397,1.00000,1.69689,0
0.08986,0.62458,7.28195,1.00000,0.11543,4
0.08261,0.76016,8.19065,1.00000,0.14011,4
0.10482,0.06674,45.07806,1.00000,1.68085,1
0.11509,0.58046,8.68012,1.00000,0.18452,4
0.00007,1.00000,44.38800,1.00000,1.50077,0
0.09428,0.67526,44.70922,1.00000,0.37698,2
0.02788,0.03018,44.94693,0.00000,1.66671,1
0.09755,0.83453,47.99664,1.00000,0.56320,2
0.04149,0.05470,45.54016,1.00000,1.68948,1
0.03684,0.03756,43.66211,0.00000,1.65701,1
0.00521,0.18787,45.29512,1.00000,1.70967,1
0.06648,0.84362,45.38815,1.00000,1.53349,3
0.06873,0.60000,8.72414,1.00000,0.19675,4
0.08863,0.67956,8.37103,1.00000,0.13697,4
0.07767,0.76779,43.93862,1.00000,1.49611,3
0.04117,0.67813,8.38935,1.00000,0.15482,4
0.00016,1.00000,45.43149,1.00000,1.67376,0
0.01081,0.09120,46.25808,1.00000,1.73019,1
0.15915,0.04277,45.39081,0.00000,1.63817,1
0.08115,0.65526,49.04886,1.00000,0.66401,2
0.09831,0.48496,45.91953,1.00000,1.65996,3
0.07563,0.72281,45.86152,1.00000,1.47805,3
0.08491,0.52036,9.30243,1.00000,0.14068,4
0.00032,1.00000,46.82300,1.00000,1.72453,0
0.08575,0.84141,49.83157,1.00000,0.88485,2
0.07696,0.55193,45.50441,1.00000,0.53460,2
0.08018,0.75444,45.33167,1.00000,1.56483,3
0.10244,0.69329,44.41774,1.00000,1.48504,3
0.00855,0.12749,46.06052,1.00000,1.71955,1
0.00034,0.90244,45.10288,0.00000,1.56974,0
0.07444,0.72368,10.06171,1.00000,0.14359,4
0.05446,0.78327,8.82327,1.00000,0.15914,4
0.00930,0.13550,45.12683,1.00000,1.71120,1
0.05830,0.98039,46.20585,1.00000,1.36637,3
0.07938,0.59540,46.25902,1.00000,0.40183,2
0.10781,0.46040,50.01716,1.00000,0.60473,2
0.00005,1.00000,45.18311,1.00000,1.66851,0
0.05221,0.97945,49.46925,1.00000,0.00000,2
0.08738,0.83333,44.80922,1.00000,0.68726,2
0.06441,0.92818,11.46684,1.00000,0.23522,4
0.00032,1.00000,44.83022,1.00000,1.72146,0
0.02877,0.28380,44.22269,1.00000,1.69993,1
0.06384,0.71613,40.40597,1.00000,0.57372,2
0.11279,0.58531,44.13892,1.00000,0.72938,2
0.10749,0.63850,48.86668,1.00000,0.74206,2
0.07759,0.98901,44.69542,1.00000,1.32902,3
0.04763,0.95588,47.56095,1.00000,0.83544,2
0.01947,0.05041,46.04722,0.00000,1.64783,1
0.07446,0.85463,47.49269,1.00000,0.75793,2
0.01555,0.10293,46.34389,0.00000,1.64109,1
0.05481,0.96396,49.50271,1.00000,0.58313,2
0.09054,0.55505,45.07452,1.00000,1.58236,3
0.00003,1.00000,45.31267,1.00000,1.58617,0
0.09334,0.50495,45.21319,1.00000,1.65564,3
0.01356,0.07831,45.09857,1.00000,1.69102,1
0.00003,1.00000,45.11051,1.00000,1.70544,0
0.07434,0.68448,45.58962,1.00000,1.62162,3
0.05923,0.60912,7.72568,1.00000,0.16030,4
0.09163,0.53040,49.55350,1.00000,0.68509,2
0.00000,1.00000,46.20050,1.00000,0.49651,0
0.07640,0.74613,50.49883,1.00000,0.58123,2
0.00010,1.00000,44.92099,1.00000,1.70830,0
0.08614,0.59954,10.20551,1.00000,0.17596,4
0.00001,1.00000,44.94910,1.00000,1.83771,0
0.08771,0.80319,9.81396,1.00000,0.18160,4
0.05860,0.79649,45.79878,1.00000,1.36395,3
0.00021,1.00000,43.85885,1.00000,1.79391,0
0.08693,0.94915,45.46221,1.00000,0.91984,3
0.08817,0.51179,9.82411,1.00000,0.15256,4
0.08635,0.63344,10.82044,1.00000,0.23062,4
0.00028,1.00000,45.20143,1.00000,1.71700,0
0.00034,1.00000,43.93411,1.00000,1.62367,0
0.08658,0.59080,44.46398,1.00000,1.54681,3
0.07869,0.98925,46.71612,1.00000,1.35937,3
0.05783,0.66016,9.11746,1.00000,0.17050,4
0.00312,0.22525,44.54352,0.00000,1.63215,1
0.06200,0.64164,8.53834,1.00000,0.12665,4
0.06604,0.74150,46.84363,1.00000,0.64342,2
0.09900,0.46233,44.39301,1.00000,1.63440,3
0.08760,0.59752,40.22741,1.00000,0.31497,2
0.00019,1.00000,44.49555,1.00000,1.78184,0
0.09426,0.59091,44.61190,1.00000,1.58517,3
0.03191,1.00000,46.47739,1.00000,0.00000,2
0.00014,1.00000,45.09930,1.00000,1.68123,0
0.08823,0.64000,46.46900,1.00000,0.23160,2
0.08832,0.49609,46.45149,1.00000,1.60816,3
0.00011,1.00000,44.66408,1.00000,1.67086,0
0.00087,0.88356,45.71247,1.00000,1.70572,1
0.00011,1.00000,44.78388,1.00000,1.80737,0
0.06403,0.89529,10.52134,1.00000,0.15366,4
0.08558,0.74841,6.85636,1.00000,0.12954,4
0.10112,0.57882,8.92963,1.00000,0.15549,4
0.00116,0.64854,45.46710,1.00000,1.69146,1
0.00042,1.00000,45.09525,1.00000,1.72384,0
0.04885,1.00000,13.75171,1.00000,0.15322,4
0.07553,0.84293,44.21872,1.00000,1.61004,3
0.08877,0.90374,44.58111,1.00000,1.46206,3
0.00005,1.00000,46.69726,1.00000,1.63750,0
0.00003,1.00000,44.96284,1.00000,1.42525,0
0.00074,0.93617,46.10256,1.00000,1.68220,1
0.07550,0.50732,10.17699,1.00000,0.20000,4
0.08798,0.81818,48.15921,1.00000,0.40307,2
0.08937,0.46863,50.97569,1.00000,0.36627,2
0.08493,0.73973,44.53716,1.00000,1.66280,3
0.19451,0.06709,45.14320,1.00000,1.70967,1
0.08855,0.44487,45.19470,1.00000,0.33670,2
0.02928,0.06029,46.18935,0.00000,1.65420,1
0.08104,0.60976,45.23538,1.00000,1.57441,3
0.03791,1.00000,54.74801,1.00000,0.75598,2
0.00003,1.00000,45.57359,1.00000,1.75579,0
0.06292,0.97826,45.43793,1.00000,1.27069,3
0.02780,0.08059,44.35746,1.00000,1.67664,1
0.00001,1.00000,44.90417,1.00000,0.45635,0
0.06449,0.54545,8.94547,1.00000,0.13892,4
0.00174,0.41985,44.88880,1.00000,1.69544,1
0.09302,0.68828,45.62751,1.00000,0.23113,2
0.01066,0.08042,46.35908,1.00000,1.69963,1
0.08984,0.74086,51.83444,1.00000,0.39520,2
0.09395,0.47478,48.97670,1.00000,0.86177,2
0.00053,1.00000,46.67592,1.00000,1.75034,0
0.01238,0.40059,45.49121,1.00000,1.67844,1
0.00001,1.00000,44.47125,1.00000,1.00841,0
0.07417,0.03651,45.17009,0.00000,1.63568,1
0.05414,0.91220,43.59188,1.00000,0.79586,2
0.01605,0.98551,12.42910,1.00000,0.15010,4
0.00003,1.00000,44.85265,1.00000,1.52115,0
0.00386,0.45280,44.46788,0.00000,1.61942,1
0.07614,0.68354,8.72088,1.00000,0.12433,4
0.00005,1.00000,45.26277,1.00000,1.55644,0
0.06277,0.57184,9.09404,1.00000,0.21766,4
0.00010,1.00000,44.15152,1.00000,1.64960,0
0.09673,0.43774,45.07541,1.00000,1.49416,3
0.00046,1.00000,45.85016,1.00000,1.66032,0
0.03627,0.02811,45.24779,0.00000,1.63120,1
0.09753,0.64550,51.54950,1.00000,0.64860,2
0.08684,0.62697,45.32086,1.00000,1.48967,3
0.09016,0.58276,9.74709,1.00000,0.17728,4
0.08249,0.54564,48.11451,1.00000,0.77753,2
0.05684,0.84472,12.49326,1.00000,0.15371,4
0.10939,0.51893,7.51715,1.00000,0.14376,4
0.05717,0.91713,46.22212,1.00000,1.22564,3
0.09377,0.42308,50.45176,1.00000,0.62211,2
0.01604,0.06250,45.92091,1.00000,1.69428,1
0.09231,0.62228,9.00182,1.00000,0.18426,4
0.07701,0.44618,44.45514,1.00000,1.65649,3
0.09092,0.55895,45.02680,1.00000,1.50769,3
0.00007,1.00000,45.86464,1.00000,1.67036,0
0.08441,0.49412,44.58951,1.00000,1.67324,3
0.06369,0.46076,43.02362,1.00000,0.61178,2
0.07847,0.64465,10.16930,1.00000,0.20785,4
0.08150,0.60386,45.22295,1.00000,1.58812,3
0.03601,0.05036,46.21701,0.00000,1.61995,1
0.01591,0.96040,43.51785,1.00000,1.31671,3
0.00016,1.00000,45.43078,1.00000,1.57968,0
0.00018,1.00000,45.91680,1.00000,1.67104,0
0.05915,0.90123,11.11481,1.00000,0.11807,4
0.08906,0.54184,45.28950,1.00000,1.67324,3
0.06608,0.50725,40.23778,1.00000,0.57231,2
0.07767,0.61139,45.35230,1.00000,1.50890,3
0.00017,0.98246,45.76074,1.00000,1.76183,0
0.01256,0.32016,45.63828,1.00000,1.70420,1
0.04818,1.00000,9.95995,1.00000,0.15546,4
0.08584,0.52210,9.97564,1.00000,0.16569,4
0.06573,0.68498,11.16686,1.00000,0.17524,4
0.08105,0.02503,44.94112,0.00000,1.66934,1
0.00008,1.00000,44.87212,1.00000,1.66036,0
0.05272,0.62291,8.25911,1.00000,0.15621,4
0.00063,1.00000,45.89459,1.00000,1.78350,0
0.00079,1.00000,45.57471,1.00000,1.67881,0
0.05876,0.93269,44.69100,1.00000,1.33519,3
0.01651,0.05901,45.35346,1.00000,1.73070,1
0.01715,0.06702,44.80287,1.00000,1.68014,1
0.09372,0.57534,9.17821,1.00000,0.14282,4
0.07778,0.43333,45.80951,1.00000,1.65288,3
0.00015,1.00000,45.17017,1.00000,1.71935,0
0.05734,0.81469,11.52422,1.00000,0.18320,4
0.07113,0.95455,9.63141,1.00000,0.16195,4
0.07407,0.81008,50.11321,1.00000,0.66864,2
0.09930,0.79933,44.67790,1.00000,1.36326,3
0.04602,0.03434,44.91154,0.00000,1.67666,1
0.08399,0.59012,8.55091,1.00000,0.16102,4
0.09981,0.78621,46.31015,1.00000,0.55596,2
0.01479,0.19951,43.95100,0.00000,1.67961,1
0.08801,0.56416,47.01800,1.00000,0.61595,2
0.06155,0.62461,10.13160,1.00000,0.19648,4
0.07963,0.52928,8.81118,1.00000,0.16614,4
0.00454,0.35063,45.28282,1.00000,1.69133,1
0.00016,1.00000,45.65728,1.00000,1.57650,0
0.09783,0.83663,51.20854,1.00000,0.57886,2
0.10399,0.75405,45.50541,1.00000,1.51705,3
0.04838,0.91213,45.53097,1.00000,1.28892,3
0.09971,0.02200,44.24046,0.00000,1.64961,1
0.00011,1.00000,45.53087,1.00000,1.65698,0
0.09656,0.53883,48.50077,1.00000,0.60143,2
0.07991,0.66543,7.92154,1.00000,0.14178,4
0.09847,0.50781,45.34198,1.00000,1.50546,3
0.06315,0.56944,10.06882,1.00000,0.19422,4
0.00009,1.00000,43.94335,1.00000,1.68843,0
0.05081,0.93377,47.13314,1.00000,0.73137,2
0.08573,0.75172,45.09581,1.00000,1.52902,3
0.00005,1.00000,44.20935,1.00000,1.76539,0
0.10336,0.53700,44.88989,1.00000,1.59126,3
0.10139,0.58482,48.33690,1.00000,0.69548,2
0.10182,0.82627,49.39491,1.00000,0.35302,2
0.00006,1.00000,44.85795,1.00000,1.65745,0
0.07490,0.61719,44.60155,1.00000,1.63752,3
0.09903,0.77734,8.98229,1.00000,0.15699,4
0.08812,0.60773,10.38976,1.00000,0.16347,4
0.09012,0.68835,44.25359,1.00000,1.55708,3
0.00121,0.65617,44.63170,0.00000,1.60872,1
0.01654,0.06563,46.12557,1.00000,1.72276,1
0.01053,0.07256,45.97875,1.00000,1.70879,1
0.09877,0.47253,43.80476,1.00000,0.56565,2
0.08515,0.57067,8.89363,1.00000,0.15678,4
0.07019,0.58766,7.70931,1.00000,0.13478,4
0.08431,0.39543,44.99047,1.00000,1.58779,3
0.01468,0.09150,45.67206,1.00000,1.67718,1
0.09895,0.75478,45.81184,1.00000,1.45504,3
0.06955,0.72318,8.63803,1.00000,0.12316,4
0.05340,0.96454,10.87863,1.00000,0.11497,4
0.09812,0.60513,48.46814,1.00000,0.49560,2
0.00154,1.00000,45.50038,1.00000,1.75092,0
0.08201,0.43662,46.25107,1.00000,1.68206,3
0.05601,0.40909,44.98004,1.00000,1.63180,3
0.00016,1.00000,45.19081,1.00000,1.70638,0
0.07000,0.84806,45.29215,1.00000,1.23473,3
0.00601,0.23684,45.02701,0.00000,1.67035,1
0.00045,1.00000,45.12221,1.00000,1.78955,0
0.06740,0.41525,46.35541,1.00000,1.67104,3
0.08305,0.64054,10.02208,1.00000,0.17992,4
0.08217,0.59483,8.55241,1.00000,0.13983,4
0.00004,1.00000,44.72282,1.00000,1.70597,0
0.09711,0.53955,38.51735,1.00000,0.28883,2
0.08956,0.60892,7.85595,1.00000,0.14720,4
0.07715,0.68675,10.11165,1.00000,0.18847,4
0.11499,0.69231,9.86569,1.00000,0.15534,4
0.08977,0.43694,50.40556,1.00000,0.43833,2
0.00068,1.00000,45.73211,1.00000,1.74524,0
0.10040,0.73737,7.86766,1.00000,0.14532,4
0.10233,0.71223,49.44107,1.00000,0.51968,2
0.08683,0.50096,44.29379,1.00000,1.49353,3
0.08566,0.80592,45.45551,1.00000,1.43541,3
0.08254,0.48915,48.46555,1.00000,0.50309,2
0.09581,0.46898,45.82216,1.00000,1.61620,3
0.05828,0.97842,46.37931,1.00000,0.77482,2
0.08090,0.79152,45.40306,1.00000,1.51399,3
0.07729,0.45539,34.86445,1.00000,0.39934,2
0.09779,0.75000,42.24532,1.00000,0.56786,2
0.07133,0.91270,45.50370,1.00000,1.45293,3
0.07364,0.98131,50.59581,1.00000,0.66429,2
0.09642,0.55502,8.00052,1.00000,0.16037,4
0.05084,0.63536,45.88680,1.00000,1.54399,3
0.07305,0.93370,52.36539,1.00000,0.46741,2
0.00035,0.80952,46.00411,0.00000,1.64154,0
0.08326,0.46705,42.81749,1.00000,0.70433,2
0.00004,0.88000,45.53343,0.00000,1.60591,0
0.09985,0.05263,45.35192,1.00000,1.70960,1
0.07848,0.54292,45.32554,1.00000,1.73191,3
0.06985,0.53875,51.10384,1.00000,0.26305,2
0.02460,0.05590,45.02408,0.00000,1.66223,1
0.08725,0.52893,44.17477,1.00000,0.51846,2
0.08888,0.53968,46.65088,1.00000,1.66069,3
0.08897,0.66062,41.61712,1.00000,0.42712,2
0.09526,0.59545,45.68715,1.00000,1.44477,3
0.08645,0.83895,8.89377,1.00000,0.20308,4
0.08647,0.43045,46.13738,1.00000,0.58410,2
0.09584,0.77922,45.44764,1.00000,1.47655,3
0.08829,0.45229,48.09665,1.00000,0.60393,2
0.00008,0.91667,45.85495,0.00000,1.65153,0
0.05515,0.47896,40.29869,1.00000,0.54131,2
0.10306,0.51288,7.68036,1.00000,0.13119,4
0.08022,0.54167,45.05824,1.00000,1.65603,3
0.07676,0.80000,45.42787,1.00000,1.52775,3
0.08484,0.43029,44.76620,1.00000,1.63244,3
0.12121,0.03550,45.43346,0.00000,1.67555,1
0.00036,1.00000,43.63724,1.00000,1.75630,0
0.00004,0.83333,44.55936,0.00000,1.70628,0
0.05635,1.00000,13.35737,1.00000,0.17523,4
0.06114,0.60732,48.84526,1.00000,0.28695,2
0.08276,0.60094,44.26391,1.00000,1.51380,3
0.02750,0.04179,46.06420,0.00000,1.64910,1
0.08166,0.82927,45.69461,1.00000,1.75948,3
0.02505,0.05791,45.52851,1.00000,1.71501,1
0.01203,0.06904,44.94313,0.00000,1.63850,1
0.07557,0.50426,52.79083,1.00000,0.49340,2
0.07001,0.43705,45.68891,1.00000,1.61475,3
0.08117,0.43673,46.50818,1.00000,1.60637,3
0.05255,0.68195,50.48104,1.00000,0.70732,2
0.05864,0.40940,45.30413,1.00000,1.59879,3
0.05918,0.91845,45.39639,1.00000,1.73070,3
0.10128,0.51303,42.31267,1.00000,0.59636,2
0.08544,0.80645,52.09022,1.00000,0.80124,2
0.00964,0.15711,45.77438,1.00000,1.69474,1
0.00904,0.09914,45.14879,1.00000,1.72598,1
0.07314,0.48871,46.60767,1.00000,1.70039,3
0.01335,0.06799,45.41291,1.00000,1.69215,1
0.00007,1.00000,45.54018,1.00000,1.81345,0
0.07574,0.23011,44.89177,1.00000,1.70265,1
0.08920,0.52838,51.25275,1.00000,0.36428,2
0.07042,0.72036,46.30384,1.00000,1.64203,3
0.00186,0.33479,44.87752,0.00000,1.64716,1
0.00004,1.00000,46.32100,1.00000,1.68791,0
0.00001,1.00000,44.60311,1.00000,1.77716,0
0.07732,0.55534,45.50392,1.00000,1.65254,3
0.09707,0.44592,45.37206,1.00000,1.65669,3
0.00283,0.24872,45.17187,1.00000,1.70721,1
0.01161,0.09848,45.97883,0.00000,1.66341,1
0.00017,1.00000,45.50774,1.00000,1.65180,0
0.11803,0.65979,8.65419,1.00000,0.14205,4
0.08412,0.82372,50.22004,1.00000,0.51576,2
0.00806,0.20681,46.41632,0.00000,1.64232,1
0.09523,0.72727,52.44881,1.00000,0.35055,2
0.02566,0.02811,45.46075,0.00000,1.63521,1
0.08997,0.44681,45.68834,1.00000,1.59150,3
0.07588,0.63488,49.77242,1.00000,0.31831,2
0.02210,0.11947,45.83380,1.00000,1.70078,1
0.02353,0.02814,45.95386,0.00000,1.65585,1
0.07917,0.77848,49.55605,1.00000,0.68027,2
0.08881,0.42430,43.71963,1.00000,1.66279,3
0.10185,0.43091,46.58768,1.00000,0.55132,2
0.01307,0.08858,45.31813,1.00000,1.70668,1
0.00007,1.00000,45.93562,1.00000,1.68923,0
0.00008,1.00000,46.17367,1.00000,1.73367,0
0.08488,0.05139,44.08210,1.00000,1.69729,1
0.09186,0.61224,49.67566,1.00000,0.54947,2
0.08369,0.56021,10.53937,1.00000,0.20148,4
0.08232,0.45102,45.90405,1.00000,1.71321,3
0.07826,0.56334,9.67188,1.00000,0.19980,4
0.00017,1.00000,46.17079,1.00000,1.74439,0
0.03141,0.97647,54.72292,1.00000,0.38791,2
0.07285,0.51980,8.69795,1.00000,0.17160,4
0.01475,0.14971,45.06849,1.00000,1.70516,1
0.00064,1.00000,46.69125,1.00000,1.69865,0
0.09182,0.45471,45.15131,1.00000,1.67374,3
0.05197,0.91129,44.74702,1.00000,0.19785,2
0.02675,0.07240,45.50432,1.00000,1.69216,1
0.05319,0.83058,44.90933,1.00000,1.26158,3
0.07083,0.96078,8.82302,1.00000,0.15017,4
0.07655,0.78339,45.10585,1.00000,1.62782,3
0.00012,1.00000,45.54922,1.00000,1.73965,0
0.07621,0.51383,45.83435,1.00000,0.39265,2
0.09177,0.59712,9.38927,1.00000,0.15724,4
0.07369,0.98438,9.22687,1.00000,0.14133,4
0.05972,0.85354,46.86060,1.00000,0.81833,2
0.00001,1.00000,44.55905,1.00000,0.44259,0
0.07094,0.47810,46.72676,1.00000,0.36341,2
0.06549,0.53430,45.49532,1.00000,1.59989,3
0.10885,0.60981,47.60762,1.00000,0.63103,2
0.08118,0.55031,45.42078,1.00000,1.67821,3
0.09065,0.55022,44.82515,1.00000,1.61784,3
0.00023,1.00000,44.81341,1.00000,1.66723,0
0.04351,0.46796,45.27468,1.00000,1.69161,3
0.09901,0.63610,7.97897,1.00000,0.16881,4
0.01543,0.13184,44.90848,1.00000,1.67886,1
0.08139,0.44883,46.45609,1.00000,0.59300,2
0.00016,0.95833,45.51114,1.00000,1.81151,0
0.07978,0.43563,50.59440,1.00000,0.77349,2
0.09279,0.50216,45.16101,1.00000,1.64755,3
0.05908,0.61637,53.65728,1.00000,0.75306,2
0.09399,0.67632,46.78323,1.00000,1.39702,3
0.03081,0.09838,45.56692,1.00000,1.70722,1
0.00006,1.00000,44.78001,1.00000,1.76609,0
0.05928,0.73714,10.44394,1.00000,0.19844,4
0.09946,0.83858,47.31627,1.00000,0.64508,2
0.08207,0.53106,45.89019,1.00000,1.62027,3
0.08655,0.60961,10.48033,1.00000,0.17799,4
0.00470,0.81746,45.34733,0.00000,1.61210,0
0.00007,1.00000,45.40263,1.00000,1.71547,0
0.11102,0.61702,44.83266,1.00000,1.38726,3
0.05564,1.00000,57.20030,1.00000,0.44954,2
0.09472,0.84729,51.31033,1.00000,0.88522,2
0.00010,1.00000,45.57913,1.00000,1.70120,0
0.04013,0.05361,45.56779,0.00000,1.66906,1
0.00004,1.00000,42.92323,1.00000,1.44532,0
0.07788,0.56369,9.79840,1.00000,0.16103,4
0.01725,0.14463,45.81469,1.00000,1.70648,1
0.09846,0.50891,44.86934,1.00000,1.64900,3
0.00011,1.00000,45.21004,1.00000,1.72568,0
0.00011,1.00000,45.44377,1.00000,1.78933,0
0.03724,0.07920,45.93604,1.00000,1.70566,1
0.07148,0.84513,45.96749,1.00000,1.65743,3
0.00017,1.00000,45.58882,1.00000,1.63971,0
0.00035,1.00000,46.67140,1.00000,1.66556,0
0.10792,0.74729,43.47191,1.00000,1.49776,3
0.08634,0.59944,10.23575,1.00000,0.18146,4
0.00006,1.00000,45.74464,1.00000,1.78924,0
0.06700,0.55603,7.83660,1.00000,0.16058,4
0.08099,0.53367,9.05697,1.00000,0.14169,4
0.09559,0.80000,10.65766,1.00000,0.20782,4
0.08837,0.61218,9.25362,1.00000,0.18276,4
0.00013,0.83117,45.62075,0.00000,1.60720,0
0.01246,0.10784,45.74321,0.00000,1.61273,1
0.00004,1.00000,44.49806,1.00000,1.77118,0
0.01014,0.31044,44.68601,1.00000,1.68732,1
0.00012,1.00000,45.34328,1.00000,1.57944,0
0.06130,0.59057,45.79213,1.00000,1.68262,3
0.09052,0.55246,43.47039,1.00000,1.63875,3
0.00004,1.00000,43.88687,1.00000,1.83102,0
0.09013,0.73591,46.53443,1.00000,1.49180,3
0.09276,0.60784,9.21931,1.00000,0.16385,4
0.07899,0.75000,44.30820,1.00000,1.63019,3
0.07768,1.00000,42.99699,1.00000,0.37596,2
0.06297,0.45759,45.43223,1.00000,1.68649,3
0.02130,0.05797,45.37516,1.00000,1.71713,1
0.00007,1.00000,45.85398,1.00000,1.61608,0
0.01603,0.03967,45.74706,1.00000,1.68546,1
0.10160,0.53509,48.65439,1.00000,0.51674,2
0.00142,1.00000,45.81462,1.00000,1.70517,0
0.06488,0.77326,45.07391,1.00000,1.64023,3
0.08734,0.64075,47.86143,1.00000,0.41828,2
0.00002,1.00000,45.64232,1.00000,1.79414,0
0.00053,1.00000,46.59625,1.00000,1.68546,0
0.00042,0.97297,45.73850,1.00000,1.69620,1
0.00004,1.00000,46.41707,1.00000,1.50203,0
0.07584,0.62050,7.91995,1.00000,0.16064,4
0.07121,0.72299,7.71484,1.00000,0.13913,4
0.08990,0.49272,9.81825,1.00000,0.17473,4
0.00017,0.84783,46.52121,0.00000,1.64001,0
0.11221,0.72702,46.12918,1.00000,0.54378,2
0.09688,0.84615,44.94818,1.00000,1.65973,3
0.02469,0.07717,45.23287,1.00000,1.65729,1
0.02233,0.11492,47.45250,1.00000,1.71304,1
0.09803,0.51572,44.65168,1.00000,1.56106,3
0.09172,0.41709,47.88013,1.00000,0.49490,2
0.07843,0.60137,10.66045,1.00000,0.18011,4
0.08457,0.84756,8.83496,1.00000,0.16414,4
0.07662,0.67232,9.90003,1.00000,0.19874,4
0.00032,1.00000,46.06462,1.00000,1.73972,0
0.00018,1.00000,45.42066,1.00000,1.65179,0
0.08181,0.58411,41.64071,1.00000,0.65476,2
0.05359,0.90411,50.37931,1.00000,0.58896,2
0.00004,1.00000,44.71425,1.00000,1.66955,0
0.00023,0.82682,45.01168,0.00000,1.60892,0
0.01208,0.06127,45.64590,0.00000,1.66185,1
0.00913,0.09432,45.21079,1.00000,1.70688,1
0.06513,0.94886,8.77254,1.00000,0.15294,4
0.05555,0.79343,9.07511,1.00000,0.16135,4
0.08713,0.62903,45.64745,1.00000,1.61106,3
0.04839,0.99107,51.33073,1.00000,0.46280,2
0.08580,0.72222,9.22166,1.00000,0.16108,4
0.02835,0.98361,49.85714,1.00000,0.69261,2
0.08817,0.65239,43.41388,1.00000,0.26343,2
0.04913,1.00000,10.83166,1.00000,0.22012,4
0.03649,0.96000,45.04015,1.00000,0.66644,2
0.05489,0.97917,54.13664,1.00000,0.75839,2
0.00176,0.98182,45.96107,1.00000,1.76269,0
0.06077,0.75000,46.56476,1.00000,0.62790,2
0.09029,0.73179,50.11280,1.00000,0.30347,2
0.06493,0.91071,46.69610,1.00000,0.33797,2
0.12303,0.02811,45.14153,0.00000,1.65880,1
0.05734,0.51732,45.02604,1.00000,1.55373,3
0.00011,1.00000,46.17980,1.00000,1.70528,0
0.07696,0.83636,45.09240,1.00000,1.38223,3
0.00124,0.63333,45.22731,1.00000,1.70927,1
0.10888,0.84348,50.42417,1.00000,0.63195,2
0.00008,1.00000,45.41847,1.00000,1.64053,0
0.07943,0.67552,51.40053,1.00000,0.66641,2
0.02582,0.03647,44.65821,0.00000,1.67531,1
0.09616,0.56308,44.59186,1.00000,0.59466,2
0.07972,0.54452,6.65593,1.00000,0.12433,4
0.00015,1.00000,45.07292,1.00000,1.77930,0
0.00006,1.00000,44.82456,1.00000,1.67778,0
0.05142,0.44061,45.41336,1.00000,1.69790,3
0.08930,0.49809,45.19104,1.00000,1.64073,3
0.25550,0.02608,45.48998,0.00000,1.65902,1
0.07445,0.88024,11.39741,1.00000,0.22348,4
0.08895,0.53333,43.99967,1.00000,0.48418,2
0.08306,0.78485,44.45688,1.00000,1.64122,3
0.09827,0.59813,45.58041,1.00000,1.65327,3
0.06820,0.83516,49.60230,1.00000,0.53860,2
0.05403,0.85385,14.74510,1.00000,0.18940,4
0.04558,0.97701,55.82504,1.00000,0.50724,2
0.00081,0.80645,45.09809,0.00000,1.66658,0
0.01082,0.10184,45.24227,1.00000,1.69980,1
0.07482,0.96129,10.82189,1.00000,0.19471,4
0.03999,0.08298,46.77508,1.00000,1.70006,1
0.08112,0.69688,51.48094,1.00000,0.62118,2
0.08537,0.58125,8.22538,1.00000,0.12829,4
0.08631,0.55357,8.97938,1.00000,0.17074,4
0.02997,0.88038,9.51856,1.00000,0.20160,4
0.09881,0.66957,9.03679,1.00000,0.17659,4
0.07364,0.93966,45.18095,1.00000,1.51192,3
0.07680,0.52222,42.30492,1.00000,0.46276,2
0.05755,0.72727,48.34791,1.00000,0.36406,2
0.10218,0.77820,45.82305,1.00000,1.59178,3
0.01461,0.10843,45.16901,1.00000,1.71447,1
0.07301,0.51765,9.97490,1.00000,0.17310,4
0.08728,0.65653,8.45898,1.00000,0.16714,4
0.01100,0.08378,45.27861,1.00000,1.70481,1
0.07815,0.49541,47.88400,1.00000,0.20991,2
0.06106,0.99153,54.16626,1.00000,0.47843,2
0.00434,0.28534,45.57057,1.00000,1.68888,1
0.00027,1.00000,44.99916,1.00000,1.70843,0
0.09764,0.92040,45.50918,1.00000,1.29297,3
0.08298,0.65395,8.12905,1.00000,0.16952,4
0.09474,0.82051,9.50943,1.00000,0.14508,4
0.07540,0.82160,11.06873,1.00000,0.20554,4
0.08486,0.52151,9.04997,1.00000,0.16929,4
0.09956,0.66437,45.52117,1.00000,1.42285,3
0.09013,0.54087,9.15715,1.00000,0.16670,4
0.07627,0.64417,9.42969,1.00000,0.18240,4
0.05176,0.98454,15.55122,1.00000,0.22168,4
0.08899,0.57627,9.67205,1.00000,0.16233,4
0.08984,0.66667,44.33395,1.00000,1.47530,3
0.02956,0.04723,45.14325,0.00000,1.66204,1
0.08157,0.45911,42.25918,1.00000,0.68010,2
0.00857,0.12431,45.68993,1.00000,1.72327,1
0.00011,1.00000,46.20530,1.00000,1.76442,0
0.09490,0.54502,45.27518,1.00000,0.56385,2
0.09850,0.62500,42.54761,1.00000,0.34385,2
0.08155,0.86603,8.49181,1.00000,0.14953,4
0.07671,0.52745,44.12944,1.00000,0.41817,2
0.00019,0.84906,46.60483,0.00000,1.63431,0
0.00094,0.83212,45.28464,0.00000,1.67090,0
0.08897,0.91304,45.52219,1.00000,1.32026,3
0.02977,1.00000,14.87790,1.00000,0.21473,4
0.11206,0.59864,8.44467,1.00000,0.12586,4
0.10937,0.77874,43.16039,1.00000,0.84022,2
0.06980,0.62921,11.00878,1.00000,0.16789,4
0.09953,0.69716,8.82761,1.00000,0.17652,4
0.00006,1.00000,45.72767,1.00000,1.76929,0
0.00018,0.87500,46.26684,0.00000,1.64364,0
0.00008,1.00000,45.40746,1.00000,1.66946,0
0.00005,1.00000,45.51530,1.00000,1.65380,0
0.06670,0.57623,9.10944,1.00000,0.13682,4
0.04702,0.95652,22.89389,1.00000,0.26289,4
0.00228,0.40944,46.69266,1.00000,1.72055,1
0.00711,0.17925,45.16685,0.00000,1.65449,1
0.00018,1.00000,44.40387,1.00000,1.65452,0
0.18202,0.07831,45.79393,1.00000,1.72383,1
0.10102,0.61580,44.38068,1.00000,1.36184,3
0.09304,0.72917,44.52245,1.00000,1.45983,3
0.08023,0.58352,43.70738,1.00000,1.65197,3
0.09278,0.81349,7.49352,1.00000,0.10978,4
0.02011,0.06374,45.54483,1.00000,1.70540,1
0.00014,1.00000,44.81802,1.00000,1.77832,0
0.09132,0.04703,45.19775,0.00000,1.63627,1
0.00014,1.00000,44.85992,1.00000,1.66658,0
0.09351,0.51899,46.27886,1.00000,1.65882,3
0.08919,0.61125,9.23562,1.00000,0.16853,4
0.07952,0.60513,9.61150,1.00000,0.16131,4
0.07606,0.68000,46.09203,1.00000,1.53980,3
0.00000,1.00000,45.29909,0.00000,0.01418,0
0.09395,0.46979,43.36148,1.00000,0.53847,2
0.00011,1.00000,45.18902,1.00000,1.72482,0
0.07936,0.71006,44.64392,1.00000,1.65211,3
0.09342,0.53978,49.62441,1.00000,0.28703,2
0.00030,1.00000,45.11843,1.00000,1.74567,0
0.08158,0.67500,7.74539,1.00000,0.14053,4
0.00905,0.15270,44.23859,1.00000,1.69780,1
0.02063,0.06231,44.18609,1.00000,1.68268,1
0.02691,0.05149,45.19812,0.00000,1.64710,1
0.09734,0.46893,44.02394,1.00000,0.61212,2
0.02425,0.34343,44.85649,1.00000,1.70305,1
0.00390,0.34936,45.70946,1.00000,1.68654,1
0.08453,0.49049,44.97215,1.00000,1.58234,3
0.01759,0.09483,45.80179,1.00000,1.69013,1
0.06671,0.80000,43.61756,1.00000,1.56383,3
0.08421,0.68077,11.67441,1.00000,0.23449,4
0.04504,0.10151,45.71888,1.00000,1.70314,1
0.08521,0.64524,44.37786,1.00000,1.63834,3
0.09757,0.66482,44.09069,1.00000,1.64609,3
0.00091,0.75481,45.46922,0.00000,1.65572,0
0.00004,1.00000,45.72352,1.00000,1.75991,0
0.05616,0.90256,51.29918,1.00000,0.68373,2
0.09227,0.46909,46.56917,1.00000,1.62721,3
0.11471,0.04397,45.95853,0.00000,1.65704,1
0.00083,1.00000,45.29654,1.00000,1.76571,0
0.07686,0.82372,45.05811,1.00000,1.06971,3
0.06110,0.91573,14.50586,1.00000,0.22413,4
0.08890,0.12458,45.53160,0.00000,1.62379,1
0.08368,0.94340,51.09987,1.00000,0.43347,2
0.08504,0.58424,50.41402,1.00000,0.47534,2
0.00002,1.00000,44.60946,1.00000,1.76627,0
0.07561,0.85656,46.21492,1.00000,1.50350,3
0.00027,0.90164,45.04624,0.00000,1.58968,0
0.01073,0.09442,45.62461,1.00000,1.67604,1
0.07223,0.73408,10.04075,1.00000,0.16561,4
0.09083,0.49173,8.16902,1.00000,0.16469,4
0.00001,1.00000,43.83441,1.00000,1.05936,0
0.07628,0.54472,44.53910,1.00000,1.57936,3
0.09956,0.61333,10.10488,1.00000,0.18755,4
0.00008,1.00000,45.48687,1.00000,1.75824,0
0.00096,1.00000,44.94099,1.00000,1.79357,0
0.09946,0.56995,7.63850,1.00000,0.19451,4
0.00014,1.00000,45.24022,1.00000,1.75474,0
0.00142,0.82635,45.08566,0.00000,1.63872,0
0.07761,0.52399,46.83538,1.00000,1.53652,3
0.00036,1.00000,45.82859,1.00000,1.78466,0
0.08180,0.47380,45.12001,1.00000,1.64115,3
0.00042,1.00000,44.75211,1.00000,1.59948,0
0.00023,1.00000,45.19918,1.00000,1.74662,0
0.08778,0.66667,45.14696,1.00000,1.53202,3
0.08879,0.58473,9.18407,1.00000,0.14556,4
0.09541,0.64433,8.25114,1.00000,0.15704,4
0.10834,0.43229,44.88041,1.00000,1.50738,3
0.05152,0.67036,44.79980,1.00000,1.49140,3
0.08450,0.50400,9.30403,1.00000,0.16603,4
0.07626,0.54213,7.05840,1.00000,0.13051,4
0.00007,0.89062,44.71861,0.00000,1.61763,0
0.07829,0.48632,50.15020,1.00000,0.62522,2
0.23898,0.01789,45.64583,0.00000,1.62515,1
0.00322,0.30601,44.84010,0.00000,1.64579,1
0.00066,0.78995,44.94290,0.00000,1.63635,0
0.00006,1.00000,44.92959,1.00000,1.59260,0
0.08146,0.66828,44.72759,1.00000,1.33520,3
0.09508,0.45624,45.35857,1.00000,1.63772,3
0.07889,0.88077,47.66740,1.00000,0.47691,2
0.10457,0.74455,9.34337,1.00000,0.16508,4
0.09788,0.54358,44.68844,1.00000,1.63750,3
0.00044,1.00000,44.92904,1.00000,1.73160,0
0.08377,0.84163,8.15868,1.00000,0.18707,4
0.00027,0.85075,46.11524,0.00000,1.66501,0
0.11342,0.58314,8.41297,1.00000,0.14798,4
0.10067,0.49491,44.96048,1.00000,0.59516,2
0.00036,0.79397,45.99436,0.00000,1.63026,0
0.07386,0.51190,45.10691,1.00000,1.62111,3
0.09616,0.53571,8.76819,1.00000,0.14779,4
0.00662,0.12182,45.69040,1.00000,1.69735,1
0.09730,0.90043,42.98341,1.00000,0.74435,2
0.02451,0.02918,45.51332,0.00000,1.66652,1
0.04155,0.93023,12.64438,1.00000,0.18347,4
0.00015,0.97143,44.90441,1.00000,1.76535,0
0.09286,0.89362,54.30082,1.00000,0.65332,2
0.06393,0.69628,48.16375,1.00000,0.65435,2
0.07966,0.64939,7.86182,1.00000,0.15377,4
0.07395,0.61731,7.27916,1.00000,0.14536,4
0.05994,0.80083,47.12553,1.00000,0.52839,2
0.08782,0.54103,10.26844,1.00000,0.20291,4
0.09409,0.50870,45.85497,1.00000,1.56000,3
0.04858,0.98039,50.40800,1.00000,0.41350,2
0.00012,1.00000,46.51116,1.00000,1.69348,0
0.08647,0.46824,46.30384,1.00000,1.53882,3
0.09077,0.83495,10.22130,1.00000,0.16984,4
0.00080,1.00000,45.79269,1.00000,1.71220,0
0.06931,0.53020,45.92934,1.00000,1.70412,3
0.00004,1.00000,45.70822,1.00000,1.69923,0
0.07776,0.88679,11.74487,1.00000,0.21265,4
0.08642,0.59701,7.50180,1.00000,0.15795,4
0.07880,0.52063,46.34715,1.00000,0.43175,2
0.09434,0.62814,9.03819,1.00000,0.17593,4
0.03439,0.98077,45.20980,1.00000,1.36597,3
0.09810,0.89617,11.30522,1.00000,0.16309,4
0.07987,0.59910,45.65468,1.00000,1.61333,3
0.07518,0.93567,45.04862,1.00000,1.38836,3
0.06623,0.55013,44.80131,1.00000,1.64272,3
0.00015,1.00000,44.23958,1.00000,1.78674,0
0.05058,0.85169,10.36064,1.00000,0.19084,4
0.08967,0.76022,44.11104,1.00000,0.61309,2
0.09487,0.60648,7.88780,1.00000,0.14029,4
0.09071,0.48859,50.09872,1.00000,0.40387,2
0.03460,0.07158,44.44131,1.00000,1.69802,1
0.08803,0.76174,43.32989,1.00000,0.81336,2
0.05840,0.97561,15.22448,1.00000,0.19474,4
0.09094,0.55204,45.43570,1.00000,1.50328,3
0.00012,0.85185,44.97298,0.00000,1.68139,0
0.10043,0.67910,10.56695,1.00000,0.20565,4
0.09015,0.71473,44.44609,1.00000,0.67791,2
0.00487,0.16032,45.16368,1.00000,1.71386,1
0.00124,1.00000,44.88784,1.00000,1.65579,0
0.01195,0.33757,44.88284,1.00000,1.72142,1
0.02544,0.09150,45.08535,0.00000,1.64255,1
0.07816,0.51351,46.68867,1.00000,1.62306,3
0.09445,0.46217,44.03350,1.00000,1.64010,3
0.00003,1.00000,45.89852,1.00000,1.44488,0
0.00025,1.00000,44.66077,1.00000,1.67162,0
0.00043,0.97596,45.72713,1.00000,1.70456,1
0.00011,0.88608,45.45155,0.00000,1.64088,0
0.03163,0.11623,45.45602,1.00000,1.68796,1
0.04705,0.98473,50.28538,1.00000,0.73138,2
0.02491,0.02298,44.93509,0.00000,1.64961,1
0.01074,0.08431,45.90778,1.00000,1.70101,1
0.09772,0.56532,40.19021,1.00000,0.51571,2
0.09466,0.61220,8.70917,1.00000,0.18540,4
0.00080,1.00000,46.40951,1.00000,1.71186,0
0.00535,1.00000,11.59894,1.00000,0.16717,4
0.09865,0.60804,8.92503,1.00000,0.15932,4
0.00466,0.27309,46.34064,0.00000,1.66373,1
0.10124,0.51969,43.66820,1.00000,1.49973,3
0.02534,0.04928,45.17090,1.00000,1.68745,1
0.06267,0.78509,45.90455,1.00000,1.49815,3
0.00016,1.00000,45.36838,1.00000,1.66643,0
0.08675,0.83621,44.21203,1.00000,0.80352,2
0.05850,0.03337,45.48615,0.00000,1.67451,1
0.00396,0.28892,44.62614,1.00000,1.69137,1
0.01226,0.10195,44.71313,0.00000,1.68397,1
0.08078,0.57182,8.59235,1.00000,0.17126,4
0.00006,1.00000,45.50379,1.00000,1.53844,0
0.06537,0.52941,12.06681,1.00000,0.18792,4
0.00002,1.00000,44.74092,1.00000,1.79702,0
0.07970,0.69481,45.60406,1.00000,1.61127,3
0.03204,0.03546,45.90553,0.00000,1.67615,1
0.06656,0.94615,44.67319,1.00000,0.66536,2
0.10213,0.42403,44.95010,1.00000,1.62725,3
0.08949,0.41901,47.98258,1.00000,0.35862,2
0.09093,0.63145,10.05502,1.00000,0.16405,4
0.00007,1.00000,45.18197,1.00000,1.74838,0
0.08051,0.56965,49.51181,1.00000,0.43717,2
0.09832,0.40992,45.49200,1.00000,1.71110,3
0.04923,0.05919,45.18302,1.00000,1.70130,1
0.01970,0.05797,44.67639,1.00000,1.71565,1
0.06815,0.58936,52.53134,1.00000,0.29025,2
0.08240,0.54860,46.87232,1.00000,0.64865,2
0.02395,0.03021,45.62082,0.00000,1.63765,1
0.06959,0.66253,51.05994,1.00000,0.72753,2
0.10042,0.85973,46.71576,1.00000,0.56308,2
0.08193,0.50000,46.71508,1.00000,0.48580,2
0.07027,0.90452,8.55450,1.00000,0.15884,4
0.07713,0.50240,45.40489,1.00000,1.62364,3
0.07958,0.61640,8.29344,1.00000,0.20438,4
0.07154,0.63194,45.07854,1.00000,1.49070,3
0.00011,1.00000,46.08386,1.00000,1.65845,0
0.10317,0.82081,50.77641,1.00000,0.73493,2
0.05887,0.86638,45.09551,1.00000,1.15779,3
0.05881,0.59335,48.13219,1.00000,0.72159,2
0.07437,0.50605,46.56805,1.00000,1.64260,3
0.14589,0.11014,44.95540,1.00000,1.70972,1
0.00008,0.95833,44.64951,1.00000,1.79802,0
0.03131,0.02708,44.67925,0.00000,1.64064,1
0.07507,0.55556,45.55674,1.00000,1.64124,3
0.09223,0.58987,45.01229,1.00000,0.68172,2
0.00002,1.00000,45.26263,1.00000,1.56787,0
0.00001,1.00000,44.98799,1.00000,0.70248,0
0.01899,1.00000,53.21820,1.00000,0.47542,2
0.08301,0.50376,7.96939,1.00000,0.15535,4
0.08916,0.48204,47.78704,1.00000,0.75557,2
0.00160,0.50000,46.19813,1.00000,1.69091,1
0.08595,0.49126,43.62438,1.00000,0.45843,2
0.53563,0.02708,45.60085,0.00000,1.67579,1
0.02879,0.05925,44.62065,0.00000,1.66708,1
0.07502,0.45878,43.44746,1.00000,0.68125,2
0.10282,0.44563,45.47219,1.00000,1.58543,3
0.00004,1.00000,46.21716,1.00000,1.78750,0
0.00007,1.00000,44.75028,1.00000,1.79344,0
0.00023,0.82759,44.78615,0.00000,1.65852,0
0.00255,0.29813,45.07633,1.00000,1.70733,1
0.07490,0.62599,6.96179,1.00000,0.14999,4
0.09558,0.68895,7.33261,1.00000,0.11893,4
0.00001,1.00000,45.20343,1.00000,1.35281,0
0.09741,0.49595,44.74014,1.00000,0.62394,2
0.09339,0.58531,46.33574,1.00000,0.42001,2
0.08893,0.59865,49.75121,1.00000,0.54096,2
0.00023,0.81818,45.07192,0.00000,1.66750,0
0.00012,1.00000,44.76124,1.00000,1.70519,0
0.10941,0.96032,47.52885,1.00000,0.80663,2
0.07147,0.91096,11.68269,1.00000,0.29148,4
0.08821,0.47575,50.53067,1.00000,0.31314,2
0.08104,0.60345,45.92685,1.00000,0.58076,2
0.09089,0.70710,8.40170,1.00000,0.16691,4
0.02529,0.90411,10.76628,1.00000,0.20066,4
0.08671,0.62295,45.75150,1.00000,1.59748,3
0.04622,0.07595,44.67953,1.00000,1.71333,1
0.06585,0.74419,9.26531,1.00000,0.17639,4
0.09770,0.66144,10.03865,1.00000,0.16455,4
0.00004,1.00000,45.56594,1.00000,1.77127,0
0.07506,0.91189,45.37276,1.00000,1.31629,3
0.08583,0.83628,49.90627,1.00000,0.67638,2
0.00575,0.17681,44.39936,1.00000,1.69271,1
0.05506,0.55319,45.28479,1.00000,0.53375,2
0.06973,0.82958,51.19121,1.00000,0.83093,2
0.06867,0.89700,45.80709,1.00000,1.32755,3
0.07538,0.64789,44.99825,1.00000,1.56343,3
0.08489,0.40933,44.71881,1.00000,1.61393,3
0.09832,0.65889,42.57357,1.00000,0.59234,2
0.06181,0.44359,45.41902,1.00000,1.67903,3
0.08761,0.84091,47.78043,1.00000,0.80867,2
0.00002,1.00000,44.49914,1.00000,1.80698,0
0.06846,0.51613,11.10765,1.00000,0.16344,4
0.08591,0.60233,9.58776,1.00000,0.17804,4
0.00843,0.09462,44.23505,1.00000,1.70753,1
0.10735,0.82258,8.69942,1.00000,0.16011,4
0.09569,0.54654,10.00619,1.00000,0.15690,4
0.09226,0.48375,44.28791,1.00000,1.61997,3
0.01268,0.06341,44.52333,1.00000,1.71085,1
0.04926,0.95455,10.81489,1.00000,0.16080,4
0.02265,0.06348,43.90659,1.00000,1.70877,1
0.05627,0.09667,45.41850,1.00000,1.70961,1
0.09056,0.45931,45.71098,1.00000,1.57993,3
0.00098,1.00000,44.97105,1.00000,1.63307,0
0.00003,1.00000,45.99569,1.00000,1.44776,0
0.08496,0.82051,44.45068,1.00000,1.52419,3
0.00473,0.29223,44.64491,1.00000,1.69977,1
0.10969,0.58432,9.19374,1.00000,0.15116,4
0.10116,0.41525,44.56632,1.00000,1.59058,3
0.00008,1.00000,45.70683,1.00000,1.61783,0
0.09604,0.75564,8.36267,1.00000,0.14908,4
0.09748,0.55581,42.89946,1.00000,0.66300,2
0.09218,0.41157,45.26132,1.00000,1.74715,3
0.01835,0.07725,44.10254,0.00000,1.63727,1
0.08122,0.70068,49.94971,1.00000,0.49199,2
0.00001,0.85714,46.57879,0.00000,1.32029,0
0.00595,0.13193,45.39178,1.00000,1.69875,1
0.04793,0.05372,44.96228,0.00000,1.64012,1
0.06260,0.76331,9.08635,1.00000,0.14705,4
0.00018,1.00000,45.21141,1.00000,1.65826,0
0.00022,0.86813,46.15767,0.00000,1.62020,0
0.08837,0.69231,9.96424,1.00000,0.16489,4
0.08347,0.91429,45.15409,1.00000,1.13320,3
0.02874,1.00000,50.45570,1.00000,0.73466,2
0.00323,0.21446,45.34718,1.00000,1.69669,1
0.05026,0.95833,46.27331,1.00000,1.35861,3
0.09692,0.47305,44.23971,1.00000,1.48553,3
0.00021,0.84483,45.07665,0.00000,1.64906,0
0.08082,0.59382,46.45116,1.00000,1.65015,3
0.08190,0.60827,45.73809,1.00000,1.54625,3
0.00020,1.00000,45.21011,1.00000,1.74807,0
0.00023,1.00000,46.00085,1.00000,1.67536,0
0.08823,0.46894,51.39064,1.00000,0.44937,2
0.08127,0.45618,44.32771,1.00000,1.57173,3
0.07642,0.68750,48.30864,1.00000,0.53602,2
0.00003,1.00000,45.15726,1.00000,1.54048,0
0.00008,1.00000,46.00683,1.00000,1.68675,0
0.10329,0.63912,43.26709,1.00000,0.59746,2
0.07290,0.77016,49.65552,1.00000,0.36478,2
0.20847,0.04069,45.60147,0.00000,1.65826,1
0.07140,0.99020,12.97388,1.00000,0.29092,4
0.00012,1.00000,45.23508,1.00000,1.74782,0
0.07172,0.64908,49.56117,1.00000,0.72252,2
0.03644,0.82264,10.23123,1.00000,0.17973,4
0.09015,0.64045,44.85701,1.00000,0.48569,2
0.00001,1.00000,45.08694,1.00000,1.70259,0
0.00026,0.98305,44.53700,1.00000,1.77058,0
0.00015,1.00000,45.95679,1.00000,1.76358,0
0.08400,0.98319,52.65119,1.00000,0.71877,2
0.00029,0.77124,44.52109,0.00000,1.62429,0
0.00001,1.00000,45.13781,1.00000,1.69878,0
0.00031,0.80392,44.33195,0.00000,1.62547,0
0.04822,0.77044,47.15855,1.00000,1.59307,3
0.33438,0.03330,45.65119,0.00000,1.65428,1
0.07468,0.43774,44.94509,1.00000,1.65836,3
0.07835,0.69876,51.12222,1.00000,0.88445,2
0.00003,1.00000,44.62658,1.00000,1.61073,0
0.00022,0.97674,46.56603,1.00000,1.71171,0
0.09425,0.43924,51.19537,1.00000,0.53644,2
0.06920,0.91500,45.65200,1.00000,1.74730,3
0.05719,0.72941,9.62078,1.00000,0.19957,4
0.09355,0.59937,9.28771,1.00000,0.20580,4
0.00617,0.25893,46.06280,1.00000,1.70605,1
0.08952,0.47389,45.22237,1.00000,1.63276,3
0.00013,1.00000,44.36102,1.00000,1.65154,0
0.06538,0.62850,45.81395,1.00000,1.50804,3
0.00015,1.00000,45.81849,1.00000,1.70670,0
0.07717,0.97701,45.71139,1.00000,1.30789,3
0.02001,0.15639,43.86018,1.00000,1.70681,1
0.00013,1.00000,45.72509,1.00000,1.72287,0
0.00109,0.83673,45.07877,0.00000,1.64591,0
0.08431,0.60393,9.81279,1.00000,0.18581,4
0.07822,0.91908,44.11353,1.00000,1.34068,3
0.06498,0.49038,48.13188,1.00000,0.65545,2
0.03158,0.06237,44.79440,1.00000,1.71415,1
0.00630,0.24497,43.82656,1.00000,1.70602,1
0.08384,0.75540,49.68316,1.00000,0.50542,2
0.01660,0.04597,44.85854,0.00000,1.63488,1
0.10750,0.77542,9.49066,1.00000,0.17289,4
0.07700,0.70807,9.25838,1.00000,0.16750,4
0.10401,0.77953,7.94420,1.00000,0.14149,4
0.00011,1.00000,45.58027,1.00000,1.72392,0
0.08223,0.58396,44.40600,1.00000,1.56056,3
0.09806,0.66308,8.19398,1.00000,0.16869,4
0.10847,0.52516,44.62731,1.00000,1.53182,3
0.00008,0.86250,46.29254,0.00000,1.65019,0
0.03483,1.00000,17.33930,1.00000,0.27415,4
0.07530,0.54983,7.68451,1.00000,0.15636,4
0.01095,0.10629,46.19643,0.00000,1.66311,1
0.00114,0.83193,44.92855,0.00000,1.67000,0
0.02555,0.10206,45.97703,1.00000,1.70898,1
0.00004,1.00000,45.01232,1.00000,1.73679,0
0.09680,0.51092,48.75193,1.00000,0.66866,2
0.06564,0.78491,47.43805,1.00000,0.63302,2
0.00004,1.00000,45.89515,1.00000,1.53120,0
0.11352,0.59353,46.76672,1.00000,0.86908,2
0.09600,0.58314,44.34345,1.00000,1.51694,3
0.08377,0.76610,47.51238,1.00000,0.72875,2
0.10130,0.74777,45.55075,1.00000,1.29057,3
0.00011,1.00000,45.37755,1.00000,1.53334,0
0.00001,1.00000,45.12899,1.00000,1.24114,0
0.08216,0.56948,45.83018,1.00000,1.63734,3
0.00029,1.00000,45.88774,1.00000,1.79748,0
0.09478,0.54750,45.34280,1.00000,1.46574,3
0.00006,1.00000,45.78598,1.00000,1.65503,0
0.09974,0.50099,46.07651,1.00000,1.57911,3
0.00003,1.00000,44.95630,1.00000,1.48470,0
0.00004,1.00000,45.63710,1.00000,1.77969,0
0.00047,0.89320,44.53377,0.00000,1.68212,0
0.07920,0.07587,44.53564,1.00000,1.71177,1
0.00017,0.89320,45.73999,0.00000,1.67105,0
0.08410,0.74643,50.40051,1.00000,0.42455,2
0.07142,0.64096,7.87592,1.00000,0.15477,4
0.05235,0.82353,45.18355,1.00000,1.60580,3
0.06426,0.61312,45.58845,1.00000,0.70833,2
0.08051,0.64721,9.23571,1.00000,0.16239,4
0.06033,1.00000,13.45834,1.00000,0.16435,4
0.06954,0.68531,8.77053,1.00000,0.13247,4
0.05025,0.60614,10.28701,1.00000,0.16084,4
0.07785,0.81250,45.54204,1.00000,1.53651,3
0.00037,0.80645,45.39512,0.00000,1.66980,0
0.01453,0.05361,45.51909,1.00000,1.69860,1
0.06965,0.65535,11.23924,1.00000,0.18866,4
0.00007,1.00000,44.95829,1.00000,1.72736,0
0.00409,0.25684,45.38534,1.00000,1.71366,1
0.07698,0.72819,46.03595,1.00000,0.79102,2
0.08494,0.42399,46.87130,1.00000,0.61709,2
0.01645,0.08529,44.55249,1.00000,1.72809,1
0.08537,0.54279,46.99345,1.00000,1.66974,3
0.08382,0.53797,50.87926,1.00000,0.62025,2
0.04426,0.68245,46.31572,1.00000,1.62523,3
0.01021,0.98182,12.46225,1.00000,0.15725,4
0.06186,0.56750,8.84623,1.00000,0.14502,4
0.01329,0.10087,44.17408,1.00000,1.68232,1
0.08139,0.58252,8.19668,1.00000,0.16738,4
0.03654,0.05487,45.16136,1.00000,1.71457,1
0.04874,0.06133,45.62657,0.00000,1.65994,1
0.10127,0.52956,7.48250,1.00000,0.16029,4
0.09814,0.56802,7.99022,1.00000,0.14820,4
0.06140,0.85027,8.58633,1.00000,0.16671,4
0.07664,0.76786,46.96282,1.00000,0.72017,2
0.00012,1.00000,44.79751,1.00000,1.74145,0
0.00123,0.85220,45.05682,1.00000,1.71000,1
0.01424,0.09032,45.06083,0.00000,1.66411,1
0.08575,0.43426,44.92337,1.00000,1.61111,3
0.01348,0.09473,45.35137,1.00000,1.69423,1
0.00070,0.84536,45.78119,0.00000,1.63292,0
0.08912,0.58809,44.81155,1.00000,1.68135,3
0.06009,1.00000,8.51939,1.00000,0.12579,4
0.09390,0.55270,45.68474,1.00000,1.49375,3
0.00006,1.00000,44.46604,1.00000,1.57763,0
0.00037,0.92593,44.87124,0.00000,1.66112,0
0.09446,0.58291,10.18391,1.00000,0.20244,4
0.04807,0.62295,11.15784,1.00000,0.20976,4
0.07483,0.82879,8.75168,1.00000,0.16168,4
0.06995,0.88182,45.82362,1.00000,1.59885,3
0.00402,0.19290,44.40793,1.00000,1.70805,1
0.05714,0.79825,44.67607,1.00000,1.57210,3
0.00013,1.00000,44.60189,1.00000,1.58709,0
0.02120,0.05031,43.75426,0.00000,1.65837,1
0.00058,0.86301,45.88879,1.00000,1.65365,1
0.00007,1.00000,46.41965,1.00000,1.62659,0
0.06294,0.80836,47.92095,1.00000,0.55644,2
0.09887,0.53580,7.99858,1.00000,0.14945,4
0.00013,1.00000,44.99951,1.00000,1.62062,0
0.09694,0.83784,45.27642,1.00000,1.66947,3
0.05652,0.92056,42.74882,1.00000,0.19776,2
0.00015,1.00000,45.46086,1.00000,1.75693,0
0.06699,0.71530,10.16747,1.00000,0.18354,4
0.05518,1.00000,14.97632,1.00000,0.19584,4
0.00026,0.77612,45.17668,0.00000,1.63647,0
0.00013,1.00000,44.66649,1.00000,1.75888,0
0.07576,0.64024,8.30196,1.00000,0.13839,4
0.04498,0.94286,11.79140,1.00000,0.30156,4
0.06767,0.51196,10.28751,1.00000,0.14277,4
0.05931,1.00000,8.49482,1.00000,0.12967,4
0.00045,0.94628,45.25898,1.00000,1.72912,1
0.08116,0.53524,45.82475,1.00000,0.36229,2
0.01124,0.07135,44.63415,0.00000,1.66869,1
0.00441,0.23449,45.22166,1.00000,1.71029,1
0.07251,0.76344,44.65944,1.00000,0.54711,2
0.07780,0.97321,51.44487,1.00000,0.73727,2
0.05633,0.63814,44.31212,1.00000,1.49938,3
0.08217,0.38435,43.03453,1.00000,0.50426,2
0.01247,0.09924,45.16488,0.00000,1.67922,1
0.03456,0.06785,44.76581,1.00000,1.68864,1
0.01630,0.09110,46.52545,1.00000,1.69116,1
0.08731,0.58396,8.59717,1.00000,0.15630,4
0.00013,1.00000,45.80546,1.00000,1.73036,0
0.07049,0.52575,45.08079,1.00000,1.68485,3
0.06838,0.69760,13.17339,1.00000,0.21770,4
0.09428,0.63823,8.68533,1.00000,0.15790,4
0.00000,0.80000,44.06181,0.00000,0.94130,0
0.06944,0.53360,51.53862,1.00000,0.51091,2
0.02428,1.00000,57.92915,1.00000,0.43187,2
0.04163,0.83898,44.83768,1.00000,1.65012,3
0.00134,0.82840,45.15663,0.00000,1.62663,0
0.00626,0.26933,45.26543,1.00000,1.66739,1
0.08015,0.47629,45.23265,1.00000,1.59295,3
0.08438,0.43714,45.40086,1.00000,0.43738,2
0.07221,0.05579,45.38645,1.00000,1.69472,1
0.00006,0.86000,43.98046,0.00000,1.62515,0
0.00004,1.00000,45.25370,1.00000,1.74721,0
0.00059,1.00000,45.32020,1.00000,1.77391,0
0.07896,0.50491,49.62505,1.00000,0.67775,2
0.05010,0.48792,10.72964,0.00000,0.13779,4
0.08901,0.57054,42.19608,1.00000,0.82660,2
0.08405,0.66366,8.32611,1.00000,0.17073,4
0.00021,1.00000,44.44026,1.00000,1.77571,0
0.08203,0.66391,50.12955,1.00000,0.50695,2
0.03971,0.07256,46.31377,1.00000,1.66430,1
0.07903,0.55860,9.65409,1.00000,0.18492,4
0.00011,1.00000,45.96644,1.00000,1.61098,0
0.08675,0.65561,41.62653,1.00000,0.32746,2
0.00008,1.00000,44.99158,1.00000,1.70052,0
0.09010,0.49395,44.99778,1.00000,1.59243,3
0.03507,0.98795,59.62768,1.00000,0.36718,2
0.04590,0.42007,45.94226,1.00000,1.69474,3
0.00038,1.00000,46.70356,1.00000,1.66636,0
0.01278,0.06017,44.47121,0.00000,1.66134,1
0.08801,0.57373,10.02795,1.00000,0.17141,4
0.04455,0.04392,45.99332,0.00000,1.62300,1
0.01203,0.07196,44.22352,0.00000,1.65930,1
0.00004,1.00000,44.57742,1.00000,1.63971,0
0.09390,0.53333,9.48034,1.00000,0.16557,4
0.01699,0.14726,45.68132,0.00000,1.65240,1
0.06203,0.49290,45.62002,1.00000,1.67357,3
0.09512,0.48936,45.60807,1.00000,1.58091,3
0.09849,0.41237,47.60594,1.00000,0.61468,2
0.07210,0.51020,43.91419,1.00000,0.43818,2
0.00000,1.00000,44.76907,1.00000,0.27154,0
0.08135,0.96591,45.51302,1.00000,1.36300,3
0.09347,0.53976,7.48797,1.00000,0.15149,4
0.08127,0.52575,49.49155,1.00000,0.48323,2
0.00898,0.08906,44.72770,1.00000,1.70206,1
0.08675,0.88095,49.50554,1.00000,0.65409,2
0.00389,0.26829,45.49960,1.00000,1.69742,1
0.00031,0.85385,45.39687,0.00000,1.63188,0
0.10268,0.60566,8.16616,1.00000,0.15354,4
0.00006,0.89655,45.12948,0.00000,1.59481,0
0.00076,0.82090,45.90517,0.00000,1.63308,0
0.08157,0.63158,10.83802,1.00000,0.18137,4
0.07541,0.69659,9.67552,1.00000,0.19131,4
0.00311,0.64819,45.35655,1.00000,1.70094,1
0.05226,0.99115,10.41239,1.00000,0.12139,4
0.06134,0.03128,46.20294,0.00000,1.66177,1
0.05759,0.62138,44.99127,1.00000,0.51238,2
0.01851,0.05258,46.08111,1.00000,1.69773,1
0.08873,0.47106,41.63111,1.00000,0.51852,2
0.01001,0.07945,45.49458,0.00000,1.66062,1
0.05369,0.61735,8.06593,1.00000,0.15556,4
0.09383,0.45113,44.25025,1.00000,1.57026,3
0.09114,0.63850,38.03387,1.00000,0.30691,2
0.00853,0.09560,44.98431,1.00000,1.70703,1
0.09259,0.61062,45.15313,1.00000,1.64269,3
0.01602,0.07831,44.55242,1.00000,1.70815,1
0.08621,0.85915,9.00237,1.00000,0.15479,4
0.09031,0.61688,7.06934,1.00000,0.15208,4
0.07509,0.60882,43.80090,1.00000,0.18651,2
0.06823,0.94118,48.97028,1.00000,0.68845,2
0.08451,0.40455,45.94281,1.00000,0.67778,2
0.05121,0.10796,44.49650,0.00000,1.64704,1
0.00013,1.00000,44.27877,1.00000,1.66345,0
0.01022,0.68056,46.11394,1.00000,1.70856,1
0.08771,0.62952,9.40430,1.00000,0.16632,4
0.00529,0.57269,44.86717,0.00000,1.64431,1
0.07993,0.68843,8.95218,1.00000,0.16998,4
0.06992,0.14253,45.48975,1.00000,1.70404,1
0.06312,0.87149,46.47456,1.00000,1.57843,3
0.10899,0.45269,46.90565,1.00000,0.54285,2
0.06457,0.97638,45.85146,1.00000,1.36854,3
0.23726,0.08413,45.43139,1.00000,1.70731,1
0.08329,0.46026,45.70359,1.00000,1.70095,3
0.07237,0.59854,47.23487,1.00000,1.56520,3
0.06627,0.57447,10.18550,1.00000,0.19797,4
0.00008,1.00000,44.61230,1.00000,1.68960,0
0.03901,0.02094,45.16581,0.00000,1.65656,1
0.09745,0.44961,44.54286,1.00000,1.60118,3
0.02597,0.05470,44.82950,1.00000,1.69249,1
0.07674,0.07353,45.14913,1.00000,1.70417,1
0.07968,0.62032,44.55338,1.00000,0.76311,2
0.07009,0.54042,7.49104,1.00000,0.12703,4
0.02110,0.05160,44.46035,0.00000,1.63320,1
0.03857,0.05366,46.19213,1.00000,1.72458,1
0.05629,0.67206,46.40445,1.00000,0.82826,2
0.00171,0.55750,46.48160,0.00000,1.63933,1
0.08411,0.44853,45.53273,1.00000,1.61913,3
0.08753,0.69189,45.26410,1.00000,1.71718,3
0.07972,0.49583,8.53763,1.00000,0.14320,4
0.09384,0.39806,43.60080,1.00000,0.45700,2
0.08807,0.45312,44.64376,1.00000,1.61991,3
0.04950,0.62245,8.11503,1.00000,0.16340,4
0.11297,0.59184,44.36949,1.00000,0.79456,2
0.05747,1.00000,52.98693,1.00000,0.82195,2
0.00005,1.00000,45.12141,1.00000,1.74127,0
0.09669,0.77326,45.56401,1.00000,1.60422,3
0.09151,0.82879,10.40157,1.00000,0.24235,4
0.09654,0.50192,46.34335,1.00000,1.61401,3
0.00034,0.82632,45.12390,0.00000,1.66703,0
0.10172,0.51402,45.11506,1.00000,1.42663,3
0.00009,1.00000,46.38615,1.00000,1.67786,0
0.02088,0.05797,45.51187,1.00000,1.73130,1
0.08773,0.53500,8.67583,1.00000,0.15385,4
0.00085,1.00000,46.33309,1.00000,1.54781,0
0.02168,0.99200,58.04596,1.00000,0.27712,2
0.07800,0.46805,44.92399,1.00000,1.60642,3
0.09242,0.63272,8.50182,1.00000,0.13430,4
0.07020,0.55809,43.64256,1.00000,0.55452,2
0.00003,1.00000,44.27530,1.00000,1.70511,0
0.00092,0.72685,45.02556,0.00000,1.62557,0
0.07859,0.51620,9.87671,1.00000,0.18604,4
0.05480,0.53596,46.64879,1.00000,0.62986,2
0.00057,1.00000,46.07600,1.00000,1.68495,0
0.10515,0.79091,9.98747,1.00000,0.20054,4
0.00791,0.11306,44.75606,1.00000,1.69065,1
0.00014,1.00000,46.21715,1.00000,1.64384,0
0.10376,0.78906,8.05054,1.00000,0.13227,4
0.00254,0.43721,45.02315,1.00000,1.71316,1
0.08704,0.44483,44.97439,1.00000,1.55091,3
0.08144,0.74915,44.69635,1.00000,1.55368,3
0.09102,0.54887,8.96397,1.00000,0.16703,4
0.17706,0.05361,45.51637,0.00000,1.56992,1
0.01500,0.06341,45.15113,0.00000,1.66218,1
0.07127,0.46369,46.54362,1.00000,0.62260,2
0.06578,0.63143,44.05238,1.00000,0.24512,2
0.07661,0.57960,9.12972,1.00000,0.15907,4
0.09600,0.61605,9.71743,1.00000,0.16128,4
0.05083,0.11855,45.98309,0.00000,1.62686,1
0.01265,0.07806,44.16359,1.00000,1.70574,1
0.00176,0.50167,45.27875,1.00000,1.69819,1
0.07337,0.56311,46.72448,1.00000,1.61732,3
0.06112,0.98246,55.42494,1.00000,0.43942,2
0.03033,0.07016,46.27798,1.00000,1.69562,1
0.01108,0.07920,45.13422,1.00000,1.70351,1
0.00011,1.00000,45.46064,1.00000,1.80878,0
0.02325,0.05791,44.99581,1.00000,1.70951,1
0.08678,0.49245,48.27843,1.00000,0.60718,2
0.09941,0.47890,44.97321,1.00000,0.77078,2
0.11437,0.57654,44.94123,1.00000,1.43191,3
0.10042,0.88384,44.43231,1.00000,0.66151,2
0.08663,0.53761,44.02213,1.00000,0.42850,2
0.00007,1.00000,45.33477,1.00000,1.57712,0
0.09028,0.74434,50.94955,1.00000,0.40607,2
0.00476,0.28834,45.39963,1.00000,1.70162,1
0.00063,0.84127,44.89036,0.00000,1.66339,0
0.00008,1.00000,45.10528,1.00000,1.62887,0
0.08846,0.65729,44.54687,1.00000,1.24249,3
0.02583,0.98571,13.40140,1.00000,0.17536,4
0.03892,0.05242,45.93246,1.00000,1.70194,1
0.00007,1.00000,45.99461,1.00000,1.73752,0
0.00059,0.82143,46.29011,0.00000,1.65404,0
0.02419,0.91549,48.89708,1.00000,0.64067,2
0.07053,0.70000,51.10329,1.00000,0.19853,2
0.09596,0.81279,44.81004,1.00000,1.50856,3
0.08832,0.47493,8.55113,1.00000,0.15534,4
0.00164,0.48793,45.89309,1.00000,1.71392,1
0.00926,0.10543,44.37537,1.00000,1.71165,1
0.00011,0.98113,45.58314,1.00000,1.69962,0
0.09347,0.64238,8.69565,1.00000,0.17523,4
0.10178,0.85116,41.45540,1.00000,0.64317,2
0.08297,0.44220,43.94831,1.00000,1.69059,3
0.00009,1.00000,45.95569,1.00000,1.70141,0
0.00090,0.73165,46.19145,1.00000,1.70849,1
0.14408,0.11026,46.12187,1.00000,1.70295,1
0.04703,0.62555,44.05854,1.00000,1.64231,3
0.02303,1.00000,21.81461,1.00000,0.28992,4
0.00000,1.00000,45.74895,0.00000,0.10339,0
0.08906,0.65252,38.37042,1.00000,0.33644,2
0.07254,0.72930,10.56788,1.00000,0.20150,4
0.08994,0.77091,9.75717,1.00000,0.16508,4
0.00004,1.00000,46.10682,1.00000,1.67601,0
0.00006,1.00000,45.16668,1.00000,1.64648,0
0.00425,0.24280,45.60303,1.00000,1.72694,1
0.00005,1.00000,45.23635,1.00000,1.79353,0
0.09533,0.55967,44.97659,1.00000,1.59852,3
0.09775,0.81991,44.48268,1.00000,1.59534,3
0.10404,0.92473,48.81195,1.00000,0.83533,2
0.05343,0.78298,49.82960,1.00000,0.74696,2
0.18559,0.04069,45.00032,0.00000,1.68398,1
0.08065,0.57644,45.87741,1.00000,1.58192,3
0.05824,0.43568,46.34285,1.00000,1.59005,3
0.00033,1.00000,43.82265,1.00000,1.77093,0
0.07828,0.67801,7.82619,1.00000,0.14335,4
0.00005,1.00000,44.73400,1.00000,1.58494,0
0.00767,0.28930,45.65541,1.00000,1.71521,1
0.08660,0.63545,9.46106,1.00000,0.16201,4
0.09481,0.65583,45.64058,1.00000,1.63672,3
0.07493,0.49102,45.30385,1.00000,1.62653,3
0.00004,1.00000,44.46316,1.00000,1.78800,0
0.02007,0.05252,46.48747,1.00000,1.69995,1
0.06792,0.73228,10.47533,1.00000,0.23084,4
0.07961,0.48805,45.45744,1.00000,1.43292,3
0.08463,0.67881,46.94821,1.00000,0.40997,2
0.02566,0.05258,44.43939,1.00000,1.70111,1
0.08673,0.61308,8.96021,1.00000,0.13842,4
0.07692,0.53360,46.51366,1.00000,0.44325,2
0.06936,0.52742,8.94689,1.00000,0.14881,4
0.00013,1.00000,44.64840,1.00000,1.70477,0
0.00005,1.00000,45.10710,1.00000,1.74272,0
0.01079,0.11062,44.77445,1.00000,1.73499,1
0.05913,0.58191,45.59517,1.00000,1.60252,3
0.08199,0.47015,43.83257,1.00000,1.63493,3
0.05732,0.95775,11.58922,1.00000,0.23394,4
0.00001,1.00000,45.13034,1.00000,1.54335,0
0.08723,0.44322,45.16683,1.00000,1.68986,3
0.08142,0.43729,45.71585,1.00000,1.66380,3
0.04823,0.94681,44.61026,1.00000,1.32093,3
0.08699,0.56306,47.54178,1.00000,0.57740,2
0.10569,0.55838,45.86923,1.00000,0.79039,2
0.00099,0.78698,46.17397,0.00000,1.66953,0
0.08805,0.68750,7.47567,1.00000,0.15271,4
0.02452,0.02711,46.13245,0.00000,1.62009,1
0.01406,0.06590,44.74123,1.00000,1.71446,1
0.02263,0.05567,44.12738,1.00000,1.70817,1
0.00011,1.00000,45.59271,1.00000,1.72138,0
0.08999,0.75172,11.62250,1.00000,0.21338,4
0.04159,0.96629,9.05727,1.00000,0.08738,4
0.09029,0.54156,7.70991,1.00000,0.15826,4
0.07879,0.47660,44.55729,1.00000,0.25427,2
0.00003,1.00000,44.39319,1.00000,1.38901,0
0.18742,0.05584,45.10360,0.00000,1.63697,1
0.07502,0.52332,8.05603,1.00000,0.15589,4
0.09727,0.59783,7.38476,1.00000,0.15191,4
0.00013,1.00000,46.35084,1.00000,1.76082,0
0.01476,0.08085,45.48138,0.00000,1.65768,1
0.00632,1.00000,55.59916,1.00000,0.51536,2
0.00686,0.17176,45.10487,1.00000,1.73477,1
0.08685,0.66460,46.19204,1.00000,1.70619,3
0.00009,1.00000,44.38719,1.00000,1.71925,0
0.00016,0.98214,45.73801,1.00000,1.72578,0
0.09932,0.66771,45.10163,1.00000,1.44817,3
0.08483,0.41997,46.11091,1.00000,1.72006,3
0.06833,0.70051,45.04775,1.00000,1.56748,3
0.00055,0.83601,43.97046,1.00000,1.70883,1
0.00041,0.82160,45.85974,0.00000,1.61908,0
0.08859,0.61929,45.73269,1.00000,0.63975,2
0.01348,0.09325,45.43699,1.00000,1.72015,1
0.09402,0.61135,43.48457,1.00000,0.55282,2
0.00839,0.16957,45.54301,1.00000,1.72849,1
0.09348,0.37809,42.55122,1.00000,0.52141,2
0.01510,0.08280,45.51301,0.00000,1.65996,1
0.00002,1.00000,44.03224,1.00000,1.29272,0
0.00134,1.00000,45.36214,1.00000,1.67949,0
0.02424,0.07920,45.12550,1.00000,1.70953,1
0.05460,0.57942,9.18032,1.00000,0.15863,4
0.10594,0.52278,9.08973,1.00000,0.14907,4
0.06110,0.63420,44.06884,1.00000,0.54062,2
0.07706,0.42717,46.40871,1.00000,1.63289,3
0.08209,0.49608,44.31523,1.00000,1.73148,3
0.05251,0.45047,45.21420,1.00000,1.64534,3
0.06077,0.66970,8.13872,1.00000,0.12652,4
0.02970,0.01891,44.47240,0.00000,1.65963,1
0.08302,0.54237,46.57970,1.00000,0.68947,2
0.00006,1.00000,44.30041,1.00000,1.71330,0
0.01164,0.06695,46.82405,1.00000,1.69929,1
0.00009,1.00000,45.04410,1.00000,1.66808,0
0.04002,0.18602,45.30969,0.00000,1.64004,1
0.02394,0.17870,45.48248,1.00000,1.71556,1
0.01637,0.05481,44.76677,1.00000,1.71016,1
0.08942,0.89655,45.43101,1.00000,1.50502,3
0.07810,0.55125,46.12299,1.00000,1.69992,3
0.02153,0.05149,45.38452,1.00000,1.71731,1
0.00009,1.00000,45.67880,1.00000,1.67705,0
0.07953,0.59481,7.75770,1.00000,0.14301,4
0.03793,0.64171,10.12303,1.00000,0.14279,4
0.02650,0.09914,46.06065,1.00000,1.67870,1
0.09001,0.50000,44.08363,1.00000,1.65547,3
0.06340,0.09013,45.98032,1.00000,1.71595,1
0.00372,0.53902,45.23354,1.00000,1.67220,1
0.09171,0.48738,45.55171,1.00000,1.58338,3
0.00007,1.00000,46.04868,1.00000,1.76792,0
0.09327,0.64619,45.63751,1.00000,1.56462,3
0.00035,0.78218,46.19363,0.00000,1.69618,0
0.00014,1.00000,45.09778,1.00000,1.73882,0
0.08640,0.72313,9.51028,1.00000,0.18699,4
0.08149,0.55760,13.78237,1.00000,0.23784,4
0.00007,1.00000,45.52254,1.00000,1.72503,0
0.06223,0.53298,11.92152,1.00000,0.17209,4
0.07920,0.50000,45.08095,1.00000,1.64474,3
0.03670,0.06139,46.67404,0.00000,1.64124,1
0.08146,0.70627,45.12998,1.00000,0.41061,2
0.00010,1.00000,43.73620,1.00000,1.67157,0
0.00045,1.00000,44.77260,1.00000,1.63873,0
0.02272,0.14514,45.44683,1.00000,1.71257,1
0.08835,0.99138,45.23108,1.00000,1.27550,3
0.09124,0.45570,46.29863,1.00000,1.61603,3
0.05219,0.64570,7.61265,1.00000,0.14984,4
0.07733,0.77622,10.24194,1.00000,0.15564,4
0.02777,0.94915,44.51622,1.00000,1.03543,3
0.09394,0.57534,47.59398,1.00000,0.28724,2
0.08092,0.92035,44.61271,1.00000,1.53415,3
0.02219,0.04606,46.24380,0.00000,1.66152,1
0.06170,0.63798,50.57128,1.00000,0.64154,2
0.06371,0.70091,45.25704,1.00000,1.62667,3
0.08873,0.52665,46.22321,1.00000,0.50356,2
0.00018,1.00000,44.39060,1.00000,1.71225,0
0.10650,0.77055,9.75391,1.00000,0.19277,4
0.06720,0.72239,10.92548,1.00000,0.18267,4
0.05310,0.61413,8.78185,1.00000,0.15534,4
0.07475,0.52816,50.08268,1.00000,0.16599,2
0.00016,1.00000,44.51688,1.00000,1.74428,0
0.02730,1.00000,10.62830,1.00000,0.15227,4
0.00011,1.00000,46.15452,1.00000,1.70867,0
0.08916,0.76491,12.77488,1.00000,0.22841,4
0.06260,0.68792,45.21954,1.00000,1.41073,3
0.10929,0.60160,8.19569,1.00000,0.17411,4
0.00008,1.00000,46.17677,1.00000,1.40187,0
0.03735,0.15765,44.67350,0.00000,1.65403,1
0.09384,0.44278,49.76195,1.00000,0.36907,2
0.09703,0.52823,47.78032,1.00000,0.74569,2
0.08522,0.57386,8.73895,1.00000,0.16171,4
0.08217,0.57500,44.42140,1.00000,1.70102,3
0.09903,0.68407,44.41606,1.00000,1.61093,3
0.00100,1.00000,46.51417,1.00000,1.75611,0
0.10307,0.45438,44.36087,1.00000,1.63691,3
0.08613,0.43278,44.78847,1.00000,1.70693,3
0.00063,1.00000,44.73200,1.00000,1.62098,0
0.00003,1.00000,44.80399,1.00000,1.62935,0
0.08871,0.41468,43.85817,1.00000,0.61378,2
0.03919,0.91176,15.06822,1.00000,0.13806,4
0.02600,0.08520,45.77196,1.00000,1.70321,1
0.00017,1.00000,43.17948,1.00000,1.75442,0
0.08806,0.65000,45.86787,1.00000,1.46644,3
0.01203,0.07725,44.03171,1.00000,1.68749,1
0.05767,0.96512,48.20830,1.00000,0.70895,2
0.08600,0.94146,45.91364,1.00000,1.52375,3
0.00008,1.00000,46.45270,1.00000,1.61430,0
0.07177,0.47381,8.69014,1.00000,0.15550,4
0.08060,0.80936,50.68550,1.00000,0.81551,2
0.09706,0.51881,42.38061,1.00000,0.59399,2
0.01532,0.09091,46.13869,1.00000,1.70359,1
0.00602,0.16125,43.38068,1.00000,1.68353,1
0.10490,0.46541,44.85363,1.00000,1.56529,3
0.09812,0.75291,45.56838,1.00000,1.41140,3
0.05294,0.80952,45.15375,1.00000,0.51511,2
0.08304,0.49904,45.08863,1.00000,1.31589,3
0.00002,1.00000,45.21033,1.00000,1.42212,0
0.09718,0.06361,44.96368,0.00000,1.66864,1
0.01409,0.08289,45.19173,1.00000,1.71138,1
0.07935,0.58028,9.22905,1.00000,0.14910,4
0.00004,1.00000,45.61950,1.00000,1.65471,0
0.09406,0.58701,9.97886,1.00000,0.20012,4
0.00028,1.00000,44.20614,1.00000,1.73683,0
0.10186,0.71390,9.38017,1.00000,0.20210,4
0.00003,1.00000,44.17656,1.00000,1.74499,0
0.08310,0.55765,46.07683,1.00000,0.67112,2
0.08501,0.05361,45.35576,0.00000,1.63671,1
0.07251,0.94798,45.32974,1.00000,1.30336,3
0.07971,0.56389,9.73369,1.00000,0.17338,4
0.09126,0.64925,44.53744,1.00000,1.55764,3
0.00015,1.00000,45.48944,1.00000,1.71324,0
0.00011,1.00000,45.57005,1.00000,1.71091,0
0.01935,0.08059,46.00045,1.00000,1.68869,1
0.00004,1.00000,44.52991,1.00000,1.81747,0
0.09787,0.69792,47.57829,1.00000,0.65323,2
0.01378,0.05797,45.02196,1.00000,1.71340,1
0.04350,0.14545,46.05813,1.00000,1.70206,1
0.09112,0.40646,45.64057,1.00000,1.59404,3
0.07006,0.96341,10.69064,1.00000,0.09285,4
0.08478,0.63760,10.30427,1.00000,0.16043,4
0.09810,0.53774,45.21268,1.00000,1.56378,3
0.00671,0.18107,44.54037,1.00000,1.69328,1
0.09548,0.55528,47.24053,1.00000,0.75666,2
0.02554,0.84024,10.15081,1.00000,0.14348,4
0.06995,0.46499,45.41637,1.00000,0.60803,2
0.10320,0.93662,49.97440,1.00000,0.80590,2
0.00022,0.80583,45.42565,0.00000,1.66482,0
0.05667,0.87037,44.74226,1.00000,0.12590,2
0.00060,0.80220,45.27423,0.00000,1.68639,0
0.05296,0.87302,41.96222,1.00000,0.69374,2
0.11576,0.60093,45.83859,1.00000,0.38666,2
0.21045,0.05046,45.30822,0.00000,1.65200,1
0.10642,0.86525,45.10991,1.00000,1.40510,3
0.03712,0.06243,46.00500,1.00000,1.71227,1
0.00155,0.87395,45.59986,0.00000,1.61675,0
0.07003,0.55249,9.90055,1.00000,0.17667,4
0.07824,0.94595,45.05613,1.00000,1.49378,3
0.04627,1.00000,44.72979,1.00000,1.04041,3
0.09008,0.52408,10.34567,1.00000,0.16706,4
0.05877,0.79184,11.87949,1.00000,0.19433,4
0.08876,0.53073,10.07391,1.00000,0.14963,4
0.08700,0.53273,9.19132,1.00000,0.15449,4
0.08967,0.44186,46.65796,1.00000,0.56645,2
0.06031,0.82320,10.76475,1.00000,0.20069,4
0.01146,0.07016,45.51719,0.00000,1.68862,1
0.09441,0.52975,44.39917,1.00000,1.58537,3
0.03406,0.04708,45.93389,0.00000,1.66186,1
0.07745,0.49455,44.91744,1.00000,1.62699,3
0.07461,0.46025,8.33325,1.00000,0.15178,4
0.08011,0.58839,10.04453,1.00000,0.16513,4
0.00010,1.00000,45.12308,1.00000,1.77251,0
0.00015,1.00000,45.26112,1.00000,1.70650,0
0.00008,1.00000,44.70460,1.00000,1.63026,0
0.06315,0.96154,9.56527,1.00000,0.14199,4
0.09519,0.05913,45.01304,1.00000,1.71043,1
0.09532,0.53288,9.25846,1.00000,0.15877,4
0.08055,0.64620,8.61663,1.00000,0.14942,4
0.08046,0.56071,45.00772,1.00000,1.61280,3
0.07764,0.03651,45.20339,0.00000,1.65852,1
0.00566,0.15553,45.17304,0.00000,1.63845,1
0.10892,0.64451,47.57103,1.00000,0.60158,2
0.09170,0.60899,49.11341,1.00000,0.42215,2
0.00527,0.51014,44.32720,1.00000,1.69310,1
0.07521,0.51247,45.71437,1.00000,1.70722,3
0.09349,0.81900,47.11867,1.00000,0.53724,2
0.02800,0.03333,45.61946,0.00000,1.66399,1
0.00022,1.00000,45.31265,1.00000,1.69836,0
0.06501,0.68027,10.98577,1.00000,0.20387,4
0.00750,0.11674,45.00698,1.00000,1.72041,1
0.00451,0.17828,45.46768,1.00000,1.73372,1
0.07503,0.65116,47.21596,1.00000,0.53975,2
0.08005,0.80753,45.68142,1.00000,1.54412,3
0.00017,1.00000,45.38887,1.00000,1.69453,0
0.08444,0.78378,9.56612,1.00000,0.16971,4
0.10562,0.89916,8.33937,1.00000,0.12476,4
0.00002,1.00000,45.43138,1.00000,1.75583,0
0.01029,0.15183,46.23433,1.00000,1.70458,1
0.07792,0.63462,9.33411,1.00000,0.18278,4
0.02224,0.04708,44.78698,0.00000,1.64685,1
0.01811,0.06702,44.74121,1.00000,1.69469,1
0.00004,1.00000,44.53396,1.00000,1.57827,0
0.00037,1.00000,45.80355,1.00000,1.74617,0
0.06881,1.00000,11.90330,1.00000,0.12524,4
0.02271,0.07135,46.22799,0.00000,1.64187,1
0.10446,0.93151,45.21179,1.00000,1.30152,3
0.01035,0.07587,44.44536,0.00000,1.66515,1
0.10082,0.53258,44.53025,1.00000,0.76244,2
0.09428,0.38842,44.76429,1.00000,1.64613,3
0.10925,0.79008,44.99635,1.00000,0.63553,2
0.08810,0.61071,40.40604,1.00000,0.28923,2
0.06237,0.38316,46.56709,1.00000,0.62786,2
0.00037,1.00000,46.37116,1.00000,1.67766,0
0.09071,0.51346,41.87910,1.00000,0.51982,2
0.09966,0.56701,8.33594,1.00000,0.13685,4
0.08302,0.51765,46.51670,1.00000,1.47890,3
0.00005,1.00000,45.26486,1.00000,1.72382,0
0.08852,0.71148,8.13167,1.00000,0.17209,4
0.04847,0.03232,44.65356,0.00000,1.64302,1
0.00022,1.00000,46.41059,1.00000,1.61649,0
0.08341,0.54115,45.28833,1.00000,1.74637,3
0.00007,1.00000,45.21879,1.00000,1.64634,0
0.03096,0.04281,45.30382,0.00000,1.65795,1
0.09872,0.66860,9.22608,1.00000,0.18093,4
0.00014,1.00000,45.43650,1.00000,1.77292,0
0.10325,0.63961,8.93215,1.00000,0.14615,4
0.04546,0.88889,44.85656,1.00000,1.26489,3
0.10082,0.58155,44.52816,1.00000,1.69380,3
0.01082,0.12749,44.98342,0.00000,1.66856,1
0.08094,0.51566,8.96462,1.00000,0.15858,4
0.00974,0.07023,44.55419,0.00000,1.68193,1
0.04614,0.98182,9.23068,1.00000,0.15964,4
0.09856,0.66784,47.65426,1.00000,0.84080,2
0.01437,0.08511,45.06004,1.00000,1.72330,1
0.06838,0.55729,9.84050,1.00000,0.14638,4
0.09363,0.45617,44.73331,1.00000,1.53213,3
0.31453,0.10248,44.73703,0.00000,1.63439,1
0.09340,0.46892,46.49756,1.00000,1.58534,3
0.09720,0.71379,44.25218,1.00000,1.32400,3
0.00017,1.00000,45.34005,1.00000,1.66415,0
0.03963,1.00000,53.17674,1.00000,0.78182,2
0.08719,0.63312,8.91941,1.00000,0.16852,4
0.00005,1.00000,45.37066,1.00000,1.74510,0
0.00006,1.00000,45.42137,1.00000,1.73518,0
0.04472,0.58519,40.18901,1.00000,0.63866,2
0.09801,0.79511,45.88710,1.00000,1.31973,3
0.00268,0.50794,43.83801,1.00000,1.69550,1
0.09196,0.52754,45.51348,1.00000,1.60258,3
0.07295,0.57500,8.64664,1.00000,0.20711,4
0.11418,0.83945,7.66030,1.00000,0.14307,4
0.00012,1.00000,45.62213,1.00000,1.73635,0
0.07073,0.63570,45.09619,1.00000,1.69716,3
0.05624,0.44211,44.13780,1.00000,1.64608,3
0.00072,1.00000,46.58487,1.00000,1.69787,0
0.07363,0.55556,44.97143,1.00000,0.24315,2
0.07685,0.59574,45.72589,1.00000,1.62947,3
0.05830,0.65300,8.22484,1.00000,0.15471,4
0.08043,0.43702,46.21427,1.00000,0.63439,2
0.05264,0.98165,8.53448,1.00000,0.14896,4
0.00360,0.36351,44.93991,1.00000,1.73239,1
0.00056,1.00000,44.76135,1.00000,1.70815,0
0.06971,0.58118,8.93400,1.00000,0.18434,4
0.00146,1.00000,45.47110,1.00000,1.81795,0
0.10150,1.00000,54.75711,1.00000,0.63246,2
0.09187,0.61616,44.99674,1.00000,1.60641,3
0.00014,1.00000,46.05449,1.00000,1.68989,0
0.07269,0.81203,49.20548,1.00000,0.75034,2
0.00995,0.13199,44.01702,1.00000,1.70926,1
0.00142,0.53261,46.15343,1.00000,1.67853,1
0.00032,1.00000,44.16666,1.00000,1.59484,0
0.01730,0.06452,44.49011,1.00000,1.70528,1
0.06793,0.58152,8.61378,1.00000,0.15660,4
0.09637,0.51102,44.58594,1.00000,1.62966,3
0.07561,0.51060,45.47932,1.00000,1.67065,3
0.09455,0.70261,51.44857,1.00000,0.65928,2
0.09054,0.57919,42.85180,1.00000,0.52958,2
0.10282,0.68551,9.15553,1.00000,0.22049,4
0.00016,0.86719,45.56560,0.00000,1.64925,0
0.08473,0.64738,47.25028,1.00000,0.65347,2
0.05960,0.97059,45.88295,1.00000,1.04781,3
0.08129,0.63959,45.44321,1.00000,1.58188,3
0.00009,1.00000,45.81319,1.00000,1.72639,0
0.06457,0.05791,44.91528,0.00000,1.66147,1
0.03129,0.06133,45.15367,0.00000,1.65757,1
0.06739,0.56863,45.31126,1.00000,0.48906,2
0.05406,0.61520,7.05332,1.00000,0.15015,4
0.00346,0.24843,46.31029,1.00000,1.69515,1
0.06739,0.55727,44.72551,1.00000,0.52532,2
0.00915,0.22305,44.44896,1.00000,1.72118,1
0.01067,0.08131,45.02911,1.00000,1.70487,1
0.04011,0.04494,44.27138,0.00000,1.64757,1
0.08526,0.63866,44.35060,1.00000,1.65153,3
0.08703,0.73310,45.60992,1.00000,0.56787,2
0.08568,0.55332,49.78756,1.00000,0.43166,2
0.00005,1.00000,45.02168,1.00000,1.69928,0
0.08756,0.61916,45.64487,1.00000,0.25130,2
0.08741,0.96129,48.85355,1.00000,0.80675,2
0.11031,0.98095,9.85099,1.00000,0.11363,4
0.09405,0.69401,8.69350,1.00000,0.15883,4
0.00502,0.59921,45.30790,1.00000,1.69642,1
0.00945,0.23500,44.64550,1.00000,1.69783,1
0.08481,0.72016,9.36996,1.00000,0.16284,4
0.08731,0.84404,47.87763,1.00000,0.55389,2
0.05661,0.87698,45.23472,1.00000,1.65108,3
0.06741,0.59403,9.59576,1.00000,0.18265,4
0.09327,0.60688,45.48358,1.00000,1.65823,3
0.08046,0.45183,10.37424,1.00000,0.15850,4
0.09173,0.60075,8.73199,1.00000,0.15689,4
0.09721,0.98684,56.29981,1.00000,0.64675,2
0.00019,1.00000,45.94495,1.00000,1.64723,0
0.07183,0.45775,44.46067,1.00000,1.62503,3
0.01810,0.15200,46.48917,1.00000,1.70779,1
0.02278,0.06563,44.65606,1.00000,1.70625,1
0.04308,0.06778,45.59909,1.00000,1.69955,1
0.05265,0.98039,44.98555,1.00000,1.08683,3
0.03840,0.06925,45.77882,1.00000,1.69032,1
0.04954,0.76161,10.04249,1.00000,0.15449,4
0.10008,0.59430,44.21454,1.00000,0.47102,2
0.05857,0.84000,48.20065,1.00000,0.15433,2
0.05596,0.95683,45.58065,1.00000,1.30206,3
0.00002,1.00000,45.78459,1.00000,1.66811,0
0.00975,0.09081,43.75978,0.00000,1.66478,1
0.09640,0.71510,43.10702,1.00000,0.27794,2
0.00354,0.22790,45.05547,0.00000,1.64268,1
0.00314,0.28534,45.08549,1.00000,1.70884,1
0.00014,1.00000,45.06604,1.00000,1.61576,0
0.08540,0.62830,46.22697,1.00000,1.68350,3
0.05374,0.61556,44.53260,1.00000,0.53502,2
0.08284,0.76115,52.09219,1.00000,0.19785,2
0.00068,0.96429,45.73077,1.00000,1.65549,0
0.08860,0.41930,45.88258,1.00000,0.52243,2
0.09763,0.53209,44.55103,1.00000,0.62511,2
0.00037,1.00000,44.91253,1.00000,1.74438,0
0.01976,0.05803,45.77878,1.00000,1.69346,1
0.08347,0.43088,52.10490,1.00000,0.70278,2
0.03064,0.04184,45.65190,0.00000,1.64321,1
0.06547,0.86667,44.61612,1.00000,1.48787,3
0.04719,0.99115,48.02871,1.00000,0.85231,2
0.09578,0.71111,9.24709,1.00000,0.16223,4
0.07781,0.91818,45.99704,1.00000,0.63205,2
0.06107,0.02610,44.93991,0.00000,1.63550,1
0.01155,0.09806,44.04347,1.00000,1.68574,1
0.08738,0.83083,45.68187,1.00000,1.54832,3
0.08594,0.44961,45.34912,1.00000,1.50797,3
0.00008,1.00000,45.02228,1.00000,1.62399,0
0.08877,0.47407,45.81823,1.00000,1.69868,3
0.07501,0.54746,45.60834,1.00000,1.65051,3
0.01219,0.08700,45.45007,1.00000,1.70576,1
0.07483,0.49148,8.41975,1.00000,0.11823,4
0.03983,0.80072,12.36383,1.00000,0.22928,4
0.07271,0.60559,9.25577,1.00000,0.14006,4
0.01385,0.06465,44.69486,0.00000,1.68690,1
0.07429,0.66952,45.74785,1.00000,1.62693,3
0.07138,0.03651,44.21169,0.00000,1.64269,1
0.00015,1.00000,44.27066,1.00000,1.74390,0
0.00027,0.82418,44.23996,0.00000,1.65596,0
0.07426,0.58780,9.63278,1.00000,0.17111,4
0.05929,0.67654,43.82581,1.00000,0.23165,2
0.00970,0.10140,46.55113,1.00000,1.68042,1
0.07654,0.57962,10.42144,1.00000,0.20932,4
0.00011,1.00000,45.40236,1.00000,1.70330,0
0.02071,0.06250,45.33020,0.00000,1.65049,1
0.00021,1.00000,46.46162,1.00000,1.71329,0
0.00000,1.00000,44.90417,1.00000,0.45806,0
0.00001,1.00000,45.77254,1.00000,0.82289,0
0.08013,0.45524,45.61536,1.00000,0.33509,2
0.06426,0.95954,45.43679,1.00000,1.29513,3
0.08449,0.57611,45.13426,1.00000,0.57196,2
0.00023,1.00000,46.53443,1.00000,1.67942,0
0.00117,0.77714,45.94946,0.00000,1.67327,0
0.09696,0.52459,45.65933,1.00000,1.56418,3
0.09623,0.62683,42.50926,1.00000,0.83822,2
0.00009,0.84375,45.43295,0.00000,1.67509,0
0.00093,0.90598,45.54965,0.00000,1.62546,0
0.01818,0.05355,44.90289,1.00000,1.70919,1
0.06461,0.74797,8.43283,1.00000,0.15121,4
0.09453,0.58838,9.63917,1.00000,0.17727,4
0.00004,1.00000,45.41420,1.00000,1.75709,0
0.07214,0.59241,45.23490,1.00000,1.46340,3
0.00004,1.00000,44.77293,1.00000,1.77537,0
0.07042,0.78644,45.94253,1.00000,1.57377,3
0.07338,0.87097,44.20207,1.00000,0.71313,2
0.03594,0.96842,46.16631,1.00000,1.03083,3
0.03160,0.02505,43.99276,0.00000,1.66886,1
0.04242,0.27696,44.76596,0.00000,1.65246,1
0.09340,0.20859,44.89946,1.00000,1.70001,1
0.09361,0.56025,48.68361,1.00000,0.78163,2
0.08845,0.03226,44.77262,0.00000,1.68234,1
0.00017,1.00000,43.77247,1.00000,1.78815,0
0.07772,0.84559,50.16688,1.00000,0.80408,2
0.07060,0.56109,45.66374,1.00000,1.53750,3
0.06587,0.46852,46.31024,1.00000,1.53503,3
0.00011,0.97959,44.39518,1.00000,1.63355,0
0.05409,0.03539,45.70177,0.00000,1.64517,1
0.09447,0.47974,45.80546,1.00000,1.70653,3
0.08100,0.60000,47.50937,1.00000,0.54489,2
0.00004,1.00000,44.40860,1.00000,1.67951,0
0.00006,1.00000,45.58530,1.00000,1.68504,0
0.07846,0.60756,7.51070,1.00000,0.13575,4
0.08162,0.44512,9.44914,1.00000,0.19105,4
0.00028,1.00000,45.88588,1.00000,1.77019,0
0.11338,0.56867,44.25477,1.00000,1.48619,3
0.08420,0.45648,45.66735,1.00000,1.64705,3
0.09392,0.61758,46.59961,1.00000,1.65372,3
0.10148,0.63659,45.67245,1.00000,1.63566,3
0.07028,0.69156,9.61530,1.00000,0.15593,4
0.10416,0.64306,8.47832,1.00000,0.12096,4
0.09223,0.50873,44.95103,1.00000,1.63523,3
0.08735,0.65964,44.83429,1.00000,1.62512,3
0.00071,1.00000,44.73090,1.00000,1.62499,0
0.01415,0.04708,45.12742,1.00000,1.70803,1
0.09537,0.77620,46.16578,1.00000,1.47051,3
0.00008,1.00000,45.54560,1.00000,1.75239,0
0.08623,0.66962,45.64138,1.00000,1.60765,3
0.00002,1.00000,44.50243,1.00000,1.78138,0
0.01562,0.10281,45.97221,1.00000,1.71725,1
0.08033,0.47325,43.93077,1.00000,0.61184,2
0.00007,1.00000,44.85503,1.00000,1.64403,0
0.06300,0.53388,45.11451,1.00000,0.48885,2
0.09457,0.50731,45.93559,1.00000,1.47213,3
0.01115,0.09859,44.37703,1.00000,1.69903,1
0.08890,0.57110,40.68891,1.00000,0.37429,2
0.08906,0.45180,46.15055,1.00000,1.70439,3
0.08387,0.64338,6.95649,1.00000,0.15021,4
0.10227,0.81379,41.98347,1.00000,0.46621,2
0.08377,0.64220,46.25420,1.00000,1.55725,3
0.08123,0.69143,49.90781,1.00000,0.32255,2
0.00003,1.00000,44.95657,1.00000,1.60456,0
0.00001,1.00000,46.38038,1.00000,1.05483,0
0.08920,0.03644,45.35564,0.00000,1.66639,1
0.07970,0.69173,9.55145,1.00000,0.17677,4
0.05551,0.98571,9.55043,1.00000,0.15082,4
0.08356,0.66301,47.98261,1.00000,0.64164,2
0.00130,0.56574,45.94439,0.00000,1.63138,1
0.02139,0.12333,46.50773,1.00000,1.69424,1
0.01197,0.34551,44.84892,1.00000,1.72191,1
0.01106,0.09946,45.62240,1.00000,1.68031,1
0.07787,0.88426,45.18682,1.00000,0.36790,2
0.05724,0.69314,8.08928,1.00000,0.12030,4
0.00008,1.00000,45.36596,1.00000,1.71397,0
0.02215,1.00000,11.12573,1.00000,0.13133,4
0.00016,1.00000,44.96924,1.00000,1.65594,0
0.07011,0.59744,9.20288,1.00000,0.14365,4
0.00168,0.63105,45.21111,1.00000,1.73673,1
0.05081,0.05026,45.31716,1.00000,1.66681,1
0.08597,0.73868,42.79873,1.00000,0.67738,2
0.00378,0.23625,45.77377,1.00000,1.70658,1
0.07754,0.77863,44.15043,1.00000,1.57773,3
0.00945,0.14447,44.97446,1.00000,1.71746,1
0.07682,0.46565,48.51392,1.00000,0.64002,2
0.00011,1.00000,45.07915,1.00000,1.74456,0
0.04067,1.00000,57.53120,1.00000,0.44153,2
0.06794,0.55556,38.67328,1.00000,0.52336,2
0.09342,0.99213,45.43844,1.00000,1.37184,3
0.00016,0.98182,43.41952,1.00000,1.66906,0
0.01182,0.11513,44.30603,1.00000,1.71941,1
0.02947,0.14415,44.50794,1.00000,1.69743,1
0.09759,0.87243,44.90482,1.00000,0.34187,2
0.03312,0.03438,45.95743,0.00000,1.62681,1
0.08550,0.71269,8.26406,1.00000,0.15932,4
0.09386,0.53459,45.27511,1.00000,0.47482,2
0.00011,1.00000,44.64276,1.00000,1.72802,0
0.00002,1.00000,45.69496,1.00000,1.78285,0
0.10060,0.49425,44.62897,1.00000,0.56074,2
0.01945,0.04508,45.39658,0.00000,1.64984,1
0.05709,0.90608,45.68224,1.00000,1.51084,3
0.08137,0.50976,8.37617,1.00000,0.15050,4
0.00003,1.00000,44.79152,1.00000,1.62153,0
0.09678,0.45878,45.40370,1.00000,1.61250,3
0.04447,0.95092,10.00857,1.00000,0.17581,4
0.09472,0.65837,45.82078,1.00000,1.43137,3
0.08154,0.60090,45.10481,1.00000,1.54113,3
0.00024,0.98276,45.92118,1.00000,1.77484,0
0.01298,0.06458,44.97863,1.00000,1.70953,1
0.02570,0.07733,46.13603,1.00000,1.69540,1
0.04652,0.42321,46.05992,1.00000,1.62565,3
0.01164,0.08798,44.75191,0.00000,1.64949,1
0.00012,1.00000,45.22235,1.00000,1.75933,0
0.00041,1.00000,44.93973,1.00000,1.62170,0
0.04169,0.73563,10.21755,1.00000,0.17216,4
0.07803,0.52484,46.05358,1.00000,1.58772,3
0.00052,1.00000,44.81168,1.00000,1.65375,0
0.00055,1.00000,44.49137,1.00000,1.72254,0
0.10606,0.55925,53.43749,1.00000,0.78552,2
0.08491,0.79452,9.07288,1.00000,0.18040,4
0.00009,1.00000,45.11382,1.00000,1.68104,0
0.09663,0.49590,45.60020,1.00000,0.73254,2
0.00001,1.00000,45.94502,1.00000,1.69812,0
0.07939,0.51805,44.99188,1.00000,1.62641,3
0.08101,0.61290,8.29065,1.00000,0.14201,4
0.08580,0.55482,9.36063,1.00000,0.15323,4
0.08300,0.46085,45.11545,1.00000,1.63043,3
0.00037,1.00000,46.05132,1.00000,1.74698,0
0.09642,0.94615,48.67511,1.00000,0.72059,2
0.01378,0.11404,44.89504,1.00000,1.70069,1
0.10336,0.47692,45.13959,1.00000,1.60363,3
0.05499,0.57931,10.63555,1.00000,0.18395,4
0.11016,0.69620,9.87436,1.00000,0.18023,4
0.00015,1.00000,44.29049,1.00000,1.68374,0
0.06906,0.51919,51.44022,1.00000,0.34840,2
0.08924,0.54135,45.55167,1.00000,1.52670,3
0.07252,0.89119,44.67290,1.00000,1.30680,3
0.00230,0.34752,44.81092,1.00000,1.69241,1
0.08100,0.71154,50.62625,1.00000,0.57053,2
0.00675,0.17933,45.28938,1.00000,1.69444,1
0.07471,0.51025,44.99788,1.00000,1.61153,3
0.00000,1.00000,45.72214,1.00000,0.33002,0
0.00001,1.00000,47.01562,1.00000,1.67941,0
0.02136,0.11233,46.76226,0.00000,1.64163,1
0.09526,0.58065,43.57002,1.00000,0.19924,2
0.00008,1.00000,46.16394,1.00000,1.72466,0
0.10747,0.71515,45.61032,1.00000,0.62070,2
0.08716,0.90476,10.58713,1.00000,0.22229,4
0.09151,0.41246,46.40575,1.00000,0.52160,2
0.08005,0.69948,45.28822,1.00000,0.75156,2
0.06036,0.50577,8.78564,1.00000,0.15838,4
0.07682,0.73994,47.53351,1.00000,0.63336,2
0.00912,0.30863,47.44829,1.00000,1.70267,1
0.09877,0.55882,49.20688,1.00000,0.89193,2
0.09672,0.61891,8.55157,1.00000,0.17143,4
0.10182,0.56501,45.04945,1.00000,1.45373,3
0.08646,0.70811,45.04567,1.00000,1.62753,3
0.00199,0.89041,45.41164,0.00000,1.63436,0
0.08638,0.62571,44.28812,1.00000,1.66738,3
0.00247,0.34949,45.15707,0.00000,1.64191,1
0.02463,0.02915,44.61689,0.00000,1.65098,1
0.01933,0.06563,45.85123,1.00000,1.71417,1
0.06938,0.54832,46.58430,1.00000,1.43971,3
0.09715,0.59424,9.83449,1.00000,0.18795,4
0.09231,0.48871,45.28984,1.00000,1.74717,3
0.00374,0.31812,45.44017,1.00000,1.68851,1
0.08092,0.69468,45.24522,1.00000,0.26072,2
0.06248,0.44790,47.53037,1.00000,0.63403,2
0.07707,0.54926,10.26717,1.00000,0.17246,4
0.06327,0.76119,45.66827,1.00000,1.38549,3
0.09531,0.56808,45.40294,1.00000,1.65856,3
0.08101,0.52588,10.05542,1.00000,0.17294,4
0.00008,0.95652,46.55567,0.00000,1.67319,0
0.08021,1.00000,44.58132,1.00000,0.11496,2
0.07413,0.82353,46.19230,1.00000,0.87735,2
0.00731,0.11674,44.43548,1.00000,1.69728,1
0.02971,0.05355,45.48092,1.00000,1.70795,1
0.08755,0.48765,49.76078,1.00000,0.56238,2
0.08594,0.61157,7.60914,1.00000,0.14300,4
0.00024,0.94118,45.91596,0.00000,1.66032,0
0.04653,0.83712,45.69604,1.00000,0.88604,2
0.00730,0.12058,46.60585,0.00000,1.66658,1
0.08328,0.55896,9.39858,1.00000,0.18407,4
0.09244,0.66909,7.84537,1.00000,0.13978,4
0.02888,0.04708,45.88080,0.00000,1.67322,1
0.08914,0.75912,8.14481,1.00000,0.14721,4
0.08269,0.41527,45.08471,1.00000,1.68751,3
0.08808,0.70607,44.92684,1.00000,1.57846,3
0.04263,0.96319,44.88275,1.00000,1.35911,3
0.09011,0.65508,44.98102,1.00000,1.72307,3
0.08070,0.80128,46.32065,1.00000,1.66681,3
0.02844,0.08635,44.97729,1.00000,1.71411,1
0.08159,0.38824,45.91663,1.00000,1.71251,3
0.05443,1.00000,11.11908,1.00000,0.13100,4
0.09238,0.64402,9.81367,1.00000,0.18477,4
0.01910,0.07482,44.06634,1.00000,1.70507,1
0.06392,0.02608,46.25826,0.00000,1.62824,1
0.07601,0.54831,47.12920,1.00000,0.44814,2
0.05869,0.93793,45.08005,1.00000,1.00047,3
0.11202,0.68156,43.97387,1.00000,0.38147,2
0.05736,0.62712,10.08189,1.00000,0.19501,4
0.00011,1.00000,44.30388,1.00000,1.71821,0
0.08473,0.50905,46.01641,1.00000,1.64834,3
0.08874,0.57784,8.79389,1.00000,0.16059,4
0.10116,0.48023,51.13885,1.00000,0.66780,2
0.07773,0.57045,9.59159,1.00000,0.19807,4
0.00017,0.85938,45.38370,0.00000,1.67788,0
0.04023,0.97059,15.26448,1.00000,0.17171,4
0.10777,0.64578,10.11059,1.00000,0.18631,4
0.11271,0.60218,7.61581,1.00000,0.13586,4
0.01713,0.07143,45.19729,1.00000,1.70350,1
0.04505,0.81679,12.89454,1.00000,0.26159,4
0.00254,0.31284,44.80036,1.00000,1.70943,1
0.04254,0.03753,45.91375,0.00000,1.67028,1
0.09466,0.48015,48.69007,1.00000,0.25174,2
0.00020,1.00000,44.61256,1.00000,1.75996,0
0.05470,0.91707,44.89916,1.00000,1.29815,3
0.00291,0.35070,45.08900,1.00000,1.74585,1
0.08420,0.50000,46.98003,1.00000,1.58877,3
0.01063,0.08733,45.70306,1.00000,1.72327,1
0.06782,0.76451,48.98661,1.00000,0.76530,2
0.08928,0.82386,47.00275,1.00000,0.54464,2
0.05678,0.95105,15.09397,1.00000,0.21066,4
0.02080,0.15954,43.93767,0.00000,1.65469,1
0.09991,0.52600,45.57930,1.00000,0.59232,2
0.08020,0.52860,46.63585,1.00000,0.59918,2
0.03494,0.05031,45.16271,1.00000,1.69407,1
0.07001,0.88837,8.25346,1.00000,0.17344,4
0.07943,0.56561,45.88258,1.00000,1.64038,3
0.05822,0.64407,8.18994,1.00000,0.15322,4
0.09807,0.59005,44.87818,1.00000,1.62390,3
0.07610,0.40693,44.91002,1.00000,1.63822,3
0.00001,0.88889,45.52471,0.00000,1.49068,0
0.00013,1.00000,45.71158,1.00000,1.82648,0
0.07574,0.65012,45.57072,1.00000,1.50290,3
0.09471,0.57568,8.57872,1.00000,0.13708,4
0.03218,0.06237,45.72696,1.00000,1.69261,1
0.08411,0.60571,44.49135,1.00000,1.55960,3
0.00022,1.00000,45.12914,1.00000,1.69815,0
0.10201,0.50435,9.60574,1.00000,0.15801,4
0.00248,0.33475,45.43845,0.00000,1.65487,1
0.00079,0.84409,45.92198,0.00000,1.64358,0
0.10540,0.45192,45.33515,1.00000,0.65351,2
0.06054,0.74018,45.91649,1.00000,1.43331,3
0.09028,0.75479,45.22269,1.00000,1.58225,3
0.00007,1.00000,45.32372,1.00000,1.72308,0
0.07185,0.76645,45.55634,1.00000,0.20801,2
0.07873,0.73521,44.55456,1.00000,1.63170,3
0.10199,0.66368,52.45502,1.00000,0.73785,2
0.06411,0.83333,11.56238,1.00000,0.17948,4
0.07758,0.52772,45.07322,1.00000,1.60147,3
0.00850,0.15051,45.53722,0.00000,1.64520,1
0.02874,0.03967,45.02990,0.00000,1.65222,1
0.09201,0.38870,49.00117,1.00000,0.50848,2
0.64107,0.04069,44.70370,1.00000,1.68818,1
0.01405,0.08271,45.20896,1.00000,1.71606,1
0.08651,0.53663,44.49982,1.00000,0.66569,2
0.00024,1.00000,44.62106,1.00000,1.67885,0
0.08166,0.63989,44.54738,1.00000,1.67994,3
0.09694,0.76351,49.32349,1.00000,0.73057,2
0.01228,0.08751,44.95318,1.00000,1.70137,1
0.00097,0.56324,45.43550,0.00000,1.65575,1
0.00003,1.00000,44.59904,1.00000,1.78734,0
0.06011,1.00000,56.12492,1.00000,0.46656,2
0.02179,0.13043,45.97851,1.00000,1.70689,1
0.01027,1.00000,52.51646,1.00000,0.42394,2
0.09859,0.51496,45.19997,1.00000,1.61553,3
0.09011,0.68022,46.08157,1.00000,0.77502,2
0.00007,1.00000,45.90391,1.00000,1.72524,0
0.00003,1.00000,44.35752,1.00000,1.61095,0
0.01016,0.10337,44.21140,0.00000,1.63435,1
0.07619,0.68581,8.91911,1.00000,0.17243,4
0.00026,1.00000,45.06700,1.00000,1.77697,0
0.00021,1.00000,46.40967,1.00000,1.77690,0
0.04573,1.00000,52.19199,1.00000,0.46142,2
0.01758,0.09325,45.95045,1.00000,1.72146,1
0.00002,1.00000,44.95310,1.00000,1.76829,0
0.05917,0.59446,9.17288,1.00000,0.17009,4
0.08322,0.43134,45.43690,1.00000,1.71566,3
0.07365,0.56659,46.37955,1.00000,0.63950,2
0.00010,0.98077,46.33007,1.00000,1.69065,0
0.09468,0.62034,7.51058,1.00000,0.13543,4
0.07283,0.80672,44.92216,1.00000,1.30438,3
0.07504,0.58696,46.64123,1.00000,1.40868,3
0.05729,0.77044,45.86664,1.00000,1.52167,3
0.01120,0.10251,44.95014,1.00000,1.68459,1
0.00425,0.29690,45.92181,1.00000,1.72507,1
0.16685,0.05458,45.22890,1.00000,1.68916,1
0.01660,0.06465,44.97361,0.00000,1.69121,1
0.00012,1.00000,45.39094,1.00000,1.77707,0
0.05232,0.72674,9.04011,1.00000,0.16167,4
0.00007,0.92593,45.17934,0.00000,1.55387,0
0.08820,0.93103,14.92858,1.00000,0.36190,4
0.10381,0.45951,44.54378,1.00000,1.65223,3
0.00493,1.00000,11.15155,1.00000,0.18356,4
0.00008,1.00000,44.65908,1.00000,1.78078,0
0.06647,0.84153,45.31168,1.00000,1.49851,3
0.08499,0.83673,43.18560,1.00000,0.22598,2
0.08812,0.57853,8.87242,1.00000,0.18405,4
0.00001,1.00000,44.61381,1.00000,1.39886,0
0.03991,0.06133,45.86852,1.00000,1.69898,1
0.05451,0.94040,45.13035,1.00000,1.36134,3
0.09480,0.77358,9.63189,1.00000,0.16110,4
0.08725,0.47868,44.47620,1.00000,1.64450,3
0.09746,0.44602,44.59703,1.00000,1.69858,3
0.09897,0.61062,8.47071,1.00000,0.16418,4
0.09570,0.88889,12.61070,1.00000,0.26270,4
0.08088,0.53061,42.49692,1.00000,0.48504,2
0.06505,0.77532,45.97532,1.00000,1.69865,3
0.02191,0.26943,46.23116,1.00000,1.72512,1
0.09958,0.47791,45.70485,1.00000,1.60329,3
0.00007,1.00000,46.49112,1.00000,1.80051,0
0.09126,0.58584,45.52435,1.00000,1.61098,3
0.07749,0.50820,46.38492,1.00000,0.62891,2
0.04788,1.00000,47.04948,1.00000,0.54923,2
0.00431,0.22850,44.92627,1.00000,1.69331,1
0.04632,0.69252,45.99869,1.00000,0.30915,2
0.08629,0.75000,49.47518,1.00000,0.88923,2
0.00014,1.00000,45.22317,1.00000,1.73138,0
0.07131,0.61950,10.40577,1.00000,0.18434,4
0.08081,0.67399,45.27123,1.00000,1.67960,3
0.09329,0.64326,9.98354,1.00000,0.18190,4
0.09088,0.49545,8.43427,1.00000,0.14501,4
0.01809,0.20339,43.69186,1.00000,1.72244,1
0.08507,0.45607,45.37161,1.00000,1.67798,3
0.06365,0.74621,7.11882,1.00000,0.11208,4
0.08989,0.73684,44.93385,1.00000,1.57194,3
0.08680,0.49902,48.33760,1.00000,0.47874,2
0.08805,0.63158,10.68343,1.00000,0.20284,4
0.07673,0.65179,9.02082,1.00000,0.13289,4
0.00005,1.00000,45.28297,1.00000,1.79416,0
0.00131,0.85561,45.15357,0.00000,1.65638,0
0.07117,0.50580,45.82752,1.00000,0.70112,2
0.01398,0.05355,44.93882,0.00000,1.63150,1
0.07443,0.63325,41.98234,1.00000,0.45356,2
0.00549,0.21315,43.81852,1.00000,1.69208,1
0.00753,0.47557,45.69604,1.00000,1.70934,1
0.00005,1.00000,43.75772,1.00000,1.80890,0
0.00012,0.87500,45.48946,0.00000,1.67151,0
0.01874,1.00000,53.52234,1.00000,0.47714,2
0.00011,0.81720,43.34568,0.00000,1.65804,0
0.06979,0.79730,9.80045,1.00000,0.17150,4
0.08398,0.57234,40.83836,1.00000,0.52251,2
0.01758,0.11602,45.46519,1.00000,1.68828,1
0.00007,1.00000,45.48287,1.00000,1.72907,0
0.00013,0.85714,45.40507,0.00000,1.65831,0
0.00022,0.84946,44.78500,0.00000,1.61962,0
0.00438,0.32192,45.20099,1.00000,1.69527,1
0.00022,0.79032,44.58604,0.00000,1.67961,0
0.07664,0.71077,44.98750,1.00000,1.51134,3
0.06698,1.00000,53.36566,1.00000,0.47675,2
0.11128,0.51681,47.43439,1.00000,0.68540,2
0.04431,1.00000,55.25757,1.00000,0.52384,2
0.00008,1.00000,44.34772,1.00000,1.62940,0
0.00023,1.00000,45.22640,1.00000,1.66152,0
0.08617,0.71118,50.62447,1.00000,0.70009,2
0.08924,0.54975,8.34205,1.00000,0.16020,4
0.00000,1.00000,0.00000,0.00000,0.00000,0
0.08477,0.58968,8.94098,1.00000,0.14708,4
0.08165,0.60221,9.21807,1.00000,0.13803,4
0.07292,0.48457,10.34914,1.00000,0.17509,4
0.08985,0.63043,45.27552,1.00000,1.68541,3
0.00005,1.00000,45.52651,1.00000,1.63314,0
0.04173,0.66282,9.22660,1.00000,0.16697,4
0.06655,0.75214,10.10050,1.00000,0.17327,4
0.00004,1.00000,46.72319,1.00000,1.78149,0
0.00014,0.87719,44.13948,0.00000,1.68812,0
0.07890,0.61607,44.15456,1.00000,1.65557,3
0.08822,0.62299,43.97152,1.00000,1.52910,3
0.08967,0.66574,45.69556,1.00000,1.52809,3
0.08413,0.77717,8.55509,1.00000,0.12734,4
0.07888,0.47992,44.80822,1.00000,1.65881,3
0.02491,0.03756,44.41057,0.00000,1.66725,1
0.00997,0.16322,45.20368,1.00000,1.69123,1
0.09593,0.64972,49.03986,1.00000,0.69834,2
0.00022,0.98113,45.93411,1.00000,1.69578,0
0.01179,0.12225,45.74746,1.00000,1.69459,1
0.08484,0.45850,45.68711,1.00000,1.62989,3
0.07107,0.56287,9.11040,1.00000,0.17532,4
0.06892,0.69853,8.18146,1.00000,0.16152,4
0.08808,0.36018,45.60506,1.00000,1.65250,3
0.10250,0.46939,49.83419,1.00000,0.67814,2
0.05798,0.87766,45.27225,1.00000,1.71364,3
0.09456,0.68235,10.62621,1.00000,0.17878,4
0.09984,0.48582,46.24140,1.00000,0.54567,2
0.11284,0.57921,9.60952,1.00000,0.15200,4
0.04754,0.73941,45.04342,1.00000,1.54864,3
0.08234,0.51738,42.55346,1.00000,0.70425,2
0.08661,0.50000,44.59384,1.00000,1.53442,3
0.07291,0.91525,45.58615,1.00000,1.64849,3
0.00003,1.00000,45.75507,1.00000,1.53065,0
0.07902,0.44030,44.49184,1.00000,1.63436,3
0.00022,0.84066,44.70314,0.00000,1.66468,0
0.00006,1.00000,45.32855,1.00000,1.56788,0
0.04783,0.87500,50.17508,1.00000,0.46866,2
0.04147,0.51386,8.27430,1.00000,0.18659,4
0.00004,1.00000,44.79822,1.00000,1.58924,0
0.08811,0.74908,46.04482,1.00000,1.57883,3
0.08035,0.54449,7.61299,1.00000,0.13806,4
0.02139,0.06709,46.92099,1.00000,1.68853,1
0.09531,0.51093,44.48635,1.00000,1.55157,3
0.01775,0.04923,45.36835,0.00000,1.65052,1
0.06386,0.62500,9.28347,1.00000,0.13786,4
0.09558,0.46568,45.23873,1.00000,1.57891,3
0.07208,0.84229,44.98263,1.00000,0.77703,2
0.00007,1.00000,45.00278,1.00000,1.74655,0
0.09580,0.65316,47.01301,1.00000,0.57713,2
0.08801,0.79412,8.17389,1.00000,0.16193,4
0.01475,0.06023,44.88187,0.00000,1.62272,1
0.07796,0.57267,47.89506,1.00000,0.38297,2
0.07832,0.50248,9.51253,1.00000,0.17592,4
0.02178,0.06445,44.93330,1.00000,1.68036,1
0.00377,0.48520,45.07284,1.00000,1.68313,1
0.08110,0.45966,44.87958,1.00000,0.30461,2
0.09005,0.54476,9.62768,1.00000,0.18375,4
0.09015,0.46032,42.23792,1.00000,0.53757,2
0.08446,0.52452,45.44830,1.00000,1.64538,3
0.07165,0.48501,46.96742,1.00000,0.46464,2
0.09797,0.80515,45.45381,1.00000,0.07235,2
0.07193,0.99074,45.45153,1.00000,1.31303,3
0.09008,0.43351,45.98225,1.00000,1.62606,3
0.00013,1.00000,45.88785,1.00000,1.63567,0
0.02787,0.07263,45.46494,1.00000,1.68564,1
0.05962,0.50298,45.18906,1.00000,0.63825,2
0.00008,1.00000,45.67652,1.00000,1.80668,0
0.06996,0.77409,42.78121,1.00000,0.16246,2
0.09518,0.41463,45.01698,1.00000,1.63178,3
0.10691,0.49865,7.97961,1.00000,0.14646,4
0.09700,0.43956,43.91808,1.00000,1.66456,3
0.07621,0.83594,12.02469,1.00000,0.20757,4
0.07166,0.60938,9.45779,1.00000,0.18867,4
0.00005,1.00000,45.28257,1.00000,1.81291,0
0.00144,0.82759,45.19437,0.00000,1.66559,0
0.13387,0.16244,45.62875,1.00000,1.74221,1
0.00004,1.00000,45.38700,1.00000,1.70205,0
0.01517,0.07700,45.19340,1.00000,1.71181,1
0.04797,0.96622,54.05846,1.00000,0.34622,2
0.07572,0.03232,44.55542,0.00000,1.64557,1
0.09369,0.54393,45.04558,1.00000,1.61898,3
0.09408,0.48321,41.51278,1.00000,0.51442,2
0.07071,0.89091,44.83151,1.00000,1.30869,3
0.04925,0.92857,11.67797,1.00000,0.20182,4
0.06089,0.92523,12.59167,1.00000,0.20118,4
0.00062,1.00000,45.60668,1.00000,1.60820,0
0.00002,1.00000,45.54099,1.00000,1.75310,0
0.08734,0.60870,8.69384,1.00000,0.18533,4
0.08825,0.78868,39.37194,1.00000,0.33823,2
0.00013,1.00000,46.05748,1.00000,1.69429,0
0.00022,0.82171,45.75305,0.00000,1.62242,0
0.00010,1.00000,46.37574,1.00000,1.75821,0
0.10719,0.64721,44.38103,1.00000,1.42449,3
0.08398,0.62060,40.56696,1.00000,0.20382,2
0.02897,0.09785,44.78654,1.00000,1.69778,1
0.09358,0.48859,50.21964,1.00000,0.54286,2
0.07853,0.63812,8.03049,1.00000,0.11410,4
0.00009,1.00000,45.12710,1.00000,1.65134,0
0.09259,0.65561,45.88180,1.00000,1.55581,3
0.03982,0.05464,45.66224,1.00000,1.72208,1
0.00020,1.00000,46.30091,1.00000,1.73170,0
0.00024,0.82456,44.97081,0.00000,1.69283,0
0.08230,0.49449,50.54773,1.00000,0.59338,2
0.00006,1.00000,45.90855,1.00000,1.73553,0
0.03666,0.09208,44.86021,1.00000,1.69954,1
0.08856,0.53394,45.03077,1.00000,1.56856,3
0.07214,0.46692,45.46853,1.00000,1.66626,3
0.00011,1.00000,44.78691,1.00000,1.73661,0
0.02143,0.04821,44.54564,0.00000,1.65122,1
0.09457,0.41047,51.33217,1.00000,0.63344,2
0.08724,0.51318,45.92612,1.00000,0.47552,2
0.08044,0.52731,49.63198,1.00000,0.61475,2
0.00010,1.00000,46.08034,1.00000,1.65724,0
0.05551,0.78947,43.25316,1.00000,0.49047,2
0.07323,0.68103,8.49480,1.00000,0.18511,4
0.00320,0.34594,44.70232,1.00000,1.69564,1
0.09062,0.58201,7.75625,1.00000,0.15751,4
0.10556,0.86170,44.28608,1.00000,1.34007,3
0.00043,1.00000,45.38243,1.00000,1.74207,0
0.08608,0.62898,8.00294,1.00000,0.16658,4
0.00023,1.00000,45.67758,0.00000,1.61226,0
0.06092,0.95610,44.79367,1.00000,1.48988,3
0.00004,1.00000,44.99816,1.00000,1.60086,0
0.00013,1.00000,45.33509,1.00000,1.49710,0
0.08375,0.86590,8.66369,1.00000,0.15397,4
0.06177,0.03021,44.84525,0.00000,1.65917,1
0.00055,0.82888,45.29357,0.00000,1.64412,0
0.08514,0.68564,43.78204,1.00000,1.56570,3
0.08207,0.51697,44.91368,1.00000,1.68221,3
0.00794,0.12735,46.21344,0.00000,1.67636,1
0.10245,0.48871,48.23240,1.00000,0.43547,2
0.04729,0.93514,44.80352,1.00000,1.29905,3
0.08907,0.76623,50.56951,1.00000,0.66423,2
0.08861,0.75719,46.22416,1.00000,1.45605,3
0.03996,0.03242,45.22372,0.00000,1.65706,1
0.00059,1.00000,45.17090,1.00000,1.73075,0
0.08978,0.57531,38.34622,1.00000,0.73410,2
0.07543,0.58050,9.53868,1.00000,0.16125,4
0.00015,1.00000,45.92321,1.00000,1.80078,0
0.08754,0.47538,45.42364,1.00000,1.69232,3
0.00002,1.00000,44.47602,1.00000,1.71877,0
0.09544,0.67327,9.07143,1.00000,0.14509,4
0.08951,0.80132,46.32837,1.00000,0.53236,2
0.05586,0.90909,46.82373,1.00000,1.58150,3
0.09781,0.48310,45.88592,1.00000,0.51438,2
0.02839,0.15235,45.10196,0.00000,1.66291,1
0.27769,0.04938,45.22671,0.00000,1.64433,1
0.07934,0.92000,46.47976,1.00000,0.66750,2
0.08302,0.63504,44.39752,1.00000,1.61081,3
0.09268,0.55936,45.80486,1.00000,1.48368,3
0.07259,0.46796,44.70993,1.00000,1.56277,3
0.00011,1.00000,45.08737,1.00000,1.67726,0
0.00008,1.00000,44.18172,1.00000,1.75365,0
0.10028,0.52929,47.39928,1.00000,0.71982,2
0.10560,0.97608,14.61429,1.00000,0.26711,4
0.03973,0.02503,45.16308,0.00000,1.65323,1
0.00018,1.00000,45.93835,1.00000,1.73612,0
0.09123,0.71920,49.06730,1.00000,0.59741,2
0.01524,0.13348,44.79844,1.00000,1.74183,1
0.09876,0.72026,45.27821,1.00000,0.75230,2
0.08036,0.47074,11.26972,1.00000,0.23239,4
0.01182,0.07970,44.35787,1.00000,1.69850,1
0.00452,0.25256,45.78684,0.00000,1.67233,1
0.01261,0.06799,45.28703,0.00000,1.66047,1
0.09214,0.86432,44.88411,1.00000,1.34105,3
0.08531,0.45234,45.56252,1.00000,0.45818,2
0.08311,0.55839,44.50921,1.00000,1.67027,3
0.08940,0.77500,7.38822,1.00000,0.12178,4
0.09456,0.77344,46.27308,1.00000,0.09941,2
0.08321,0.81223,45.82487,1.00000,1.50508,3
0.07962,0.42088,47.50600,1.00000,0.68003,2
0.08375,0.48993,47.30963,1.00000,0.34442,2
0.00002,1.00000,45.55954,1.00000,1.68312,0
0.04222,0.98824,11.39774,1.00000,0.13794,4
0.09565,0.59294,9.40961,1.00000,0.22801,4
0.07165,0.78090,11.82904,1.00000,0.23543,4
0.05428,0.93396,9.95601,1.00000,0.13630,4
0.10905,0.73897,9.21934,1.00000,0.14758,4
0.09001,0.44174,46.32260,1.00000,0.55954,2
0.00006,1.00000,45.05470,1.00000,1.61199,0
0.07653,0.51331,45.78996,1.00000,1.63766,3
0.00011,1.00000,43.59584,1.00000,1.73938,0
0.14174,0.03122,45.84011,0.00000,1.64474,1
0.02419,0.05036,45.74526,0.00000,1.65089,1
0.00006,1.00000,44.95361,1.00000,1.69373,0
0.00137,0.70892,45.05505,1.00000,1.68738,1
0.00030,0.84906,45.39550,0.00000,1.65888,0
0.00030,1.00000,46.35558,1.00000,1.55318,0
0.04933,0.75926,44.87466,1.00000,1.53794,3
0.07988,0.48399,45.41374,1.00000,1.65112,3
0.00002,1.00000,45.50868,1.00000,1.64615,0
0.00545,0.28422,44.87521,1.00000,1.69983,1
0.09588,0.67188,8.74324,1.00000,0.17139,4
0.00351,0.83626,44.54246,0.00000,1.66171,0
0.08024,1.00000,8.75747,1.00000,0.08789,4
0.00078,0.78866,44.31669,0.00000,1.67496,0
0.09837,0.53885,8.68340,1.00000,0.17126,4
0.08823,0.63694,11.38223,1.00000,0.18604,4
0.00585,0.15917,44.81429,0.00000,1.66667,1
0.00602,0.14983,43.47935,1.00000,1.70415,1
0.06385,0.69415,49.29557,1.00000,0.09283,2
0.06772,0.76408,46.67268,1.00000,0.47788,2
0.07918,0.48795,46.44659,1.00000,0.21440,2
0.08855,0.45911,47.08999,1.00000,0.48567,2
0.08064,0.44268,48.14708,1.00000,0.35512,2
0.06643,0.66346,10.66449,1.00000,0.21256,4
0.06721,0.87857,10.23915,1.00000,0.16223,4
0.09324,0.66038,45.40248,1.00000,1.61637,3
0.09068,0.57530,10.65072,1.00000,0.16203,4
0.00103,0.85000,45.56773,0.00000,1.64702,0
0.04248,1.00000,10.96243,1.00000,0.13172,4
0.08963,0.44466,41.79793,1.00000,0.51683,2
0.07758,0.90446,9.16113,1.00000,0.15379,4
0.08173,0.60131,46.24557,1.00000,1.65873,3
0.03497,0.23241,45.43739,1.00000,1.68247,1
0.10265,0.55319,45.28114,1.00000,1.61179,3
0.10862,0.65730,8.71220,1.00000,0.14369,4
0.04011,0.04718,45.07729,0.00000,1.64041,1
0.00011,1.00000,45.30032,1.00000,1.74145,0
0.09139,0.05144,45.78927,0.00000,1.63411,1
0.08775,0.55530,45.62618,1.00000,1.62091,3
0.05173,0.02605,45.30399,0.00000,1.62672,1
0.06367,0.11002,45.75295,1.00000,1.71091,1
0.00003,1.00000,46.28305,1.00000,1.58243,0
0.00029,0.80711,43.86115,0.00000,1.66335,0
0.09110,0.89820,45.09877,1.00000,1.67308,3
0.10419,0.95152,10.63610,1.00000,0.22431,4
0.09029,0.50885,49.99050,1.00000,0.33523,2
0.07440,0.57111,45.88061,1.00000,1.66331,3
0.07691,0.68661,43.45630,1.00000,0.51000,2
0.07535,0.68407,39.53609,1.00000,0.34866,2
0.07968,0.77311,11.87774,1.00000,0.21727,4
0.07851,0.02405,46.43587,0.00000,1.65200,1
0.09369,0.50222,44.33140,1.00000,1.65537,3
0.00010,1.00000,45.49426,1.00000,1.73151,0
0.05415,0.86800,51.69455,1.00000,0.89887,2
0.08676,0.95238,45.09660,1.00000,1.30590,3
0.08982,0.04290,45.18409,0.00000,1.60938,1
0.06015,1.00000,45.55455,1.00000,0.34992,2
0.03616,0.07725,44.11561,0.00000,1.63022,1
0.05241,0.53579,8.40203,1.00000,0.15624,4
0.00042,1.00000,45.58289,1.00000,1.77253,0
0.00011,1.00000,44.83729,1.00000,1.73663,0
0.06690,0.58621,10.21806,1.00000,0.17013,4
0.00006,1.00000,44.26206,1.00000,1.75342,0
0.06817,0.86339,49.51262,1.00000,0.80372,2
0.08929,0.43810,43.57303,1.00000,0.68890,2
0.08191,0.41440,46.99428,1.00000,0.67483,2
0.07917,0.93082,56.48909,1.00000,0.15448,2
0.09214,0.42614,48.73096,1.00000,0.38113,2
0.00821,0.11391,44.46582,0.00000,1.66865,1
0.08064,0.69625,7.11456,1.00000,0.14066,4
0.10413,0.66454,9.62170,1.00000,0.17610,4
0.07761,0.56901,6.83335,1.00000,0.16868,4
0.10887,0.97452,45.15839,1.00000,0.72361,2
0.08106,0.57619,9.62001,1.00000,0.18243,4
0.05121,0.93197,50.87727,1.00000,0.23105,2
0.01861,0.05481,45.74721,0.00000,1.65386,1
0.09224,0.50831,9.29496,1.00000,0.14064,4
0.04948,0.75743,8.65533,1.00000,0.17698,4
0.08303,0.51096,48.15063,1.00000,0.35897,2
0.05226,0.87719,13.08155,1.00000,0.19199,4
0.07752,0.72951,11.68854,1.00000,0.19952,4
0.09717,0.82308,50.69303,1.00000,0.72626,2
0.00017,1.00000,46.21554,1.00000,1.72556,0
0.01757,0.07353,45.60000,1.00000,1.71500,1
0.01886,0.05052,46.31173,0.00000,1.66442,1
0.00572,0.15832,46.03168,0.00000,1.64363,1
0.10163,0.59722,9.40999,1.00000,0.17090,4
0.00243,0.51295,45.11817,1.00000,1.70217,1
0.00012,1.00000,45.57955,1.00000,1.67924,0
0.09950,0.73519,45.46641,1.00000,1.41797,3
0.05647,0.99065,54.33191,1.00000,0.50062,2
0.06711,0.61639,11.04426,1.00000,0.17700,4
0.00056,0.92308,44.83999,0.00000,1.54105,0
0.00005,0.83784,44.75091,0.00000,1.68439,0
0.06386,0.56695,45.62775,1.00000,1.60386,3
0.10075,0.75972,45.69039,1.00000,1.30001,3
0.00864,0.07384,44.90637,0.00000,1.63794,1
0.02145,1.00000,52.28294,1.00000,0.52665,2
0.06740,0.58630,8.50605,1.00000,0.15193,4
0.01678,1.00000,58.17557,1.00000,0.42009,2
0.07941,0.73585,45.77807,1.00000,1.51413,3
0.06876,0.92228,49.32339,1.00000,0.65835,2
0.08006,0.67342,44.72729,1.00000,1.61462,3
0.08762,0.41196,45.07535,1.00000,0.76561,2
0.00011,1.00000,45.30103,1.00000,1.79642,0
0.00009,1.00000,44.65121,1.00000,1.74324,0
0.09167,0.93427,45.38120,1.00000,1.55592,3
0.07994,0.53807,9.78509,1.00000,0.17455,4
0.00017,1.00000,46.14129,1.00000,1.66233,0
0.13769,0.03753,45.26175,1.00000,1.68795,1
0.09049,0.45201,45.82431,1.00000,1.52117,3
0.04304,0.02811,45.68749,0.00000,1.66776,1
0.00471,0.98529,54.76767,1.00000,0.48045,2
0.08445,0.65123,7.47897,1.00000,0.16633,4
0.00004,1.00000,45.61764,1.00000,1.65631,0
0.07331,0.76241,46.49908,1.00000,1.74368,3
0.00003,1.00000,44.02263,1.00000,1.48783,0
0.00011,1.00000,45.47951,1.00000,1.75385,0
0.03101,0.06792,46.21795,0.00000,1.60337,1
0.08238,0.48917,45.57894,1.00000,1.66694,3
0.07471,0.79372,10.24451,1.00000,0.13358,4
0.00002,1.00000,44.77760,1.00000,1.80737,0
0.08176,0.97605,50.29573,1.00000,0.78439,2
0.00018,0.91429,44.93782,0.00000,1.65934,0
0.01183,0.08307,44.02144,1.00000,1.70103,1
0.07272,0.82965,42.23193,1.00000,0.68685,2
0.00058,1.00000,46.11389,1.00000,1.76766,0
0.00027,1.00000,44.87991,1.00000,1.69152,0
0.07013,0.80000,11.26384,1.00000,0.17887,4
0.10304,0.57602,8.56812,1.00000,0.18778,4
0.00010,1.00000,44.27316,1.00000,1.67125,0
0.01385,0.98592,15.66545,1.00000,0.19379,4
0.10366,0.75325,9.65222,1.00000,0.17042,4
0.01135,0.95122,12.72784,1.00000,0.31258,4
0.00224,0.85366,45.54324,0.00000,1.68490,0
0.08456,0.97794,47.01220,1.00000,0.26009,2
0.08068,0.53653,45.29073,1.00000,1.70664,3
0.10145,0.51122,7.30151,1.00000,0.15530,4
0.10608,0.59950,50.48823,1.00000,0.51301,2
0.07078,0.55679,45.09892,1.00000,1.51069,3
0.10737,0.97945,51.04336,1.00000,0.34624,2
0.00013,1.00000,44.83120,1.00000,1.77872,0
0.01013,0.08511,45.20400,1.00000,1.71551,1
0.00009,1.00000,45.23946,1.00000,1.72376,0
0.09089,0.57277,51.71161,1.00000,0.39802,2
0.00002,1.00000,44.45543,1.00000,1.77159,0
0.00006,1.00000,44.90209,1.00000,1.76369,0
0.10269,0.16532,45.67282,1.00000,1.71190,1
0.08462,0.58537,45.72128,1.00000,1.53890,3
0.09957,0.88318,44.61468,1.00000,1.50356,3
0.05770,0.57627,10.68249,1.00000,0.16132,4
0.01372,0.14027,44.15821,1.00000,1.70993,1
0.01708,0.17654,46.17674,1.00000,1.71457,1
0.04455,0.05919,45.57436,1.00000,1.71756,1
0.08099,0.40283,46.13281,1.00000,1.69604,3
0.06670,0.85204,9.50576,1.00000,0.19473,4
0.00042,1.00000,44.95786,1.00000,1.69546,0
0.08297,0.67018,49.05008,1.00000,0.39340,2
0.06695,0.61848,50.30223,1.00000,0.75466,2
0.09748,0.73851,44.84045,1.00000,1.53168,3
0.09151,0.55319,49.36213,1.00000,0.21283,2
0.01926,0.04816,45.26200,1.00000,1.69020,1
0.07519,0.56071,46.31410,1.00000,0.82065,2
0.01792,0.10032,45.14868,1.00000,1.70873,1
0.02649,1.00000,51.86407,1.00000,0.57637,2
0.00033,1.00000,45.65254,1.00000,1.80852,0
0.00149,0.46634,44.77549,1.00000,1.67800,1
0.09340,0.81377,50.67393,1.00000,0.72512,2
0.05943,0.51402,9.02911,1.00000,0.14051,4
0.07249,0.58124,46.42696,1.00000,1.54034,3
0.06765,0.54442,9.27716,1.00000,0.18101,4
0.07730,0.69900,11.27714,1.00000,0.17825,4
0.00012,1.00000,44.95012,1.00000,1.57096,0
0.03306,0.07128,45.57378,1.00000,1.70479,1
0.07170,0.65423,45.29155,1.00000,1.70907,3
0.02106,0.05676,46.33526,1.00000,1.68417,1
0.07221,0.67135,9.71559,1.00000,0.15406,4
0.08301,0.59060,45.23412,1.00000,1.33772,3
0.00038,0.77895,44.41866,0.00000,1.64432,0
0.09958,0.59219,40.90133,1.00000,0.77943,2
0.00058,1.00000,45.82367,1.00000,1.63612,0
0.10176,0.54367,49.95409,1.00000,0.73019,2
0.08081,0.73226,45.72417,1.00000,1.57666,3
0.07882,0.66667,8.48408,1.00000,0.13709,4
0.01542,1.00000,12.87519,1.00000,0.16651,4
0.00003,1.00000,45.39154,1.00000,1.67062,0
0.07678,0.72152,45.82888,1.00000,1.64134,3
0.07006,0.73469,44.48986,1.00000,1.47177,3
0.03371,0.04065,43.97920,0.00000,1.65467,1
0.06116,0.66563,11.94290,1.00000,0.16731,4
0.04702,0.07603,44.08402,1.00000,1.70094,1
0.01639,0.05355,46.29537,1.00000,1.69236,1
0.07417,0.92488,46.14139,1.00000,1.70043,3
0.01764,0.07497,44.53439,0.00000,1.63519,1
0.00010,1.00000,45.63591,1.00000,1.71802,0
0.05229,0.72263,9.02181,1.00000,0.17572,4
0.02076,0.04713,45.56281,1.00000,1.71419,1
0.09525,0.55556,41.92165,1.00000,0.73078,2
0.00075,0.76923,43.78225,0.00000,1.65394,0
0.00022,1.00000,44.27611,1.00000,1.41062,0
0.10067,0.48654,44.31403,1.00000,1.63608,3
0.07047,0.65565,48.70416,1.00000,0.00001,2
0.00024,0.89583,45.39450,0.00000,1.64664,0
0.09013,0.52766,44.68885,1.00000,1.66463,3
0.09089,0.53178,52.90100,1.00000,0.70670,2
0.00012,1.00000,45.68911,1.00000,1.76655,0
0.00011,1.00000,44.87734,1.00000,1.74331,0
0.08215,0.76842,51.46985,1.00000,0.83714,2
0.01569,0.06231,46.62968,1.00000,1.72768,1
0.07054,0.90395,47.28757,1.00000,0.96346,2
0.08772,0.96216,50.54224,1.00000,0.27780,2
0.01790,0.12403,45.09190,1.00000,1.70571,1
0.00027,1.00000,45.26494,1.00000,1.74003,0
0.03148,0.11973,46.22804,1.00000,1.70181,1
0.00331,0.53877,45.65369,0.00000,1.63818,1
0.09598,0.50380,49.99381,1.00000,0.54797,2
0.06122,0.92517,44.32407,1.00000,1.50971,3
0.00047,1.00000,44.93903,1.00000,1.64097,0
0.09305,0.64524,45.83386,1.00000,1.54966,3
0.01070,0.07953,45.27439,1.00000,1.68750,1
0.01993,0.96774,51.26355,1.00000,0.44103,2
0.00008,1.00000,45.13531,1.00000,1.77509,0
0.00012,1.00000,44.76055,1.00000,1.62535,0
0.03944,0.99248,17.30539,1.00000,0.20058,4
0.00023,0.88060,45.27885,0.00000,1.65917,0
0.00009,1.00000,45.13228,1.00000,1.76183,0
0.02596,0.04065,44.70498,0.00000,1.63674,1
0.07984,0.59471,45.34006,1.00000,1.63492,3
0.09474,0.82083,47.97305,1.00000,0.69360,2
0.09051,0.46139,45.92629,1.00000,0.50896,2
0.05339,0.58145,11.69957,1.00000,0.17824,4
0.00019,0.84706,44.15097,0.00000,1.67167,0
0.08904,0.53644,44.46534,1.00000,0.35575,2
0.07397,0.94495,44.68719,1.00000,1.30285,3
0.00444,0.21894,45.36461,1.00000,1.69403,1
0.06937,0.03644,45.43826,0.00000,1.61881,1
0.11018,0.48532,45.34530,1.00000,1.50589,3
0.03909,0.92000,44.71543,1.00000,1.29117,3
0.08087,0.56770,44.71698,1.00000,1.64361,3
0.00542,0.14188,45.29752,0.00000,1.62622,1
0.08109,0.05579,46.16202,1.00000,1.68399,1
0.00002,1.00000,45.32112,1.00000,1.76135,0
0.10401,0.45911,40.78069,1.00000,0.83182,2
0.03746,0.04171,44.73291,1.00000,1.69312,1
0.07340,0.97849,49.91473,1.00000,0.76653,2
0.09297,0.62217,48.35779,1.00000,0.53695,2
0.05725,0.53913,6.64379,1.00000,0.13150,4
0.08657,0.52047,50.11551,1.00000,0.60299,2
0.06349,0.45902,49.04011,1.00000,0.43553,2
0.08932,0.50740,45.49899,1.00000,1.61370,3
0.08672,0.59733,45.09343,1.00000,0.61775,2
0.00002,1.00000,45.60557,1.00000,1.44847,0
0.08667,0.45731,45.31527,1.00000,1.59690,3
0.00875,0.15899,46.33683,1.00000,1.70167,1
0.01803,0.05682,45.96636,1.00000,1.69689,1
0.05395,0.95062,47.63625,1.00000,0.66693,2
0.09394,0.57834,45.90199,1.00000,1.61584,3
0.04479,0.92941,10.23308,1.00000,0.16296,4
0.10695,0.47601,44.61097,1.00000,0.83364,2
0.00006,1.00000,44.33045,1.00000,1.75574,0
0.00004,1.00000,45.17111,1.00000,1.77852,0
0.09103,0.47358,45.32356,1.00000,1.72988,3
0.00166,0.59733,45.21020,1.00000,1.73011,1
0.07896,0.72289,45.19295,1.00000,1.63723,3
0.09760,0.51060,44.21822,1.00000,0.62436,2
0.05547,1.00000,15.39123,1.00000,0.20773,4
0.09027,0.43936,44.71520,1.00000,1.60928,3
0.08753,0.44553,49.34848,1.00000,0.22078,2
0.00048,0.95833,44.22456,1.00000,1.72165,1
0.00003,0.89655,45.42999,0.00000,1.62196,0
0.07134,0.72614,10.75876,1.00000,0.16361,4
0.08727,0.70648,42.71091,1.00000,0.43569,2
0.07635,0.80928,9.02860,1.00000,0.18075,4
0.10674,0.74468,10.69368,1.00000,0.16994,4
0.07035,0.58495,47.30028,1.00000,0.47716,2
0.08175,0.65757,9.90009,1.00000,0.21212,4
0.07177,0.64578,45.73112,1.00000,1.58792,3
0.00008,1.00000,46.11081,1.00000,1.67352,0
0.05849,0.89130,43.46894,1.00000,1.26819,3
0.08919,0.04179,44.64161,0.00000,1.62727,1
0.08349,0.73379,8.80997,1.00000,0.14699,4
0.09516,0.89412,44.79154,1.00000,1.38139,3
0.01247,0.09130,46.41779,0.00000,1.67222,1
0.00031,1.00000,45.69427,1.00000,1.70726,0
0.05461,0.04601,44.67266,1.00000,1.68005,1
0.08140,0.78244,45.58286,1.00000,0.61066,2
0.09088,0.56863,7.36680,1.00000,0.15360,4
0.00002,1.00000,44.87956,1.00000,1.82437,0
0.09769,0.62647,9.31181,1.00000,0.15998,4
0.09982,0.63758,44.49695,1.00000,0.58946,2
0.04111,0.94286,47.89433,1.00000,0.72588,2
0.00189,0.46269,44.68074,0.00000,1.63470,1
0.09441,0.92248,8.77969,1.00000,0.13378,4
0.05302,0.05590,45.69543,0.00000,1.67838,1
0.06592,1.00000,51.12391,1.00000,0.54356,2
0.08261,0.74729,11.14231,1.00000,0.18250,4
0.10120,0.54084,53.08434,1.00000,0.62793,2
0.00028,0.98182,45.79039,1.00000,1.72603,0
0.00733,0.12821,44.90970,0.00000,1.64120,1
0.11731,0.97183,9.57017,1.00000,0.13759,4
0.01062,0.09591,46.03772,0.00000,1.67011,1
0.01961,0.04277,45.75842,1.00000,1.70793,1
0.00007,1.00000,45.40883,1.00000,1.61976,0
0.08512,0.58942,9.30581,1.00000,0.19510,4
0.09213,0.48087,44.54389,1.00000,1.63652,3
0.07151,0.88095,40.82101,1.00000,0.51184,2
0.03693,1.00000,51.89603,1.00000,0.80500,2
0.05515,0.08868,45.34591,0.00000,1.66320,1
0.08146,0.70796,42.87095,1.00000,0.64794,2
0.08819,0.60182,12.30494,1.00000,0.19239,4
0.08932,0.73352,46.71450,1.00000,0.59923,2
0.05571,0.46457,45.23388,1.00000,0.50301,2
0.09601,0.66310,8.23529,1.00000,0.15882,4
0.00189,1.00000,46.06862,1.00000,1.66456,0
0.01067,0.20388,46.01270,1.00000,1.68176,1
0.09616,0.63450,45.16883,1.00000,1.55912,3
0.06315,0.60692,10.30174,1.00000,0.17347,4
0.04153,0.92574,44.44724,1.00000,1.37770,3
0.11392,0.70588,9.90279,1.00000,0.15533,4
0.08473,0.44922,42.65632,1.00000,0.67133,2
0.07684,0.51131,44.11540,1.00000,1.66798,3
0.08099,0.87854,50.81379,1.00000,0.73991,2
0.00302,1.00000,8.98001,1.00000,0.09606,4
0.00004,1.00000,45.32271,1.00000,1.80737,0
0.07872,0.75235,41.41386,1.00000,0.56971,2
0.06790,0.43783,45.30486,1.00000,0.60370,2
0.09169,0.52586,45.67655,1.00000,1.41670,3
0.03432,0.90751,8.07157,1.00000,0.16872,4
0.00001,1.00000,44.50033,1.00000,1.67027,0
0.10301,0.65549,7.81475,1.00000,0.13564,4
0.06638,0.97006,46.30415,1.00000,1.32008,3
0.05481,0.97619,50.67018,1.00000,0.87354,2
0.08360,0.64824,36.48885,1.00000,0.19613,2
0.00011,1.00000,44.37847,1.00000,1.32538,0
0.01690,0.05913,45.31842,1.00000,1.69451,1
0.01395,0.99099,12.91571,1.00000,0.18608,4
0.04478,0.08378,44.09247,1.00000,1.70660,1
0.00834,0.11881,43.93857,1.00000,1.69337,1
0.00129,0.86520,44.21405,1.00000,1.71159,1
0.10375,0.56932,9.93137,1.00000,0.18472,4
0.02884,0.03229,46.02910,0.00000,1.65041,1
0.00012,1.00000,45.88240,1.00000,1.74719,0
0.07178,0.52530,10.94217,1.00000,0.16007,4
0.07801,0.49706,44.71239,1.00000,1.62211,3
0.03381,0.11797,44.88060,1.00000,1.67729,1
0.01022,0.14318,44.03344,1.00000,1.70715,1
0.00408,0.20145,46.41020,1.00000,1.72714,1
0.07872,0.78512,46.73265,1.00000,0.50114,2
0.01702,0.07579,46.51390,0.00000,1.65864,1
0.13141,0.97087,53.79047,1.00000,0.23037,2
0.01112,0.09924,45.87989,1.00000,1.71032,1
0.08295,0.83051,46.70798,1.00000,0.92733,2
0.00007,1.00000,44.89362,1.00000,1.74206,0
0.00048,0.91566,44.51406,0.00000,1.65674,0
0.08981,0.53457,9.56756,1.00000,0.21234,4
0.03321,0.02708,45.32746,0.00000,1.65233,1
0.00019,1.00000,46.29281,1.00000,1.74081,0
0.00026,0.83041,45.64951,0.00000,1.70041,0
0.00918,0.08906,45.52579,0.00000,1.64006,1
0.02557,0.05036,45.20708,0.00000,1.63848,1
0.00739,0.16494,46.57329,1.00000,1.68758,1
0.00201,1.00000,45.92567,1.00000,1.66069,0
0.01528,0.06458,45.91637,1.00000,1.71262,1
0.06377,0.49453,9.72851,1.00000,0.19732,4
0.00009,0.98182,43.55740,1.00000,1.74752,0
0.07560,0.63305,11.13901,1.00000,0.19118,4
0.09765,0.67092,52.41894,1.00000,0.29161,2
0.05974,0.67838,45.08336,1.00000,1.66917,3
0.09956,0.44782,45.25116,1.00000,1.56755,3
0.03757,0.04723,45.28852,1.00000,1.69310,1
0.01351,0.05475,44.82365,1.00000,1.72166,1
0.03761,0.06023,45.48444,1.00000,1.71786,1
0.00014,1.00000,45.10736,1.00000,1.71842,0
0.10674,0.57609,9.20440,1.00000,0.15936,4
0.00014,0.97917,46.11484,1.00000,1.79905,0
0.00764,0.16959,45.86925,1.00000,1.71830,1
0.08605,0.61310,53.84350,1.00000,0.59180,2
0.08922,0.90710,8.75542,1.00000,0.16026,4
0.00005,1.00000,44.24110,1.00000,1.60377,0
0.08611,0.52521,45.54198,1.00000,1.60890,3
0.08911,0.44088,43.72992,1.00000,0.57029,2
0.09194,0.46449,44.90415,1.00000,1.71925,3
0.00010,0.91304,45.67187,0.00000,1.61546,0
0.00011,1.00000,45.77531,1.00000,1.78512,0
0.04304,1.00000,54.55286,1.00000,0.48091,2
0.09330,0.50840,45.84239,1.00000,0.58784,2
0.09967,0.71940,45.05256,1.00000,1.61034,3
0.07831,0.72635,54.90066,1.00000,0.09893,2
0.00005,1.00000,44.83813,1.00000,1.58624,0
0.05059,0.86792,11.95422,1.00000,0.19143,4
0.04867,0.55508,43.59477,1.00000,0.61566,2
0.07849,0.64815,10.23117,1.00000,0.16581,4
0.05910,0.76415,9.09520,1.00000,0.13057,4
0.09584,0.57112,54.00155,1.00000,0.31618,2
0.00000,1.00000,46.29157,1.00000,0.56831,0
0.10408,0.73139,45.12804,1.00000,1.55232,3
0.05750,0.91597,48.10432,1.00000,0.79863,2
0.08771,0.99187,45.49681,1.00000,1.32768,3
0.00012,1.00000,46.41974,1.00000,1.71879,0
0.00025,1.00000,45.16684,1.00000,1.67369,0
0.10250,0.78157,39.26123,1.00000,0.35448,2
0.10868,0.02608,45.33125,0.00000,1.63633,1
0.08641,0.45803,46.23071,1.00000,1.68492,3
0.09552,0.51992,45.63826,1.00000,1.60955,3
0.10910,0.61765,43.54333,1.00000,0.42831,2
0.02553,0.12961,44.66246,1.00000,1.71569,1
0.06853,0.84229,45.84247,1.00000,1.64593,3
0.09488,0.42908,44.93841,1.00000,1.61857,3
0.02340,0.07353,45.32091,1.00000,1.73656,1
0.08430,0.81949,53.07043,1.00000,0.53425,2
0.09568,0.50403,45.42734,1.00000,1.67689,3
0.08343,0.93789,48.90141,1.00000,0.82746,2
0.08904,0.81735,9.18019,1.00000,0.16198,4
0.10695,0.72941,45.87263,1.00000,0.45974,2
0.00014,0.84615,44.91196,0.00000,1.68275,0
0.08112,0.75581,45.48995,1.00000,1.45016,3
0.00240,0.32962,45.00134,1.00000,1.73205,1
0.05220,0.71000,11.52963,1.00000,0.18171,4
0.05461,0.61800,54.45426,1.00000,0.49542,2
0.06106,0.86689,49.06494,1.00000,0.85668,2
0.09123,0.68208,8.87920,1.00000,0.15507,4
0.09233,0.49060,45.72411,1.00000,1.66713,3
0.09838,0.51805,41.34011,1.00000,0.59834,2
0.00011,1.00000,46.80175,1.00000,1.64484,0
0.00013,0.98246,45.27514,1.00000,1.72156,0
0.00002,1.00000,44.45584,1.00000,1.79584,0
0.07705,0.53812,41.92921,1.00000,0.47776,2
0.02666,0.06120,45.05704,1.00000,1.69789,1
0.09202,0.50106,46.91058,1.00000,0.65855,2
0.00167,0.84211,46.07443,0.00000,1.68246,0
0.08232,0.65116,9.30095,1.00000,0.21348,4
0.10220,0.82895,46.00467,1.00000,1.36334,3
0.07571,0.84362,43.88680,1.00000,0.77730,2
0.08300,1.00000,50.82754,1.00000,0.69005,2
0.00065,0.81313,45.08272,0.00000,1.64752,0
0.08805,0.68421,46.48857,1.00000,1.63744,3
0.10303,0.71717,45.52619,1.00000,1.54640,3
0.06243,0.66410,44.93116,1.00000,1.52673,3
0.10063,0.53501,8.34832,1.00000,0.17723,4
0.10030,0.67363,45.23863,1.00000,1.56803,3
0.01836,0.13851,44.30765,1.00000,1.71538,1
0.06088,0.42171,44.97197,1.00000,1.60572,3
0.08239,0.74671,9.68098,1.00000,0.15685,4
0.05626,0.82018,44.57249,1.00000,0.32036,2
0.00005,1.00000,45.76356,1.00000,1.80784,0
0.11063,0.98611,49.38246,1.00000,0.68054,2
0.08137,0.70170,38.79297,1.00000,0.39413,2
0.07419,0.03330,44.91701,0.00000,1.66622,1
0.00003,0.90909,44.53251,1.00000,1.78088,0
0.03384,0.02508,45.77714,0.00000,1.66262,1
0.06058,0.44821,46.64445,1.00000,1.61650,3
0.00004,1.00000,45.80678,1.00000,1.77582,0
0.05765,0.52246,8.60896,1.00000,0.18490,4
0.09796,0.73984,12.96392,1.00000,0.28786,4
0.07313,0.57277,45.47198,1.00000,1.56342,3
0.07985,0.61326,47.61850,1.00000,0.80246,2
0.00222,0.31962,45.10534,1.00000,1.71649,1
0.08413,0.70155,45.15126,1.00000,1.61945,3
0.00184,1.00000,44.74598,1.00000,1.68416,0
0.09032,0.90909,47.12933,1.00000,0.24016,2
0.04715,0.51250,8.70816,1.00000,0.17585,4
0.00006,0.96154,46.87748,1.00000,1.58146,0
0.10249,0.60475,49.55156,1.00000,0.42429,2
0.10414,0.42883,44.87591,1.00000,0.36308,2
0.02002,0.05699,45.09614,1.00000,1.66174,1
0.04703,0.84962,11.59589,1.00000,0.13646,4
0.00013,1.00000,44.62304,1.00000,1.75767,0
0.07132,0.81974,8.16890,1.00000,0.11461,4
0.04069,0.03756,44.28385,0.00000,1.65505,1
0.00620,0.20337,44.95695,1.00000,1.71656,1
0.07547,0.03434,46.10324,0.00000,1.63814,1
0.06579,0.63483,8.65732,1.00000,0.15602,4
0.05382,0.46032,45.83525,1.00000,1.69851,3
0.07430,0.66881,48.47219,1.00000,0.62437,2
0.07828,0.46429,44.81784,1.00000,1.64403,3
0.08672,0.61954,9.90844,1.00000,0.16954,4
0.00065,1.00000,46.18486,1.00000,1.73472,0
0.09250,0.60965,8.93321,1.00000,0.20889,4
0.02229,0.06465,46.19536,0.00000,1.63921,1
0.00017,1.00000,45.84553,1.00000,1.65722,0
0.00060,1.00000,44.09425,1.00000,1.74538,0
0.00017,1.00000,45.63472,1.00000,1.70668,0
0.09757,0.49908,48.49634,1.00000,0.44704,2
0.09669,0.51724,48.17710,1.00000,0.62822,2
0.00700,0.44354,44.75676,1.00000,1.72295,1
0.08638,0.58422,9.78856,1.00000,0.14305,4
0.01049,0.08868,45.16134,0.00000,1.66372,1
0.01273,0.07505,44.53109,1.00000,1.70731,1
0.07408,0.53864,44.46837,1.00000,1.52447,3
0.09190,0.58779,44.29567,1.00000,1.58055,3
0.05559,0.53776,8.47653,1.00000,0.16666,4
0.07477,0.57297,9.89618,1.00000,0.17776,4
0.08335,0.46211,45.23528,1.00000,0.48663,2
0.09334,0.60194,48.41390,1.00000,0.62723,2
0.07004,0.57547,44.31264,1.00000,1.61698,3
0.04434,0.05573,45.15026,1.00000,1.70960,1
0.00004,1.00000,45.58444,1.00000,1.77938,0
0.08776,0.06465,45.39045,1.00000,1.68647,1
0.07192,0.75849,46.03557,1.00000,1.61989,3
0.00010,0.80000,44.69856,1.00000,1.36886,0
0.10470,0.59338,40.50393,1.00000,0.78816,2
0.00006,0.97297,44.44446,1.00000,1.61847,0
0.08201,0.45191,47.46642,1.00000,0.56174,2
0.07350,0.66244,45.73775,1.00000,0.57063,2
0.09241,0.58172,45.50373,1.00000,1.67143,3
0.06253,1.00000,14.60626,1.00000,0.17796,4
0.06119,0.05797,44.52394,1.00000,1.70049,1
0.04203,0.04073,45.37464,0.00000,1.67152,1
0.08015,0.55478,31.36198,1.00000,0.32989,2
0.10108,0.52927,8.93320,1.00000,0.14914,4
0.09992,0.05149,46.14097,1.00000,1.71789,1
0.07026,0.50307,45.30530,1.00000,1.69822,3
0.00916,0.10032,46.90976,1.00000,1.69826,1
0.00013,1.00000,45.93624,1.00000,1.69141,0
0.08548,0.47159,44.57610,1.00000,1.68920,3
0.07651,0.86842,51.68676,1.00000,0.90244,2
0.03077,0.92593,12.91305,1.00000,0.20174,4
0.06636,0.57883,44.89196,1.00000,1.58430,3
0.01155,0.09218,44.62571,0.00000,1.67893,1
0.00032,0.83217,43.90499,0.00000,1.68440,0
0.07382,0.05252,46.23963,1.00000,1.70867,1
0.00002,1.00000,44.68719,1.00000,1.45626,0
0.00020,1.00000,45.78989,1.00000,1.67483,0
0.00004,1.00000,46.14243,1.00000,1.71909,0
0.00013,1.00000,44.99123,1.00000,1.65509,0
0.08916,0.50214,46.92394,1.00000,0.56985,2
0.00008,1.00000,45.97835,1.00000,1.78940,0
0.02554,0.09452,45.49258,1.00000,1.71755,1
0.08052,0.60105,49.15288,1.00000,0.55921,2
0.15762,0.10796,44.50375,1.00000,1.70462,1
0.08238,0.80709,46.03227,1.00000,0.23343,2
0.00005,1.00000,46.50691,1.00000,1.72378,0
0.10436,0.80814,9.32495,1.00000,0.18317,4
0.09309,0.58333,50.70808,1.00000,0.75266,2
0.01817,0.04601,44.53344,1.00000,1.69932,1
0.09233,0.96907,13.55620,1.00000,0.19166,4
0.00011,1.00000,44.77683,1.00000,1.65910,0
0.00011,1.00000,45.80977,1.00000,1.71439,0
0.00040,1.00000,44.86326,1.00000,1.74565,0
0.00048,1.00000,44.58555,1.00000,1.74934,0
0.07255,0.81951,10.74292,1.00000,0.20770,4
0.09639,0.60736,9.89907,1.00000,0.19027,4
0.00006,0.87719,44.79479,0.00000,1.69445,0
0.00427,0.18713,46.30248,0.00000,1.66280,1
0.00008,1.00000,44.82871,1.00000,1.83377,0
0.09650,0.62037,10.83449,1.00000,0.18572,4
0.08402,0.79151,48.75128,1.00000,0.49565,2
0.08260,0.48155,45.50175,1.00000,1.71877,3
0.09687,0.42760,45.74572,1.00000,1.66168,3
0.00019,1.00000,45.27191,1.00000,1.69960,0
0.07132,0.70357,7.43940,1.00000,0.14401,4
0.06990,0.46653,40.41125,1.00000,0.49977,2
0.00173,1.00000,44.20642,1.00000,1.71036,0
0.08824,0.74644,52.94973,1.00000,0.34375,2
0.03329,0.07953,44.90381,0.00000,1.66896,1
0.09228,0.45681,44.87264,1.00000,1.62118,3
0.00008,1.00000,45.17172,1.00000,1.62458,0
0.00002,1.00000,45.10673,1.00000,1.70477,0
0.00543,0.19254,45.07579,1.00000,1.70997,1
0.08840,0.49351,46.24180,1.00000,1.66389,3
0.00008,0.97872,45.37622,1.00000,1.77785,0
0.04514,0.98413,55.36726,1.00000,0.44919,2
0.01449,0.06029,45.81759,1.00000,1.69844,1
0.08708,0.73759,8.51861,1.00000,0.12729,4
0.06084,0.42979,45.95606,1.00000,0.52649,2
0.06601,0.94444,60.65678,1.00000,0.00000,2
0.11084,0.66295,8.40376,1.00000,0.19656,4
0.00004,1.00000,45.75778,1.00000,1.80751,0
0.08006,0.46869,45.55228,1.00000,1.58241,3
0.00015,0.87826,44.79981,0.00000,1.66380,0
0.01867,0.03434,44.92625,0.00000,1.67935,1
0.00008,1.00000,44.46206,1.00000,1.80310,0
0.09092,0.64957,45.58772,1.00000,1.46789,3
0.00001,1.00000,44.76050,1.00000,1.78668,0
0.01115,0.06139,45.42748,1.00000,1.70251,1
0.07710,0.91667,8.16414,1.00000,0.16683,4
0.05317,0.73585,9.48172,1.00000,0.16120,4
0.06370,0.65517,8.35246,1.00000,0.17924,4
0.01662,1.00000,16.26832,1.00000,0.17473,4
0.08085,0.52985,12.13520,1.00000,0.19845,4
0.08400,0.64124,9.13899,1.00000,0.20215,4
0.00023,0.80628,45.00636,0.00000,1.64056,0
0.00997,0.08174,46.32079,1.00000,1.69258,1
0.09360,0.51829,51.38892,1.00000,0.47815,2
0.00597,0.47849,44.83191,0.00000,1.65195,1
0.08139,0.52058,41.87874,1.00000,0.49075,2
0.08692,0.61111,9.34118,1.00000,0.20181,4
0.09681,0.81387,44.98035,1.00000,1.41773,3
0.09094,0.54506,45.84721,1.00000,1.57445,3
0.09816,0.45372,47.09918,1.00000,0.68570,2
0.05604,0.64578,9.67883,1.00000,0.17271,4
0.08677,0.64257,6.15340,1.00000,0.12473,4
0.00695,0.12821,44.51519,1.00000,1.69503,1
0.00003,1.00000,44.67102,1.00000,1.54583,0
0.09220,0.68502,8.91629,1.00000,0.14490,4
0.09068,0.56303,8.04681,1.00000,0.16374,4
0.00011,1.00000,44.39552,1.00000,1.61525,0
0.01300,0.06029,45.61357,0.00000,1.65016,1
0.08555,0.86122,45.77926,1.00000,1.43527,3
0.08531,0.63017,45.45881,1.00000,0.74993,2
0.10310,0.66667,9.73585,1.00000,0.18432,4
0.09799,0.48444,45.07146,1.00000,1.69309,3
0.00019,0.98305,45.21041,1.00000,1.75731,0
0.09207,0.47780,46.34736,1.00000,1.63905,3
0.08950,0.37629,45.20819,1.00000,1.64635,3
0.13957,0.06806,44.70868,1.00000,1.68620,1
0.06330,0.08280,45.39647,1.00000,1.72517,1
0.02163,0.04703,43.94613,0.00000,1.65787,1
0.17345,0.07937,44.36722,1.00000,1.73424,1
0.00589,0.46416,46.25818,0.00000,1.65271,1
0.00002,1.00000,46.03401,1.00000,1.75025,0
0.02121,0.04713,45.09344,0.00000,1.65092,1
0.02519,1.00000,13.89128,1.00000,0.18366,4
0.08216,0.78077,11.88140,1.00000,0.22625,4
0.00013,1.00000,46.12750,1.00000,1.74484,0
0.01126,0.10412,44.80592,0.00000,1.65105,1
0.00080,0.82547,45.75937,0.00000,1.63788,0
0.00003,1.00000,46.21414,1.00000,1.51065,0
0.10069,0.61818,45.33088,1.00000,1.48789,3
0.06560,0.70168,11.29158,1.00000,0.18783,4
0.08220,0.72549,44.57222,1.00000,1.41599,3
0.05963,0.71726,10.47279,1.00000,0.18067,4
0.00015,1.00000,44.76025,1.00000,1.63238,0
0.00001,1.00000,45.77415,1.00000,1.66805,0
0.08063,0.59300,45.22607,1.00000,1.68265,3
0.07915,0.68858,10.39872,1.00000,0.16242,4
0.07806,0.87085,44.30620,1.00000,1.34923,3
0.07474,0.57944,48.86727,1.00000,0.41553,2
0.00007,1.00000,45.99926,1.00000,1.65744,0
0.08561,0.47106,45.71767,1.00000,0.52614,2
0.05840,0.86471,11.34368,1.00000,0.14511,4
0.00003,1.00000,45.00779,1.00000,1.78237,0
0.07544,0.52314,49.57420,1.00000,0.65278,2
0.06805,0.64311,10.06676,1.00000,0.23118,4
0.00706,0.12058,46.02788,1.00000,1.72911,1
0.07918,0.52575,9.65989,1.00000,0.16568,4
0.06229,0.61779,11.41387,1.00000,0.16813,4
0.10145,0.38612,45.36465,1.00000,1.52403,3
0.01368,0.07143,45.18229,0.00000,1.65123,1
0.08129,0.83607,8.02256,1.00000,0.18109,4
0.07083,0.74170,45.10274,1.00000,1.47119,3
0.02468,0.05901,45.23274,0.00000,1.65436,1
0.00008,1.00000,45.96825,1.00000,1.54364,0
0.00001,1.00000,45.83973,1.00000,1.13380,0
0.00002,1.00000,46.45855,1.00000,1.79303,0
0.02174,0.06452,45.98964,1.00000,1.68027,1
0.06619,0.65000,9.85373,1.00000,0.18125,4
0.08165,0.64103,7.95417,1.00000,0.11939,4
0.06546,0.85854,9.37787,1.00000,0.15462,4
0.09144,0.51566,45.52490,1.00000,1.55266,3
0.06825,0.77891,10.52969,1.00000,0.25545,4
0.08532,0.77338,51.52166,1.00000,0.27561,2
0.08977,0.44841,45.20105,1.00000,0.41858,2
0.09696,0.71385,10.39564,1.00000,0.17679,4
0.00005,1.00000,45.89037,1.00000,0.62486,0
0.09534,0.93220,7.94908,1.00000,0.14918,4
0.00014,1.00000,44.23728,1.00000,1.80838,0
0.09822,0.52793,8.47130,1.00000,0.15403,4
0.08998,0.52201,42.60317,1.00000,0.64445,2
0.05512,0.88889,11.24320,1.00000,0.17246,4
0.18511,0.05694,45.88554,1.00000,1.69925,1
0.02912,0.02811,46.03287,0.00000,1.61261,1
0.09548,0.93264,45.43642,1.00000,1.35509,3
0.07700,0.62632,8.34186,1.00000,0.14970,4
0.09393,0.60753,7.49300,1.00000,0.15106,4
0.06388,0.61180,45.55759,1.00000,1.63347,3
0.09444,0.66763,45.54835,1.00000,1.70562,3
0.09202,0.52165,50.29899,1.00000,0.65424,2
0.02337,0.24809,45.01098,1.00000,1.70686,1
0.00718,0.16322,45.04931,1.00000,1.70976,1
0.08655,0.65039,9.03877,1.00000,0.14265,4
0.08355,0.58520,44.38785,1.00000,1.69505,3
0.00901,0.11269,44.70584,0.00000,1.59894,1
0.01519,0.78862,10.03801,1.00000,0.14074,4
0.05902,0.63095,44.36570,1.00000,0.66831,2
0.02618,0.03753,45.63411,0.00000,1.66820,1
0.26189,0.10293,45.00422,1.00000,1.67813,1
0.05678,0.95513,51.84597,1.00000,0.80638,2
0.08455,0.92903,45.12060,1.00000,1.11370,3
0.00962,0.09806,46.56394,1.00000,1.73468,1
0.09139,0.47166,40.81988,1.00000,0.63031,2
0.00009,1.00000,45.48617,1.00000,1.66001,0
0.08667,0.57709,10.56315,1.00000,0.19013,4
0.03202,0.98824,55.41350,1.00000,0.00000,2
0.05545,0.89545,50.49354,1.00000,0.38357,2
0.01906,0.14448,44.93743,1.00000,1.70808,1
0.01139,0.09914,45.41002,1.00000,1.72176,1
0.00012,1.00000,45.07803,1.00000,1.74517,0
0.00004,1.00000,45.92693,1.00000,1.81721,0
0.06828,0.87190,44.56377,1.00000,1.29924,3
0.04573,0.06688,45.57554,1.00000,1.70221,1
0.08076,0.73585,10.02736,1.00000,0.19939,4
0.06809,0.94595,45.66468,1.00000,1.50267,3
0.11507,0.06348,45.08558,0.00000,1.65506,1
0.08831,0.47358,41.62336,1.00000,0.59319,2
0.00001,1.00000,46.93227,1.00000,1.55504,0
0.00026,1.00000,45.82825,1.00000,1.67525,0
0.00005,1.00000,45.80786,1.00000,1.49178,0
0.06317,0.66667,8.79015,1.00000,0.16187,4
0.01740,0.12695,45.56279,0.00000,1.66768,1
0.00686,0.13029,45.23041,1.00000,1.71287,1
0.00013,1.00000,43.42506,1.00000,1.71039,0
0.00012,1.00000,46.21399,1.00000,1.64917,0
0.00002,1.00000,44.11461,1.00000,1.75555,0
0.00010,1.00000,45.00173,1.00000,1.76637,0
0.01997,0.06023,45.23049,1.00000,1.70686,1
0.09764,0.48638,46.09369,1.00000,0.54016,2
0.09543,0.49797,45.94667,1.00000,0.50773,2
0.05831,0.97333,8.30255,1.00000,0.18479,4
0.00734,0.14853,46.15490,1.00000,1.70893,1
0.00593,0.25095,45.32070,1.00000,1.69646,1
0.04624,0.35735,46.09666,1.00000,1.70617,1
0.00002,1.00000,45.55306,1.00000,1.76233,0
0.07130,0.43761,50.75175,1.00000,0.47327,2
0.08344,0.58103,46.20193,1.00000,0.54343,2
0.09512,0.76030,46.03359,1.00000,0.12602,2
0.01097,0.10675,45.75818,1.00000,1.68161,1
0.06301,0.76838,44.23286,1.00000,1.43072,3
0.08031,0.56642,9.46656,1.00000,0.16508,4
0.08740,0.65242,8.57241,1.00000,0.15445,4
0.08831,0.55066,46.19080,1.00000,0.66198,2
0.04147,0.85654,54.61635,1.00000,0.19833,2
0.00017,1.00000,44.52346,1.00000,1.64953,0
0.03372,0.04179,45.64768,0.00000,1.66053,1
0.00468,0.17361,46.34733,1.00000,1.70661,1
0.00648,0.12626,44.74211,0.00000,1.64086,1
0.07812,0.71676,46.44701,1.00000,1.49781,3
0.07111,0.58640,45.28059,1.00000,1.59663,3
0.07662,0.61337,52.46105,1.00000,0.07249,2
0.02400,0.04286,46.83354,0.00000,1.62657,1
0.05617,0.13386,44.73835,1.00000,1.67897,1
0.10109,0.86512,10.73944,1.00000,0.17633,4
0.00001,1.00000,45.67653,1.00000,1.46028,0
0.08196,0.49061,39.24154,1.00000,0.67159,2
0.00046,1.00000,46.01561,1.00000,1.42211,0
0.00010,1.00000,45.47802,1.00000,1.63182,0
0.07402,0.60591,8.15269,1.00000,0.16548,4
0.05804,0.03546,45.88869,0.00000,1.61905,1
0.00006,1.00000,45.63637,1.00000,1.70604,0
0.10340,0.54036,8.16107,1.00000,0.11893,4
0.07090,0.64890,9.64286,1.00000,0.15285,4
0.08092,0.85909,48.96789,1.00000,0.65135,2
0.00010,0.88889,45.33329,0.00000,1.69333,0
0.08904,0.81685,46.31660,1.00000,1.44279,3
0.10097,0.73783,7.37708,1.00000,0.18655,4
0.06831,0.80645,44.64309,1.00000,1.62312,3
0.01098,0.21377,43.94509,1.00000,1.72876,1
0.00055,0.76211,47.16408,0.00000,1.67183,0
0.09470,0.49385,9.55130,1.00000,0.16616,4
0.08440,0.82063,36.68423,1.00000,0.43362,2
0.08476,0.49359,45.01261,1.00000,0.45798,2
0.08227,0.47990,9.15056,1.00000,0.15945,4
0.00003,1.00000,45.10260,1.00000,1.65350,0
0.08363,0.43750,45.40778,1.00000,1.69079,3
0.00005,0.93333,43.85799,0.00000,1.64728,0
0.00011,1.00000,44.89810,1.00000,1.74113,0
0.07841,0.96552,44.40650,1.00000,1.36547,3
0.09718,0.63971,46.83008,1.00000,0.41504,2
0.06806,0.61503,49.13692,1.00000,0.39272,2
0.07236,0.56322,44.19927,1.00000,1.60769,3
0.09357,0.60584,45.80842,1.00000,1.63331,3
0.00004,1.00000,44.90696,1.00000,1.64749,0
0.00727,0.30026,45.00560,1.00000,1.69136,1
0.00005,1.00000,44.78887,1.00000,1.71761,0
0.00018,1.00000,45.57085,1.00000,1.77143,0
0.03035,0.07023,45.09614,1.00000,1.70150,1
0.07487,0.63914,7.81484,1.00000,0.11889,4
0.08310,0.81731,51.69264,1.00000,0.62762,2
0.00068,1.00000,45.66311,1.00000,1.80624,0
0.03069,0.09227,45.61408,0.00000,1.66044,1
0.00027,1.00000,44.45799,1.00000,1.66997,0
0.06264,0.02505,45.64109,0.00000,1.65984,1
0.06580,0.53546,8.64886,1.00000,0.18331,4
0.00403,0.28456,45.43857,0.00000,1.62376,1
0.08532,0.58191,11.15289,1.00000,0.21576,4
0.08512,0.41093,46.81898,1.00000,0.62702,2
0.04785,0.99291,53.05657,1.00000,0.29988,2
0.10933,0.76101,44.10690,1.00000,1.43700,3
0.00012,1.00000,45.86910,1.00000,1.75469,0
0.09125,0.70852,9.04335,1.00000,0.11782,4
0.11703,0.61622,7.54480,1.00000,0.12226,4
0.00990,0.47920,45.17094,1.00000,1.69416,1
0.04857,1.00000,55.09237,1.00000,0.47604,2
0.00006,0.96296,45.56501,1.00000,1.62282,0
0.10752,0.68047,9.93894,1.00000,0.14661,4
0.07028,0.53548,8.91872,1.00000,0.17539,4
0.08799,0.43229,45.52529,1.00000,1.65575,3
0.05906,0.07248,45.51708,1.00000,1.68613,1
0.04973,0.81974,7.93180,1.00000,0.16938,4
0.00004,1.00000,44.69606,1.00000,1.73661,0
0.02518,0.05258,45.28972,1.00000,1.67799,1
0.05250,0.61146,9.29996,1.00000,0.21606,4
0.07485,0.61737,45.71125,1.00000,1.55658,3
0.09431,0.78481,44.21475,1.00000,0.45505,2
0.07817,0.60398,48.63673,1.00000,0.40742,2
0.07652,0.49393,49.34987,1.00000,0.50887,2
0.09681,0.88785,45.72009,1.00000,1.47712,3
0.09601,0.63840,48.72865,1.00000,0.67012,2
0.07465,0.82721,44.19973,1.00000,0.64571,2
0.31159,0.03330,46.25291,0.00000,1.67705,1
0.09387,0.66555,8.25740,1.00000,0.13459,4
0.00006,0.90000,45.56021,0.00000,1.58997,0
0.00018,0.84106,44.54269,0.00000,1.65750,0
0.02722,0.06918,44.73314,1.00000,1.67079,1
0.09636,0.56812,9.35727,1.00000,0.17418,4
0.09722,0.57277,45.57455,1.00000,1.60291,3
0.09216,0.74332,44.02713,1.00000,0.47814,2
0.06901,0.94819,48.11624,1.00000,0.79959,2
0.00004,1.00000,44.59885,1.00000,1.58472,0
0.10331,0.80702,9.12848,1.00000,0.17343,4
0.07287,0.73824,48.62343,1.00000,0.26789,2
0.00005,0.85714,46.81735,1.00000,1.68197,0
0.09120,0.45280,49.28588,1.00000,0.81261,2
0.00006,1.00000,46.28966,1.00000,1.72472,0
0.08776,0.67287,45.54047,1.00000,1.68329,3
0.00822,0.19498,45.57123,1.00000,1.69411,1
0.07056,0.57175,9.76653,1.00000,0.15951,4
0.00013,1.00000,45.78296,1.00000,1.69095,0
0.07775,0.83721,8.79088,1.00000,0.17589,4
0.11413,0.76333,43.50330,1.00000,0.44408,2
0.00007,1.00000,44.83928,1.00000,1.63827,0
0.03392,0.11758,44.77513,1.00000,1.68408,1
0.08572,0.59155,49.39213,1.00000,0.47889,2
0.08888,0.83857,50.51589,1.00000,0.21542,2
0.04136,1.00000,12.22558,1.00000,0.13170,4
0.02502,0.09120,44.94687,1.00000,1.69874,1
0.08409,0.51324,43.91692,1.00000,1.69954,3
0.00066,1.00000,45.46237,1.00000,1.78513,0
0.02028,0.99020,52.98461,1.00000,0.79648,2
0.06437,0.64359,42.91941,1.00000,0.37331,2
0.08448,0.02714,45.55771,0.00000,1.63911,1
0.00068,1.00000,45.02120,1.00000,1.64454,0
0.08696,0.63158,46.17942,1.00000,0.49412,2
0.09059,0.55870,44.97508,1.00000,1.56947,3
0.08274,0.64776,9.05619,1.00000,0.15095,4
0.10180,0.52298,45.50874,1.00000,1.63874,3
0.01432,0.07023,44.60606,0.00000,1.67614,1
0.00859,0.10543,45.64172,1.00000,1.71698,1
0.00003,1.00000,46.27841,1.00000,1.46517,0
0.00002,1.00000,46.96912,1.00000,0.54853,0
0.06835,0.48190,43.06023,1.00000,0.10638,2
0.07950,0.93750,13.63177,1.00000,0.23791,4
0.00007,0.88235,45.10782,0.00000,1.72434,0
0.09490,0.47992,44.93665,1.00000,1.63754,3
0.00004,1.00000,45.09500,1.00000,1.66081,0
0.10384,0.94340,9.37769,1.00000,0.22163,4
0.04777,0.98958,52.26231,1.00000,0.55086,2
0.08943,0.46316,44.34905,1.00000,1.58884,3
0.04324,0.51257,45.20950,1.00000,1.70382,3
0.08656,0.67123,44.89800,1.00000,1.68138,3
0.06773,0.90426,11.58434,1.00000,0.17049,4
0.07986,0.41776,44.98004,1.00000,1.66838,3
0.05269,0.97938,53.95202,1.00000,0.73226,2
0.08155,0.61741,9.56834,1.00000,0.18249,4
0.00034,1.00000,45.27005,1.00000,1.63671,0
0.00008,1.00000,44.65048,1.00000,1.68262,0
0.09682,0.71637,45.72854,1.00000,1.61270,3
0.01547,0.07814,43.68830,1.00000,1.69568,1
0.08936,0.48148,44.92944,1.00000,1.72064,3
0.08575,0.59446,45.46794,1.00000,1.73267,3
0.00007,1.00000,45.13046,1.00000,1.63796,0
0.07719,0.87861,54.97498,1.00000,0.00000,2
0.07210,0.67857,9.36518,1.00000,0.15073,4
0.06933,0.72787,48.69920,1.00000,0.69308,2
0.00392,0.23172,44.81765,1.00000,1.72846,1
0.08829,0.71148,9.30087,1.00000,0.17113,4
0.01473,0.11416,44.20015,0.00000,1.64412,1
0.00017,1.00000,45.89335,1.00000,1.75655,0
0.06791,0.46095,45.28306,1.00000,1.61665,3
0.10667,0.56369,9.20624,1.00000,0.17232,4
0.00461,0.20264,45.80862,0.00000,1.65118,1
0.00004,1.00000,44.91918,1.00000,1.82307,0
0.06722,0.99167,49.12770,1.00000,0.37851,2
0.02520,0.04073,44.72792,0.00000,1.63986,1
0.08881,0.43369,48.97690,1.00000,0.66625,2
0.09489,0.57204,9.24547,1.00000,0.17409,4
0.00011,1.00000,45.12956,1.00000,1.64545,0
0.03289,0.04179,44.76222,0.00000,1.66969,1
0.01752,0.05682,44.76493,0.00000,1.63034,1
0.00007,0.97297,44.81846,1.00000,1.61447,0
0.09376,0.95939,43.81143,1.00000,0.33064,2
0.13120,0.02814,46.03773,0.00000,1.65149,1
0.09328,0.51955,56.29105,1.00000,0.44125,2
0.05174,0.45095,45.44400,1.00000,0.73454,2
0.07724,0.87192,46.15760,1.00000,0.64142,2
0.07854,0.52883,46.06499,1.00000,0.61784,2
0.08617,0.53689,44.80660,1.00000,1.61003,3
0.00175,0.80184,45.78127,0.00000,1.66822,0
0.09198,0.50302,45.18956,1.00000,1.69150,3
0.00230,1.00000,45.58595,1.00000,1.71977,0
0.07053,0.23507,45.77634,1.00000,1.67291,1
0.08872,0.60491,44.10002,1.00000,1.65018,3
0.01197,0.09325,44.77557,1.00000,1.70017,1
0.07377,0.59917,7.46099,1.00000,0.15603,4
0.08336,0.68153,45.05773,1.00000,1.67314,3
0.02576,0.07135,44.17795,1.00000,1.72574,1
0.08525,0.50669,44.32117,1.00000,0.15187,2
0.09948,0.50104,45.87770,1.00000,1.60001,3
0.05259,0.95758,43.43561,1.00000,1.35846,3
0.01071,0.09688,45.21782,0.00000,1.66443,1
0.09404,0.56725,9.19567,1.00000,0.14185,4
0.09284,0.59302,43.56931,1.00000,0.51659,2
0.07597,0.63487,8.40299,1.00000,0.12708,4
0.09392,0.46422,46.78326,1.00000,0.41189,2
0.00009,1.00000,44.58747,1.00000,1.67984,0
0.09623,0.59040,8.21394,1.00000,0.16338,4
0.06212,1.00000,52.72559,1.00000,0.46979,2
0.07630,0.80335,46.95766,1.00000,0.73225,2
0.05568,0.07709,44.49787,1.00000,1.68251,1
0.00088,0.80874,45.31600,0.00000,1.64519,0
0.05168,0.97452,44.97045,1.00000,1.02832,3
0.08312,0.44599,45.00495,1.00000,1.57294,3
0.08974,0.48954,46.12019,1.00000,0.43868,2
0.03585,0.02714,45.44560,0.00000,1.63920,1
0.00963,0.10578,45.43117,0.00000,1.65567,1
0.01299,0.05705,46.05124,1.00000,1.70292,1
0.09314,0.57843,45.57387,1.00000,1.67607,3
0.00002,1.00000,45.43939,1.00000,1.80027,0
0.01165,0.94318,19.35228,1.00000,0.21353,4
0.07853,0.85600,46.09715,1.00000,0.80614,2
0.07083,0.81140,51.05508,1.00000,0.37939,2
0.09932,0.48757,45.69539,1.00000,1.58040,3
0.08031,0.48047,44.26997,1.00000,1.63192,3
0.00000,1.00000,45.80119,1.00000,0.67556,0
0.01286,0.19212,45.42112,1.00000,1.69999,1
0.09206,0.58098,43.70213,1.00000,0.24315,2
0.07858,0.69355,11.65590,1.00000,0.20870,4
0.00180,0.90672,45.11174,1.00000,1.69077,1
0.00026,0.83186,46.11285,0.00000,1.62622,0
0.01753,0.07627,45.55757,1.00000,1.66994,1
0.03538,0.98095,48.90403,1.00000,0.65909,2
0.03826,0.70391,13.74375,1.00000,0.18909,4
0.08448,0.56485,9.52858,1.00000,0.16702,4
0.08971,0.62846,7.32439,1.00000,0.17930,4
0.00001,1.00000,43.87716,1.00000,1.51431,0
0.00008,1.00000,45.15613,1.00000,1.68556,0
0.05162,0.79524,10.05584,1.00000,0.10695,4
0.08430,0.52192,45.90854,1.00000,1.60756,3
0.09637,0.87500,46.69160,1.00000,1.55611,3
0.09181,0.47752,7.55085,1.00000,0.17108,4
0.09847,0.45895,46.87659,1.00000,1.70089,3
0.00007,1.00000,44.81076,1.00000,1.72238,0
0.08511,0.91358,8.80863,1.00000,0.16215,4
0.00008,1.00000,45.91822,1.00000,1.63263,0
0.05893,1.00000,52.02462,1.00000,0.54552,2
0.06395,0.53053,45.46607,1.00000,1.64925,3
0.10064,0.77533,5.98075,1.00000,0.13924,4
0.00004,1.00000,45.21070,1.00000,1.58487,0
0.08538,0.82836,44.41447,1.00000,1.57979,3
0.07018,0.86765,45.89144,1.00000,1.53857,3
0.00429,0.26999,44.21475,1.00000,1.67072,1
0.08768,0.45922,45.64000,1.00000,1.57039,3
0.08374,0.76603,44.13978,1.00000,1.55014,3
0.09488,0.60981,45.15074,1.00000,1.61778,3
0.01873,0.15051,46.51360,1.00000,1.70955,1
0.06713,0.58852,10.53916,1.00000,0.19228,4
0.00679,0.36123,46.17885,1.00000,1.71303,1
0.05803,0.86420,45.29927,1.00000,1.19063,3
0.03395,0.03441,44.73633,0.00000,1.62861,1
0.02091,0.13559,45.44305,1.00000,1.69919,1
0.00006,1.00000,46.37498,1.00000,1.67376,0
0.00924,0.09227,44.65296,1.00000,1.70027,1
0.09127,0.43739,40.95292,1.00000,0.59608,2
0.07845,0.58112,9.69053,1.00000,0.18674,4
0.08735,0.52477,9.26209,1.00000,0.17436,4
0.05443,0.74627,53.75367,1.00000,0.56141,2
0.08708,0.88018,7.86263,1.00000,0.18273,4
0.07102,0.46809,45.70765,1.00000,1.71202,3
0.09694,0.68722,8.31042,1.00000,0.13082,4
0.20081,0.04175,45.64169,0.00000,1.65527,1
0.06922,0.63369,9.89542,1.00000,0.17617,4
0.09264,0.67868,45.98268,1.00000,1.53784,3
0.01950,0.05475,44.61283,0.00000,1.63079,1
0.00025,0.91026,45.54926,0.00000,1.65481,0
0.00011,1.00000,45.56722,1.00000,1.58798,0
0.08732,0.41166,50.35017,1.00000,0.55137,2
0.00012,1.00000,45.19871,1.00000,1.75068,0
0.00008,1.00000,43.97686,1.00000,1.62854,0
0.05825,0.75746,6.38040,1.00000,0.17543,4
0.09093,0.67339,8.43132,1.00000,0.15380,4
0.10379,0.70877,44.92188,1.00000,0.75612,2
0.08079,0.63272,7.81188,1.00000,0.13331,4
0.10710,0.56555,8.76637,1.00000,0.15006,4
0.09337,0.42254,44.71943,1.00000,1.65511,3
0.08453,0.64970,8.72493,1.00000,0.16662,4
0.00007,1.00000,44.81415,1.00000,1.76526,0
0.08027,0.53118,46.20565,1.00000,1.63635,3
0.00012,1.00000,44.88615,1.00000,1.77790,0
0.07811,0.72297,7.43561,1.00000,0.13843,4
0.08434,0.56476,45.43452,1.00000,1.59556,3
0.00298,0.58621,46.30926,0.00000,1.66275,1
0.07717,0.46429,46.59934,1.00000,1.62074,3
0.10393,0.69394,47.25893,1.00000,0.62972,2
0.02391,0.05573,45.63626,1.00000,1.70790,1
0.09566,0.82927,44.68026,1.00000,1.36135,3
0.08489,0.06911,45.71651,1.00000,1.71426,1
0.00039,1.00000,45.05745,1.00000,1.70125,0
0.08478,0.81469,50.55087,1.00000,0.70711,2
0.04037,0.96875,50.22664,1.00000,0.91406,2
0.10878,0.91216,7.16185,1.00000,0.14829,4
0.00008,0.94737,45.51061,1.00000,1.73045,0
0.10091,0.50328,45.85908,1.00000,1.52023,3
0.04401,1.00000,9.59415,1.00000,0.10717,4
0.06373,0.81188,44.52458,1.00000,1.60094,3
0.08519,0.51102,8.84693,1.00000,0.15446,4
0.09008,0.63098,45.77187,1.00000,1.60928,3
0.00006,1.00000,46.19521,1.00000,1.63641,0
0.10208,0.49065,46.24430,1.00000,0.38983,2
0.07007,0.58523,9.93492,1.00000,0.18514,4
0.08724,0.45714,44.02548,1.00000,1.61851,3
0.07503,0.80263,45.69757,1.00000,1.24461,3
0.05832,0.82308,9.05076,1.00000,0.14257,4
0.05308,0.61170,9.22789,1.00000,0.16531,4
0.09365,0.78899,45.80010,1.00000,1.56635,3
0.08191,0.55493,9.29885,1.00000,0.18835,4
0.07389,0.57647,8.05423,1.00000,0.19158,4
0.08006,0.87432,49.52240,1.00000,0.42618,2
0.06625,0.58998,46.35673,1.00000,1.69680,3
0.00006,1.00000,46.50473,1.00000,1.77650,0
0.02814,0.04069,46.72173,0.00000,1.63937,1
0.08412,0.51802,49.40420,1.00000,0.49524,2
0.08210,0.52632,45.08307,1.00000,1.57249,3
0.00012,1.00000,42.62319,1.00000,1.75482,0
0.05237,0.72982,9.26489,1.00000,0.14618,4
0.00002,1.00000,44.66479,1.00000,1.74683,0
0.06272,0.94675,45.82171,1.00000,1.31827,3
0.04716,0.97674,11.61828,1.00000,0.15953,4
0.02295,0.22722,45.75022,0.00000,1.64791,1
0.00045,1.00000,45.32991,1.00000,1.70282,0
0.04390,0.94792,44.82237,1.00000,1.30699,3
0.08250,0.45088,46.69199,1.00000,1.71490,3
0.06138,0.90286,45.04087,1.00000,0.92111,3
0.03276,0.02508,45.21830,0.00000,1.66925,1
0.08336,0.88186,43.60608,1.00000,0.39274,2
0.08016,0.50100,46.43444,1.00000,0.28838,2
0.10105,0.56140,8.32093,1.00000,0.16010,4
0.00007,0.97561,44.71374,1.00000,1.66884,0
0.04363,0.97902,50.29561,1.00000,0.84736,2
0.08529,0.52130,48.06814,1.00000,0.73993,2
0.08400,0.51435,9.32776,1.00000,0.18274,4
0.05204,0.45868,44.02097,1.00000,0.45254,2
0.00043,0.80100,45.43799,0.00000,1.64496,0
0.00391,0.60400,44.41187,1.00000,1.70763,1
0.00029,1.00000,45.27047,1.00000,1.75290,0
0.07969,0.03229,45.82770,0.00000,1.65510,1
0.00008,1.00000,45.06671,1.00000,1.71874,0
0.08160,0.46578,38.50688,1.00000,0.63271,2
0.08345,0.59666,45.84007,1.00000,0.55171,2
0.01933,0.97436,54.40761,1.00000,0.48100,2
0.18352,0.09632,45.34828,1.00000,1.69013,1
0.01255,0.08626,46.02276,1.00000,1.69159,1
0.09618,0.46435,47.88213,1.00000,0.62618,2
0.00079,0.96552,44.72702,1.00000,1.68375,0
0.08497,0.64646,8.99988,1.00000,0.12923,4
0.08850,0.41710,44.26007,1.00000,1.69244,3
0.08377,0.70360,46.48777,1.00000,0.39115,2
0.11040,0.60000,9.54811,1.00000,0.17043,4
0.00473,0.26873,44.63710,1.00000,1.68033,1
0.08714,0.51919,35.93502,1.00000,0.18152,2
0.08535,0.58386,44.12499,1.00000,1.61000,3
0.09102,0.55851,9.99512,1.00000,0.17447,4
0.09759,0.64387,8.37256,1.00000,0.13972,4
0.05846,0.62147,11.31211,0.00000,0.14427,4
0.00012,1.00000,45.25189,1.00000,1.73297,0
0.05932,0.05031,46.42598,0.00000,1.63385,1
0.23910,0.03963,44.83653,1.00000,1.72028,1
0.08122,0.59223,46.18105,1.00000,0.48207,2
0.01317,0.07181,45.02868,0.00000,1.64810,1
0.00002,1.00000,44.24824,1.00000,1.45745,0
0.08664,0.46820,52.61184,1.00000,0.26111,2
0.00006,1.00000,45.82187,1.00000,1.77911,0
0.08773,0.47708,46.81193,1.00000,0.57507,2
0.09043,0.50652,47.78768,1.00000,0.74010,2
0.00085,0.80745,44.74022,0.00000,1.63492,0
0.00815,0.18160,46.48275,1.00000,1.71764,1
0.00013,1.00000,45.73647,1.00000,1.76059,0
0.08563,0.84653,46.66173,1.00000,1.43392,3
0.06297,0.99167,53.63431,1.00000,0.69872,2
0.02899,0.06010,44.84751,1.00000,1.70517,1
0.03839,0.57941,11.05594,1.00000,0.20591,4
0.07906,0.62992,9.25615,1.00000,0.18413,4
0.02674,0.05913,44.71660,1.00000,1.68806,1
0.01234,0.20702,45.31089,1.00000,1.69489,1
0.06790,0.91703,44.46959,1.00000,1.64868,3
0.05582,0.95484,9.29385,1.00000,0.16678,4
0.10328,0.80085,9.17073,1.00000,0.13768,4
0.07779,0.40385,43.92535,1.00000,0.68606,2
0.07305,0.64548,9.19186,1.00000,0.15741,4
0.08615,0.50418,44.33969,1.00000,0.81790,2
0.01560,0.06695,45.59847,1.00000,1.71151,1
0.08991,0.55324,44.16788,1.00000,1.60818,3
0.06393,0.87288,10.66815,1.00000,0.13851,4
0.05824,0.98507,45.92849,1.00000,1.37085,3
0.08220,0.52361,7.78243,1.00000,0.16118,4
0.07193,0.49704,48.26209,1.00000,0.64229,2
0.07529,0.95270,44.83413,1.00000,0.94844,3
0.00003,1.00000,44.32028,1.00000,1.50788,0
0.08588,0.59508,44.85008,1.00000,1.63744,3
0.07437,0.83978,46.38665,1.00000,1.51381,3
0.09411,0.56582,53.45368,1.00000,0.28931,2
0.00007,1.00000,44.27625,1.00000,1.55352,0
0.01558,0.07361,45.21202,1.00000,1.71468,1
0.00032,1.00000,44.72696,1.00000,1.67125,0
0.08890,0.49609,44.29356,1.00000,0.42011,2
0.01547,0.06361,45.68964,0.00000,1.64693,1
0.00273,0.86316,45.20335,1.00000,1.66076,1
0.07479,0.55098,38.49004,1.00000,0.35932,2
0.08603,0.64224,9.16042,1.00000,0.15662,4
0.09247,0.45631,47.43608,1.00000,0.52876,2
0.08183,0.57826,7.56700,1.00000,0.13103,4
0.02324,0.03330,44.73206,0.00000,1.64192,1
0.08302,0.66019,45.05731,1.00000,1.51416,3
0.10337,0.59730,7.97486,1.00000,0.15155,4
0.07525,0.54023,44.95154,1.00000,1.66396,3
0.09057,0.56825,9.66925,1.00000,0.16594,4
0.03163,0.03756,46.54636,0.00000,1.65589,1
0.00121,1.00000,45.46913,1.00000,1.67461,0
0.07999,0.41985,46.24632,1.00000,1.65515,3
0.00640,0.19070,44.23029,1.00000,1.66679,1
0.00007,0.87500,45.23616,0.00000,1.65740,0
0.08956,0.50605,42.50827,1.00000,0.51815,2
0.06490,0.71098,44.19806,1.00000,1.58678,3
0.11508,0.94643,45.09222,1.00000,1.02393,3
0.02944,0.85135,13.73747,1.00000,0.20589,4
0.08948,0.39344,47.12207,1.00000,0.38850,2
0.03809,1.00000,55.41199,1.00000,0.00000,2
0.08409,0.69921,8.32830,1.00000,0.16194,4
0.15022,0.03128,45.24383,0.00000,1.64835,1
0.09898,0.81452,45.23271,1.00000,1.18840,3
0.08859,0.51754,48.44526,1.00000,0.49178,2
0.07660,0.63323,6.84034,1.00000,0.14184,4
0.00099,0.65708,45.31231,1.00000,1.72787,1
0.09196,0.69048,7.88751,1.00000,0.14874,4
0.10866,1.00000,9.72008,1.00000,0.13654,4
0.09245,0.02608,45.22135,0.00000,1.62773,1
0.07269,0.48211,44.07294,1.00000,1.60767,3
0.00009,1.00000,46.19418,1.00000,1.70984,0
0.08682,0.89266,11.48404,1.00000,0.18372,4
0.09581,0.58548,44.15963,1.00000,1.46641,3
0.08103,0.75185,8.53217,1.00000,0.12353,4
0.08603,0.39580,51.27430,1.00000,0.33310,2
0.06335,0.48361,47.53004,1.00000,0.60040,2
0.09448,0.51255,47.84516,1.00000,0.61149,2
0.08690,0.74583,8.99058,1.00000,0.14657,4
0.07449,0.87410,45.52416,1.00000,0.81103,2
0.09038,0.66576,44.23212,1.00000,1.57268,3
0.00008,1.00000,45.84925,1.00000,1.58960,0
0.01410,0.08017,45.87138,0.00000,1.65512,1
0.07282,0.74214,43.27519,1.00000,0.38887,2
0.14055,0.05361,45.19458,0.00000,1.65714,1
0.00010,0.84946,45.50003,0.00000,1.62259,0
0.11084,0.06897,46.06731,1.00000,1.67818,1
0.00121,0.51504,45.55879,1.00000,1.71172,1
0.08093,0.59135,45.00151,1.00000,1.63872,3
0.08278,0.56373,45.87331,1.00000,1.68457,3
0.02623,0.71176,16.00212,0.00000,0.17289,4
0.08496,0.74038,45.52853,1.00000,1.47295,3
0.11793,0.14739,45.90373,1.00000,1.71792,1
0.06772,0.62674,9.81503,1.00000,0.15267,4
0.06246,0.83898,37.56713,1.00000,0.59704,2
0.01721,1.00000,52.96799,1.00000,0.47027,2
0.07774,0.61680,45.57413,1.00000,1.65024,3
0.04761,0.82833,49.23644,1.00000,0.48130,2
0.01944,0.06023,44.69148,1.00000,1.70694,1
0.07001,0.78277,46.05907,1.00000,1.37468,3
0.10249,0.57065,8.68897,1.00000,0.18914,4
0.10361,0.56998,46.92716,1.00000,0.71562,2
0.00001,1.00000,44.67670,1.00000,0.69254,0
0.07900,0.61995,44.06858,1.00000,0.55717,2
0.05874,0.41035,46.00081,1.00000,0.71812,2
0.05443,0.98837,45.23598,1.00000,0.76659,3
0.04680,0.84321,45.90605,1.00000,1.73857,3
0.08357,0.61290,9.66503,1.00000,0.16623,4
0.09663,0.53280,44.78947,1.00000,1.61421,3
0.08758,0.47004,43.93189,1.00000,0.72065,2
0.00006,0.96154,45.03919,1.00000,1.60644,0
0.07563,0.83673,10.13653,1.00000,0.20069,4
0.06439,0.98969,55.72247,1.00000,0.70600,2
0.08758,0.46914,44.17946,1.00000,0.49362,2
0.00014,1.00000,45.20556,1.00000,1.62789,0
0.00957,0.07709,45.27556,1.00000,1.72013,1
0.09067,0.58147,8.91891,1.00000,0.15777,4
0.09680,0.52772,47.41621,1.00000,0.71008,2
0.00011,1.00000,45.43662,1.00000,1.63564,0
0.09116,0.43113,44.05373,1.00000,0.72078,2
0.09515,0.62025,38.77875,1.00000,0.46628,2
0.01493,0.07627,47.23153,1.00000,1.66525,1
0.00011,0.90000,44.30284,1.00000,1.83319,0
0.00083,0.84691,45.18077,1.00000,1.70888,1
0.00002,1.00000,45.14198,1.00000,1.68167,0
0.05775,0.58568,10.51592,1.00000,0.17128,4
0.09012,0.90708,46.77768,1.00000,1.24577,3
0.08609,0.66867,7.04752,1.00000,0.14652,4
0.04469,0.99248,48.91378,1.00000,1.00961,2
0.00003,1.00000,44.50358,1.00000,1.65584,0
0.06712,1.00000,57.79388,1.00000,0.43070,2
0.00183,0.58918,45.08824,1.00000,1.72097,1
0.00014,1.00000,44.50385,1.00000,1.71908,0
0.00006,1.00000,43.13740,1.00000,1.79701,0
0.06760,0.82812,47.35888,1.00000,0.66617,2
0.07430,0.78543,44.46600,1.00000,0.85221,2
0.16488,0.09101,44.58264,1.00000,1.69745,1
0.00025,1.00000,44.37284,1.00000,1.68873,0
0.09071,0.50000,9.56672,1.00000,0.18215,4
0.00858,0.09719,45.10838,1.00000,1.68416,1
0.09590,0.61556,8.88951,1.00000,0.16037,4
0.09473,0.47887,47.66206,1.00000,0.54757,2
0.03640,0.89011,9.60979,1.00000,0.16851,4
0.00338,0.35452,46.38062,1.00000,1.70194,1
0.09030,0.46403,43.04938,1.00000,0.47650,2
0.07909,0.57741,9.18896,1.00000,0.17030,4
0.01260,0.06243,44.83405,1.00000,1.68608,1
0.05570,0.86134,51.19052,1.00000,0.66612,2
0.00045,1.00000,45.70292,1.00000,1.69114,0
0.00009,1.00000,45.91973,1.00000,1.72989,0
0.04912,0.14399,45.05666,1.00000,1.73112,1
0.08547,0.54867,47.15310,1.00000,0.30124,2
0.00243,0.36087,44.26114,1.00000,1.69679,1
0.00003,1.00000,45.11686,1.00000,1.66553,0
0.02387,0.05694,44.42463,1.00000,1.70023,1
0.00682,0.15103,44.63899,0.00000,1.67295,1
0.00035,0.76804,45.46639,0.00000,1.63641,0
0.07928,0.98658,50.60953,1.00000,0.76812,2
0.07132,0.52088,45.08767,1.00000,1.57125,3
0.09923,0.73913,7.32883,1.00000,0.13304,4
0.00028,0.97872,44.97175,1.00000,1.76875,0
0.05941,0.74906,9.05440,1.00000,0.16652,4
0.07974,0.51896,45.19087,1.00000,1.64345,3
0.07627,0.86166,45.82987,1.00000,1.34018,3
0.00011,1.00000,45.15374,1.00000,1.65413,0
0.02478,0.97333,10.64429,1.00000,0.20560,4
0.00164,0.63883,44.48488,1.00000,1.70070,1
0.08863,0.47957,51.72173,1.00000,0.55364,2
0.05614,0.85659,49.27711,1.00000,0.82428,2
0.00024,0.86713,45.20929,0.00000,1.67322,0
0.06526,0.47554,44.44261,1.00000,0.64236,2
0.07380,0.48955,9.86144,1.00000,0.16811,4
0.00035,1.00000,45.46496,1.00000,1.70787,0
0.07600,0.85556,46.13235,1.00000,0.47922,2
0.07893,0.45527,45.71962,1.00000,0.63759,2
0.02508,0.07248,45.27149,1.00000,1.69334,1
0.01332,0.08298,43.81817,1.00000,1.71920,1
0.07520,0.79042,8.30555,1.00000,0.15727,4
0.09202,0.51646,44.07683,1.00000,1.57061,3
0.08398,0.48387,44.02911,1.00000,1.70235,3
0.09233,0.42659,49.24548,1.00000,0.67562,2
0.09020,0.41908,45.91773,1.00000,1.69401,3
0.00191,0.52650,45.55886,1.00000,1.68758,1
0.08757,0.95000,44.91895,1.00000,1.44954,3
0.02958,0.06681,44.75763,1.00000,1.70750,1
0.00790,0.77273,44.04622,0.00000,1.69076,0
0.01789,0.05809,45.23051,1.00000,1.70779,1
0.08880,0.47571,49.63542,1.00000,0.55547,2
0.02549,0.98039,51.73455,1.00000,0.74638,2
0.08111,0.61351,44.20920,1.00000,1.66394,3
0.09202,0.62181,45.68716,1.00000,0.47660,2
0.07070,0.62018,9.58003,1.00000,0.15517,4
0.07212,0.60455,50.29858,1.00000,0.50586,2
0.04769,0.64983,9.40525,1.00000,0.18251,4
0.01395,0.06458,45.97308,1.00000,1.70277,1
0.00004,1.00000,45.28597,1.00000,1.63057,0
0.00006,1.00000,45.13647,1.00000,1.79936,0
0.07671,0.51710,44.34082,1.00000,0.43994,2
0.00115,1.00000,44.49101,1.00000,1.77411,0
0.00504,0.34720,44.94275,1.00000,1.68182,1
0.10094,0.50823,47.96102,1.00000,0.80267,2
0.08439,0.60870,10.02987,1.00000,0.16700,4
0.00004,1.00000,45.39683,1.00000,1.74938,0
0.00024,0.81218,44.56540,0.00000,1.66702,0
0.08229,0.42831,50.08359,1.00000,0.38349,2
0.06468,0.97386,44.81889,1.00000,1.04342,3
0.06211,0.92398,10.16439,1.00000,0.17220,4
0.03041,0.03644,45.58772,0.00000,1.64577,1
0.00428,0.21040,44.79561,1.00000,1.71784,1
0.03077,0.03749,44.88416,0.00000,1.66537,1
0.09423,0.66667,9.17624,1.00000,0.13516,4
0.08624,0.69960,7.36611,1.00000,0.14478,4
0.01204,0.07831,45.99153,1.00000,1.70309,1
0.00002,1.00000,44.67013,1.00000,1.65407,0
0.18058,0.03229,45.70561,0.00000,1.64486,1
0.05295,0.54118,9.56345,1.00000,0.19307,4
0.00012,1.00000,44.65583,1.00000,1.71961,0
0.07946,0.68000,45.62071,1.00000,0.47447,2
0.00008,1.00000,45.94277,1.00000,1.58393,0
0.00002,1.00000,45.67368,1.00000,1.81557,0
0.09273,0.80070,46.27301,1.00000,0.76373,2
0.02141,0.80617,52.72966,1.00000,0.22821,2
0.07738,0.56064,8.42129,1.00000,0.15780,4
0.06839,0.54545,10.82832,1.00000,0.15405,4
0.00007,1.00000,44.63617,1.00000,1.57825,0
0.08565,0.67164,44.81342,1.00000,1.60282,3
0.06053,0.04606,45.87083,1.00000,1.71057,1
0.06444,0.71481,10.30345,1.00000,0.17873,4
0.01973,0.04933,45.37957,0.00000,1.63919,1
0.08509,0.50114,9.96124,1.00000,0.16917,4
0.00431,0.22277,45.15637,0.00000,1.63400,1
0.00001,1.00000,45.75554,0.00000,1.61831,0
0.00002,1.00000,45.66609,1.00000,1.73291,0
0.00016,0.79268,46.44360,0.00000,1.61054,0
0.09065,0.59615,9.88604,1.00000,0.16283,4
0.09410,0.66917,47.42154,1.00000,0.58222,2
0.00622,0.22581,44.33941,1.00000,1.70755,1
0.10278,0.78829,46.13665,1.00000,0.45578,2
0.00051,0.83444,45.48871,0.00000,1.62744,0
0.08055,0.64471,45.24989,1.00000,0.51519,2
0.02068,0.06004,45.89528,1.00000,1.71634,1
0.00019,1.00000,45.85233,1.00000,1.73638,0
0.08721,0.58465,45.75194,1.00000,1.59086,3
0.08819,0.78214,44.21929,1.00000,0.54807,2
0.07246,0.70920,49.92927,1.00000,0.25734,2
0.00000,1.00000,44.10258,1.00000,0.97393,0
0.01797,0.06695,44.82938,1.00000,1.69120,1
0.07435,0.44482,44.54598,1.00000,1.61098,3
0.04869,0.72981,45.63380,1.00000,1.68358,3
0.02914,0.03546,45.91516,0.00000,1.66599,1
0.09907,0.75801,45.23008,1.00000,1.44112,3
0.10652,0.43253,49.10189,1.00000,0.58639,2
0.00050,0.90000,43.87185,0.00000,1.65841,0
0.07507,0.74123,8.46222,1.00000,0.15600,4
0.00003,1.00000,46.27717,1.00000,1.65182,0
0.05660,0.50936,45.73659,1.00000,0.70450,2
0.09201,0.92537,44.59227,1.00000,1.25996,3
0.08378,0.39054,37.97105,1.00000,0.39437,2
0.03732,0.81818,16.97499,1.00000,0.25304,4
0.07284,0.80808,44.21691,1.00000,0.72690,2
0.07394,0.72059,10.19097,1.00000,0.21630,4
0.06996,0.68902,45.68665,1.00000,1.66575,3
0.09287,0.50422,49.42671,1.00000,0.54564,2
0.00021,1.00000,45.40864,1.00000,1.74809,0
0.00008,1.00000,45.15521,1.00000,1.69178,0
0.10472,0.81203,43.73345,1.00000,0.53823,2
0.05099,0.92437,53.49558,1.00000,0.75760,2
0.00002,1.00000,45.48612,1.00000,1.80602,0
0.09008,0.58758,44.13418,1.00000,1.54663,3
0.09568,0.57245,8.34519,1.00000,0.16525,4
0.01121,0.11148,45.30295,1.00000,1.74081,1
0.00007,1.00000,46.11606,1.00000,1.80534,0
0.09631,0.51418,43.08736,1.00000,0.58265,2
0.09194,0.58118,9.01122,1.00000,0.19076,4
0.07015,0.48673,46.23918,1.00000,1.67002,3
0.05215,0.61713,45.73499,1.00000,1.67814,3
0.00002,1.00000,44.53043,1.00000,1.73378,0
0.01515,0.05031,45.75307,1.00000,1.67888,1
0.00008,0.80769,44.98920,0.00000,1.62586,0
0.08919,0.60000,7.71555,1.00000,0.16515,4
0.00007,1.00000,44.90644,1.00000,1.69855,0
0.00021,1.00000,45.54145,1.00000,1.77958,0
0.09591,0.72101,9.27129,1.00000,0.16248,4
0.00012,1.00000,45.70625,1.00000,1.65297,0
0.06940,0.78378,44.70534,1.00000,1.45424,3
0.00014,1.00000,44.07675,1.00000,1.73869,0
0.07878,0.68571,12.36263,1.00000,0.19674,4
0.08723,0.46076,44.52626,1.00000,1.57274,3
0.02193,0.11111,45.76590,1.00000,1.71640,1
0.04508,0.99200,50.05296,1.00000,0.78533,2
0.05279,0.98529,19.57994,1.00000,0.13238,4
0.08780,0.60465,45.67835,1.00000,1.56097,3
0.05161,0.47920,46.39736,1.00000,0.53468,2
0.00137,0.58621,44.79335,1.00000,1.70238,1
0.03877,1.00000,54.92253,1.00000,0.47936,2
0.08112,0.62019,45.00173,1.00000,1.43324,3
0.08180,0.50214,8.27285,1.00000,0.17604,4
0.09496,0.50756,45.40055,1.00000,1.56462,3
0.11607,0.54545,8.07851,1.00000,0.13313,4
0.26732,0.07814,46.50942,1.00000,1.68828,1
0.06645,0.69697,44.54433,1.00000,1.65917,3
0.07703,0.57271,43.83988,1.00000,1.59814,3
0.03152,0.05361,45.17573,1.00000,1.72004,1
0.01324,0.06133,45.82671,1.00000,1.71141,1
0.00009,0.91304,45.25745,0.00000,1.67545,0
0.06731,0.79079,8.36713,1.00000,0.09874,4
0.00991,0.12018,45.58138,1.00000,1.74395,1
0.10001,0.78931,53.01276,1.00000,0.23161,2
0.00006,1.00000,46.17889,1.00000,1.67433,0
0.10245,0.65038,9.12650,1.00000,0.18237,4
0.08813,0.58045,45.65311,1.00000,1.66041,3
0.34978,0.07847,45.54178,0.00000,1.66199,1
0.03346,0.06243,45.02330,1.00000,1.71834,1
0.02496,0.03858,46.04632,0.00000,1.65344,1
0.05403,0.69716,46.40926,1.00000,1.57421,3
0.07592,0.81463,49.07232,1.00000,0.71665,2
0.05007,0.67568,9.96167,0.00000,0.16456,4
0.07700,0.54190,9.14418,1.00000,0.20373,4
0.09117,0.50939,44.53382,1.00000,1.65157,3
0.09161,0.79835,45.54683,1.00000,1.52260,3
0.07161,0.72204,45.42419,1.00000,1.45635,3
0.09174,0.55150,45.47284,1.00000,1.42116,3
0.05517,0.76048,10.21572,0.00000,0.15638,4
0.09320,1.00000,53.45382,1.00000,0.82716,2
0.09484,0.88839,48.02411,1.00000,0.74176,2
0.02046,0.05596,46.14562,1.00000,1.68769,1
0.08575,0.84647,8.60649,1.00000,0.16798,4
0.14073,0.06361,46.04212,1.00000,1.70323,1
0.05668,0.72313,51.62061,1.00000,0.43362,2
0.08107,0.50193,45.67113,1.00000,0.48272,2
0.01235,0.31469,44.86910,0.00000,1.65278,1
0.09518,0.62779,10.11577,1.00000,0.16800,4
0.09292,0.67636,8.85269,1.00000,0.17590,4
0.07806,0.75427,45.01398,1.00000,1.59079,3
0.08177,0.55779,45.70600,1.00000,0.67055,2
0.07542,0.55172,8.88134,1.00000,0.16138,4
0.09020,0.52023,46.63911,1.00000,0.72513,2
0.06190,0.10033,46.29170,1.00000,1.71837,1
0.10248,0.48800,45.48690,1.00000,1.57645,3
0.00008,1.00000,44.99157,1.00000,1.73429,0
0.02964,0.05036,45.59412,0.00000,1.63635,1
0.00005,1.00000,44.28485,1.00000,1.31241,0
0.05698,0.55140,43.17351,1.00000,0.43019,2
0.09679,0.66667,45.87141,1.00000,1.41987,3
0.06705,0.69876,8.91174,1.00000,0.17166,4
0.07461,0.93082,10.17276,1.00000,0.20168,4
0.08475,0.70752,46.09110,1.00000,1.65515,3
0.07735,0.56195,44.93588,1.00000,1.62333,3
0.06693,0.67987,8.57364,1.00000,0.15407,4
0.00004,1.00000,45.37159,1.00000,1.81891,0
0.08374,0.54255,45.50027,1.00000,1.65130,3
0.00905,0.11836,45.69992,1.00000,1.71244,1
0.08363,0.47212,45.84278,1.00000,0.53683,2
0.04393,0.98969,9.20606,1.00000,0.12919,4
0.02987,0.06563,44.83563,1.00000,1.67926,1
0.07724,0.48077,45.41252,1.00000,1.55007,3
0.07297,0.59271,7.83905,1.00000,0.17100,4
0.03643,0.04713,45.18359,0.00000,1.65050,1
0.07314,0.52008,47.56525,1.00000,0.61981,2
0.10682,1.00000,45.45507,1.00000,1.06149,3
0.06125,0.03021,43.91854,0.00000,1.65740,1
0.08604,0.56589,8.98727,1.00000,0.15263,4
0.01654,0.08068,45.62284,1.00000,1.70576,1
0.00012,1.00000,45.27400,1.00000,1.69455,0
0.08867,0.59692,46.78174,1.00000,0.61292,2
0.01411,0.07248,44.41654,1.00000,1.72042,1
0.09012,0.62121,9.25808,1.00000,0.17374,4
0.08564,0.55723,8.61666,1.00000,0.17638,4
0.01986,0.06004,44.33982,1.00000,1.68884,1
0.10173,0.74224,45.86063,1.00000,1.63047,3
0.01564,0.09345,44.38925,1.00000,1.69725,1
0.07858,0.42561,45.03364,1.00000,1.58726,3
0.05124,0.79715,45.62706,1.00000,0.43829,2
0.08926,0.44615,45.12880,1.00000,1.71909,3
0.00005,1.00000,44.65315,1.00000,1.55475,0
0.07768,0.42328,45.85255,1.00000,1.61348,3
0.03993,0.06792,44.91280,0.00000,1.63787,1
0.09252,0.53895,44.60452,1.00000,1.64927,3
0.00007,1.00000,43.94608,1.00000,1.66176,0
0.09553,0.86986,43.72165,1.00000,0.39228,2
0.00004,1.00000,46.23641,1.00000,1.71479,0
0.03394,0.02915,45.68865,0.00000,1.65785,1
0.02443,0.05149,45.82975,0.00000,1.63101,1
0.09502,0.66935,10.30071,1.00000,0.16062,4
0.00032,0.78431,46.03466,0.00000,1.62733,0
0.09062,0.65594,47.04382,1.00000,0.25762,2
0.00031,1.00000,43.56507,1.00000,1.72867,0
0.00018,1.00000,46.93451,1.00000,1.70437,0
0.07579,0.91351,50.32513,1.00000,0.57052,2
0.06602,0.58710,10.40312,1.00000,0.17706,4
0.01104,0.09169,45.27983,0.00000,1.63791,1
0.07403,0.51154,46.84755,1.00000,0.57775,2
0.00005,1.00000,45.23272,1.00000,1.10030,0
0.00318,0.36404,45.88939,0.00000,1.63914,1
0.06239,0.98333,51.18198,1.00000,0.82929,2
0.08836,0.49126,44.83005,1.00000,1.59224,3
0.00007,1.00000,45.79811,1.00000,1.53898,0
0.00852,0.21814,45.85766,1.00000,1.72576,1
0.02783,0.63235,46.45997,1.00000,1.68449,1
0.07081,0.92353,44.99348,1.00000,1.51761,3
0.00832,0.22914,46.28108,1.00000,1.72224,1
0.08482,0.50202,44.47862,1.00000,1.69029,3
0.08802,0.62849,47.71477,1.00000,0.80513,2
0.07856,0.68116,48.44166,1.00000,0.74295,2
0.02469,1.00000,52.81259,1.00000,0.52940,2
0.05280,0.07700,45.73695,0.00000,1.64052,1
0.08605,0.50579,44.75325,1.00000,1.68447,3
0.06958,0.67033,45.45554,1.00000,1.44399,3
0.00000,1.00000,45.19195,1.00000,0.67571,0
0.01074,0.07482,45.29748,1.00000,1.71194,1
0.00024,0.82069,44.17884,0.00000,1.65990,0
0.01732,0.08431,46.37795,1.00000,1.69929,1
0.00000,1.00000,45.42358,1.00000,0.58462,0
0.00000,1.00000,45.09632,0.00000,0.46263,0
0.05247,0.77241,11.79057,1.00000,0.18462,4
0.08619,0.54509,45.60995,1.00000,1.70623,3
0.05270,0.76190,45.42803,1.00000,1.64143,3
0.07640,0.71648,9.23544,1.00000,0.16153,4
0.06450,0.78914,47.23660,1.00000,0.76314,2
0.07225,0.73780,45.63138,1.00000,1.59077,3
0.00008,1.00000,44.34314,1.00000,1.76226,0
0.00032,0.89286,45.27043,0.00000,1.65220,0
0.06538,0.64765,10.78286,1.00000,0.14427,4
0.07148,0.77483,7.85695,1.00000,0.11233,4
0.00228,0.42924,46.01817,1.00000,1.71913,1
0.00007,1.00000,44.96637,1.00000,1.65333,0
0.00002,1.00000,45.35081,1.00000,1.52600,0
0.10586,0.76418,47.61015,1.00000,0.92114,2
0.06381,0.71676,8.83184,1.00000,0.16193,4
0.09267,0.82836,46.83982,1.00000,1.41523,3
0.00577,0.80829,45.59144,0.00000,1.64542,0
0.01761,0.06681,46.46386,1.00000,1.71860,1
0.00058,0.88356,45.64649,1.00000,1.70307,1
0.00009,1.00000,45.14349,1.00000,1.82208,0
0.01769,0.08849,44.44972,1.00000,1.68924,1
0.07672,0.62892,42.16670,1.00000,0.63318,2
0.08281,0.79070,8.29918,1.00000,0.17282,4
0.00001,1.00000,44.97177,1.00000,1.18106,0
0.00005,1.00000,44.40961,1.00000,1.68956,0
0.00004,1.00000,45.89013,1.00000,1.53846,0
0.02541,0.06237,44.97712,0.00000,1.65299,1
0.05703,0.99324,55.41450,1.00000,0.00000,2
0.06988,0.58961,8.95378,1.00000,0.13953,4
0.07617,0.72353,8.76430,1.00000,0.18366,4
0.04721,0.58275,46.12988,1.00000,0.70129,2
0.00017,1.00000,45.70796,1.00000,1.78754,0
0.00010,0.85714,45.40858,0.00000,1.70257,0
0.04930,0.03122,44.62513,0.00000,1.66658,1
0.09748,0.57867,8.10553,1.00000,0.15407,4
0.00295,0.96970,14.40461,1.00000,0.22150,4
0.08435,0.37173,49.38623,1.00000,0.46048,2
0.09175,0.55090,45.67765,1.00000,1.50510,3
0.09307,0.60427,46.41573,1.00000,1.64668,3
0.00026,1.00000,46.27666,1.00000,1.78051,0
0.00154,0.53971,44.69993,1.00000,1.67515,1
0.07894,0.60882,8.83922,1.00000,0.17211,4
0.00003,1.00000,45.81196,1.00000,1.53666,0
0.00008,1.00000,45.77238,1.00000,1.75786,0
0.00632,0.11969,44.27657,0.00000,1.62706,1
0.00321,0.59962,44.80337,1.00000,1.69610,1
0.08425,0.53893,45.36492,1.00000,1.49655,3
0.01304,0.07008,44.36349,1.00000,1.67631,1
0.00004,1.00000,45.45207,1.00000,1.49724,0
0.00011,1.00000,45.53196,1.00000,1.72078,0
0.12893,0.84091,8.55363,1.00000,0.12276,4
0.00015,0.85714,45.47490,0.00000,1.63344,0
0.08650,0.61435,47.70412,1.00000,0.56349,2
0.00054,1.00000,44.37471,1.00000,1.63982,0
0.08164,0.91561,47.77985,1.00000,0.32989,2
0.09290,0.43509,45.29708,1.00000,1.64565,3
0.00097,0.82075,45.48731,0.00000,1.63484,0
0.08518,0.66172,9.85759,1.00000,0.20553,4
0.00002,1.00000,45.32687,1.00000,1.74124,0
0.02692,0.06465,44.09707,0.00000,1.69645,1
0.07347,0.72754,50.75289,1.00000,0.20596,2
0.03795,0.02814,45.69419,0.00000,1.63787,1
0.08313,0.52018,47.67708,1.00000,0.59729,2
0.08106,0.49143,45.19110,1.00000,1.52739,3
0.00011,1.00000,45.00666,1.00000,1.57881,0
0.00038,1.00000,45.02374,1.00000,1.68987,0
0.07531,0.02708,46.07018,0.00000,1.63778,1
0.00007,1.00000,45.28641,1.00000,1.77716,0
0.06945,0.51085,40.48066,1.00000,0.60805,2
0.05635,0.90074,45.81788,1.00000,1.51309,3
0.05188,0.68588,49.14682,1.00000,0.68021,2
0.08324,0.74089,8.68272,1.00000,0.17393,4
0.01367,0.07368,44.76513,0.00000,1.69621,1
0.01260,0.07023,44.60810,0.00000,1.63067,1
0.10309,0.56156,45.50290,1.00000,0.67545,2
0.08229,0.60748,8.07492,1.00000,0.14083,4
0.09542,0.55211,8.74594,1.00000,0.17278,4
0.06725,0.95105,45.07663,1.00000,1.32400,3
0.18592,0.04708,44.93676,0.00000,1.65712,1
0.06040,0.52967,44.71866,1.00000,0.61036,2
0.14460,0.02920,45.46057,0.00000,1.61898,1
0.02407,0.10054,45.30102,1.00000,1.66578,1
0.07342,0.72111,45.73871,1.00000,1.65831,3
0.03642,0.07150,46.19350,1.00000,1.68262,1
0.08105,0.62199,8.78693,1.00000,0.14543,4
0.08436,0.47467,51.09384,1.00000,0.64195,2
0.03933,0.06231,45.75143,1.00000,1.70907,1
0.08238,0.83721,45.17811,1.00000,1.55260,3
0.05367,0.03229,45.17067,0.00000,1.69007,1
0.09117,0.44944,46.02367,1.00000,0.48473,2
0.00016,1.00000,45.38353,1.00000,1.71937,0
0.08044,0.40468,45.72316,1.00000,1.68041,3
0.08325,0.71548,9.22091,1.00000,0.16176,4
0.10089,1.00000,45.76145,1.00000,1.03212,3
0.02994,0.82963,12.12447,1.00000,0.21930,4
0.07348,0.82723,11.45146,1.00000,0.15930,4
0.11572,0.95283,50.98771,1.00000,0.64949,2
0.03721,1.00000,52.30898,1.00000,0.45805,2
0.00024,0.84472,44.74391,0.00000,1.68769,0
0.09940,0.72141,7.74479,1.00000,0.13598,4
0.06256,0.96078,49.81441,1.00000,0.58793,2
0.00004,1.00000,46.08927,1.00000,1.72171,0
0.07818,0.50489,45.38682,1.00000,1.59755,3
0.00014,1.00000,44.75022,1.00000,1.74858,0
0.09777,0.83529,51.21853,1.00000,0.44340,2
0.08319,0.54013,45.42435,1.00000,1.70022,3
0.07194,0.27995,45.27882,1.00000,1.70478,1
0.09721,0.52860,48.04403,1.00000,0.52046,2
0.05546,0.83019,41.91760,1.00000,0.32018,2
0.08768,0.54486,44.16932,1.00000,1.63815,3
0.00466,0.52613,44.97904,1.00000,1.71248,1
0.08751,0.67826,48.32868,1.00000,0.39696,2
0.03004,0.06681,45.38690,1.00000,1.72170,1
0.01269,0.09570,44.65493,1.00000,1.70633,1
0.06617,0.58505,9.94246,1.00000,0.16180,4
0.06497,0.74444,50.16618,1.00000,0.10705,2
0.10466,0.54622,45.97639,1.00000,1.58274,3
0.00029,1.00000,46.09037,1.00000,1.70797,0
0.00013,1.00000,44.11395,1.00000,1.75147,0
0.08881,0.63578,8.49745,1.00000,0.16212,4
0.10464,0.68732,9.63786,1.00000,0.17911,4
0.05673,0.74126,10.58845,1.00000,0.18030,4
0.06050,0.09365,44.49065,1.00000,1.70202,1
0.08903,0.56087,42.84743,1.00000,0.66957,2
0.10396,0.44708,46.71317,1.00000,0.66088,2
0.08500,0.58924,6.48092,1.00000,0.11290,4
0.09754,0.55416,45.05897,1.00000,1.52205,3
0.00010,1.00000,44.92781,1.00000,1.64333,0
0.00010,1.00000,45.87960,1.00000,1.75879,0
0.00412,0.28212,45.75533,1.00000,1.70404,1
0.00006,0.89474,45.86106,0.00000,1.69425,0
0.09805,0.61433,50.90290,1.00000,0.39786,2
0.07607,0.62470,45.56567,1.00000,1.56620,3
0.00007,1.00000,46.11444,1.00000,1.68571,0
0.00007,1.00000,44.59651,1.00000,1.70439,0
0.00418,0.39908,45.63297,1.00000,1.73494,1
0.00900,0.10076,44.55311,1.00000,1.71275,1
0.12459,0.05694,45.27008,0.00000,1.66838,1
0.02135,0.86784,45.82270,1.00000,1.35439,3
0.07947,0.50600,44.72256,1.00000,1.54037,3
0.04551,0.67347,46.55958,1.00000,1.66391,3
0.07501,0.91237,8.03063,1.00000,0.13201,4
0.04703,0.60373,10.33886,1.00000,0.14578,4
0.07708,0.60472,7.46401,1.00000,0.13450,4
0.00016,1.00000,45.01073,1.00000,1.69386,0
0.04445,1.00000,37.31072,1.00000,0.15418,2
0.00369,0.22072,45.56566,1.00000,1.67958,1
0.01880,0.18128,46.03949,0.00000,1.65673,1
0.08090,0.49046,44.44877,1.00000,1.46038,3
0.04723,0.79426,10.54321,1.00000,0.20430,4
0.01129,0.06695,44.35221,0.00000,1.66334,1
0.07223,0.87097,54.56434,1.00000,0.81888,2
0.00024,1.00000,45.05389,1.00000,1.72614,0
0.03949,0.03862,45.45807,0.00000,1.64598,1
0.04113,0.08034,45.02350,1.00000,1.72316,1
0.06234,0.86339,45.76507,1.00000,1.63965,3
0.05222,0.93805,39.51456,1.00000,0.23105,2
0.00033,1.00000,46.55837,1.00000,1.70041,0
0.12010,0.73171,8.96188,1.00000,0.17408,4
0.00033,1.00000,44.61263,1.00000,1.62806,0
0.00732,0.20556,46.34127,1.00000,1.70808,1
0.00004,1.00000,45.51879,1.00000,1.62527,0
0.08902,0.51670,42.08532,1.00000,0.65233,2
0.07455,0.75415,44.42715,1.00000,1.70154,3
0.00006,1.00000,45.01349,1.00000,1.63685,0
0.07787,0.63506,44.82897,1.00000,1.62953,3
0.09950,0.42998,46.31451,1.00000,1.58778,3
0.00006,0.85714,44.45361,0.00000,1.58160,0
0.11690,0.79668,9.22002,1.00000,0.16937,4
0.10493,0.61789,8.72606,1.00000,0.14029,4
0.10471,0.76604,45.47964,1.00000,1.19164,3
0.08374,0.89080,45.23631,1.00000,1.46903,3
0.07370,0.50442,8.40505,1.00000,0.15795,4
0.00010,1.00000,44.41857,1.00000,1.66805,0
0.06394,0.58543,45.10646,1.00000,1.64369,3
0.08583,0.44527,44.78027,1.00000,0.59349,2
0.08705,0.55501,8.93957,1.00000,0.13286,4
0.00001,1.00000,46.69045,1.00000,1.75531,0
0.00005,1.00000,44.24966,1.00000,1.57771,0
0.08793,0.48104,46.28895,1.00000,1.61560,3
0.10608,0.47917,10.61613,1.00000,0.17866,4
0.04105,0.96212,45.50636,1.00000,1.36472,3
0.09064,0.65746,44.84641,1.00000,1.60582,3
0.04455,0.03229,45.06514,0.00000,1.68189,1
0.06053,0.71713,10.57444,1.00000,0.13921,4
0.01382,0.07717,44.65325,1.00000,1.70863,1
0.05398,0.45582,47.21512,1.00000,0.45046,2
0.03367,0.10475,44.32491,1.00000,1.72238,1
0.08470,0.80126,9.69735,1.00000,0.14812,4
0.08825,0.42906,44.41178,1.00000,1.70742,3
0.07963,0.84388,43.38587,1.00000,0.64225,2
0.01858,0.06120,45.85009,1.00000,1.68042,1
0.01793,0.08004,44.92851,0.00000,1.66988,1
0.01730,0.03445,45.00884,0.00000,1.64275,1
0.08645,0.61298,47.11655,1.00000,0.51063,2
0.00018,0.97917,45.31223,1.00000,1.63154,0
0.06969,0.53364,44.73287,1.00000,1.62280,3
0.00012,1.00000,44.87320,1.00000,1.74213,0
0.00052,0.98148,45.69058,1.00000,1.73171,0
0.07754,0.07928,44.77050,0.00000,1.65720,1
0.03765,0.04392,45.43130,0.00000,1.63121,1
0.01460,0.08307,46.21664,0.00000,1.64642,1
0.00058,1.00000,45.35904,1.00000,1.75640,0
0.08543,0.62821,44.39194,1.00000,1.58832,3
0.02705,0.05688,46.38883,1.00000,1.68729,1
0.06061,0.47872,14.46184,1.00000,0.17765,4
0.09057,0.67018,46.72315,1.00000,1.49904,3
0.00004,1.00000,44.21331,1.00000,1.81971,0
0.00011,0.88158,45.21169,0.00000,1.60596,0
0.01069,0.22373,45.36726,1.00000,1.73139,1
0.00010,1.00000,45.16375,1.00000,1.77458,0
0.04438,0.03021,46.69063,0.00000,1.64910,1
0.08056,0.59907,44.16117,1.00000,1.67385,3
0.00012,1.00000,44.47264,1.00000,1.68906,0
0.09165,0.91250,43.77038,1.00000,1.62889,3
0.09652,0.83333,49.52725,1.00000,0.53050,2
0.06432,0.57243,50.33730,1.00000,0.57441,2
0.07198,0.74806,45.70518,1.00000,1.40659,3
0.00898,0.14270,44.86236,0.00000,1.63302,1
0.08702,0.91011,8.89629,1.00000,0.18235,4
0.03815,0.04923,44.19598,1.00000,1.69681,1
0.00004,1.00000,44.98834,1.00000,1.81574,0
0.08791,0.76453,45.35214,1.00000,0.45980,2
0.02958,0.10917,45.68449,0.00000,1.64143,1
0.00112,0.53788,45.51063,0.00000,1.64919,1
0.07477,0.91429,10.50281,1.00000,0.18451,4
0.09968,0.57341,46.08922,1.00000,1.50080,3
0.05760,0.78000,43.97371,1.00000,0.10637,2
0.00021,1.00000,45.98370,1.00000,1.75862,0
0.00070,1.00000,44.39550,1.00000,1.62195,0
0.09019,0.46408,44.85050,1.00000,0.62601,2
0.08928,0.49792,41.37096,1.00000,0.30050,2
0.00689,0.39521,44.66788,1.00000,1.73200,1
0.07545,0.79565,7.41732,1.00000,0.16517,4
0.08980,0.55769,9.06058,1.00000,0.13951,4
0.05167,0.73184,10.80472,1.00000,0.15499,4
0.09244,0.56071,40.72946,1.00000,0.47036,2
0.01521,0.13453,45.10550,1.00000,1.67972,1
0.00057,1.00000,43.84736,1.00000,1.67685,0
0.10094,0.46402,50.58308,1.00000,0.58893,2
0.09078,0.60502,8.19284,1.00000,0.16600,4
0.01607,0.07822,45.12231,1.00000,1.71926,1
0.08479,0.44965,42.80141,1.00000,0.41088,2
0.05946,0.93069,45.39041,1.00000,0.51371,2
0.08519,0.62663,8.86576,1.00000,0.16222,4
0.08104,0.65565,11.41698,1.00000,0.19027,4
0.10215,0.49327,9.04886,1.00000,0.16616,4
0.06536,0.59091,10.12874,1.00000,0.17374,4
0.09185,0.69565,7.63482,1.00000,0.11683,4
0.31818,0.03434,43.96362,0.00000,1.65810,1
0.07339,0.53004,9.76559,1.00000,0.15845,4
0.02305,0.05242,45.57265,0.00000,1.62556,1
0.02191,0.05717,45.68713,0.00000,1.63952,1
0.00035,1.00000,46.61726,1.00000,1.68946,0
0.09787,0.55583,9.48404,1.00000,0.17175,4
0.09579,0.13520,45.72317,1.00000,1.68778,1
0.01702,0.03764,44.62923,0.00000,1.66137,1
0.00022,0.83117,44.42600,0.00000,1.61300,0
0.06209,0.68889,8.11851,1.00000,0.14420,4
0.00001,1.00000,44.46729,1.00000,1.44009,0
0.09633,0.65556,47.37845,1.00000,0.52145,2
0.08478,0.58314,9.92984,1.00000,0.18377,4
0.02023,0.17016,44.21500,1.00000,1.71643,1
0.06304,0.84815,44.62864,1.00000,1.37805,3
0.09816,0.52902,45.30160,1.00000,1.46258,3
0.00033,1.00000,44.22949,1.00000,1.62394,0
0.05371,0.90426,48.90669,1.00000,0.87688,2
0.00008,1.00000,43.64797,1.00000,1.68133,0
0.08519,0.56173,10.55153,1.00000,0.19203,4
0.10722,0.55165,49.30576,1.00000,0.65004,2
0.00001,1.00000,44.71859,1.00000,1.50282,0
0.08361,0.53503,9.41070,1.00000,0.16695,4
0.00007,0.95000,45.72603,0.00000,1.43727,0
0.00035,1.00000,46.04067,1.00000,1.60448,0
0.07299,0.53807,8.56454,1.00000,0.16886,4
0.09224,0.67454,7.37183,1.00000,0.17962,4
0.03522,0.98795,63.96867,1.00000,0.00000,2
0.07111,0.66207,9.36464,1.00000,0.15581,4
0.06694,0.82589,11.95917,1.00000,0.17949,4
0.08116,0.74905,44.14044,1.00000,1.58347,3
0.08434,0.89954,44.53725,1.00000,1.22379,3
0.07160,0.83846,10.36786,1.00000,0.16117,4
0.06894,0.54860,9.13240,1.00000,0.15403,4
0.08044,0.48794,45.01242,1.00000,1.57978,3
0.09326,0.72990,45.88386,1.00000,1.67551,3
0.00591,0.19903,45.43360,1.00000,1.73008,1
0.09099,0.60606,44.44096,1.00000,1.41019,3
0.09445,0.75633,38.90949,1.00000,0.56289,2
0.05761,0.79505,45.10404,1.00000,1.60932,3
0.00037,0.86842,44.99236,0.00000,1.61358,0
0.09127,0.67241,9.98194,1.00000,0.20277,4
0.00001,1.00000,45.71607,1.00000,1.79292,0
0.07285,0.50763,9.62390,1.00000,0.17164,4
0.05852,0.57426,9.46124,1.00000,0.17846,4
0.09420,0.49296,43.48091,1.00000,0.40426,2
0.08030,0.42565,47.16652,1.00000,0.64582,2
0.09263,0.89441,45.73640,1.00000,1.56313,3
0.06837,0.91045,49.30322,1.00000,0.61781,2
0.01712,0.13029,45.80972,1.00000,1.69463,1
0.00094,0.82143,45.49492,0.00000,1.63306,0
0.06601,0.96667,51.47562,1.00000,0.38843,2
0.00019,0.82927,45.02096,0.00000,1.63326,0
0.00000,1.00000,44.99464,1.00000,1.08036,0
0.09694,0.48473,45.10169,1.00000,1.68081,3
0.00743,0.11577,45.29495,1.00000,1.70109,1
0.00455,0.28838,44.60088,1.00000,1.70593,1
0.08734,0.74434,9.23468,1.00000,0.14337,4
0.07922,0.79817,54.45744,1.00000,0.62715,2
0.00061,1.00000,44.12538,1.00000,1.61990,0
0.04441,0.76654,13.95806,1.00000,0.19133,4
0.00038,1.00000,46.11476,1.00000,1.65003,0
0.06287,0.64495,8.20277,1.00000,0.15434,4
0.07716,0.46402,45.78196,1.00000,0.61381,2
0.01851,0.10349,43.95110,1.00000,1.67751,1
0.00008,1.00000,45.40989,1.00000,1.74599,0
0.09798,0.68537,53.92392,1.00000,0.37059,2
0.11997,0.89600,44.81834,1.00000,1.11730,3
0.01096,0.12860,44.43252,1.00000,1.69471,1
0.05277,0.61979,45.20701,1.00000,1.58509,3
0.08299,0.76351,48.97117,1.00000,0.26443,2
0.09164,0.50636,46.13780,1.00000,0.61522,2
0.09659,0.53247,46.25911,1.00000,1.52488,3
0.03749,0.03333,45.71856,0.00000,1.62462,1
0.07420,0.83539,44.64201,1.00000,0.42011,2
0.03623,0.02298,45.24656,0.00000,1.61219,1
0.08373,0.52564,45.61728,1.00000,1.65203,3
0.00005,1.00000,45.64539,1.00000,1.72070,0
0.00587,0.14869,44.94418,1.00000,1.69419,1
0.01560,0.07263,45.12899,1.00000,1.71240,1
0.01003,0.12542,44.69656,0.00000,1.61771,1
0.10111,0.65664,45.38864,1.00000,1.60705,3
0.08561,0.60134,46.79491,1.00000,0.32403,2
0.10402,0.63250,46.14057,1.00000,1.51388,3
0.00022,1.00000,44.75741,1.00000,1.73741,0
0.00008,1.00000,45.36915,1.00000,1.71908,0
0.09367,0.64832,9.94558,1.00000,0.19723,4
0.10166,0.59036,45.35271,1.00000,1.56245,3
0.08616,0.63869,10.19419,1.00000,0.16637,4
0.04776,0.81982,10.48278,1.00000,0.21539,4
0.03712,1.00000,50.74927,1.00000,0.72737,2
0.03703,1.00000,47.41726,1.00000,0.27443,2
0.00010,1.00000,46.57477,1.00000,1.69772,0
0.00011,1.00000,45.25870,1.00000,1.56860,0
0.08879,0.57341,47.89612,1.00000,0.47657,2
0.06397,0.86996,49.93182,1.00000,0.71812,2
0.07972,0.91573,45.63863,1.00000,1.50314,3
0.08592,0.09709,44.65311,1.00000,1.71621,1
0.00011,1.00000,45.49652,1.00000,1.75036,0
0.00668,0.13273,44.32769,1.00000,1.68182,1
0.00001,1.00000,44.07822,1.00000,0.67345,0
0.00017,0.79439,44.94622,0.00000,1.64533,0
0.07819,0.64116,8.68353,1.00000,0.15903,4
0.08065,0.77068,42.77584,1.00000,0.29202,2
0.05504,1.00000,10.50085,1.00000,0.11733,4
0.00006,0.84906,44.27532,0.00000,1.62778,0
0.03162,0.04723,44.62455,0.00000,1.65335,1
0.04024,0.02711,45.40202,0.00000,1.64384,1
0.07174,0.94631,48.67161,1.00000,0.76705,2
0.01619,0.05133,45.05428,0.00000,1.66534,1
0.09516,0.49706,45.85974,1.00000,1.69163,3
0.00051,0.83974,45.23007,0.00000,1.65045,0
0.00006,1.00000,44.27493,1.00000,0.68722,0
0.00007,1.00000,44.04846,1.00000,1.64130,0
0.09443,0.68214,8.84993,1.00000,0.16795,4
0.03799,0.06010,44.36402,0.00000,1.60954,1
0.08966,0.77570,45.41200,1.00000,1.45019,3
0.07822,0.55269,48.60688,1.00000,0.77923,2
0.00059,0.97619,44.95756,1.00000,1.70161,0
0.00018,1.00000,45.29250,1.00000,1.61087,0
0.09682,0.78595,49.45495,1.00000,0.60661,2
0.00023,0.92424,44.53638,0.00000,1.69218,0
0.01193,0.15086,44.32355,1.00000,1.70149,1
0.06280,0.93989,48.48309,1.00000,0.55500,2
0.08973,0.90123,10.66004,1.00000,0.15779,4
0.07434,0.80505,45.83105,1.00000,0.52877,2
0.03190,0.86538,12.50461,1.00000,0.15740,4
0.08510,0.79608,45.02861,1.00000,1.73995,3
0.00002,1.00000,46.56082,1.00000,1.68869,0
0.09110,0.57831,44.78133,1.00000,1.44962,3
0.00010,0.97619,44.74053,1.00000,1.68647,0
0.00952,0.10905,44.92593,1.00000,1.72117,1
0.00588,0.46580,45.85588,1.00000,1.70875,1
0.05538,0.96774,47.48286,1.00000,0.46524,2
0.00004,1.00000,47.10258,1.00000,1.77679,0
0.08778,0.99074,56.03322,1.00000,0.78987,2
0.00015,1.00000,43.78220,1.00000,1.75834,0
0.07250,0.61449,46.36776,1.00000,0.57758,2
0.06299,0.94258,52.41252,1.00000,0.66880,2
0.03523,0.12778,45.74029,1.00000,1.69541,1
0.03040,0.06035,45.63786,1.00000,1.70096,1
0.09947,0.86447,43.20531,1.00000,1.07004,3
0.00007,1.00000,46.09909,1.00000,1.71667,0
0.07862,0.68437,10.16236,1.00000,0.14768,4
0.07725,0.04179,45.54423,0.00000,1.66601,1
0.00011,1.00000,46.37351,1.00000,1.54274,0
0.09146,0.19713,45.10468,1.00000,1.71053,1
0.07895,0.52643,9.79064,1.00000,0.14726,4
0.00005,1.00000,45.39966,1.00000,1.57916,0
0.06163,0.55200,10.93398,1.00000,0.18445,4
0.08712,0.82383,8.35067,1.00000,0.10226,4
0.00011,0.86957,43.74696,0.00000,1.69560,0
0.01691,0.06918,44.56499,1.00000,1.73258,1
0.10167,0.59852,7.63617,1.00000,0.15719,4
0.08734,0.87097,46.33033,1.00000,1.70775,3
0.09266,0.72981,46.54056,1.00000,0.68666,2
0.00506,0.23537,44.27784,1.00000,1.70014,1
0.09473,0.45766,49.00955,1.00000,0.45676,2
0.16667,0.07603,45.10040,1.00000,1.69762,1
0.00004,1.00000,44.98401,1.00000,1.64118,0
0.07939,0.61687,47.21645,1.00000,0.71924,2
0.06951,0.66507,8.39240,1.00000,0.14841,4
0.09377,0.42327,45.68445,1.00000,1.63766,3
0.00022,0.79104,45.27176,0.00000,1.60940,0
0.00050,0.82609,46.12142,0.00000,1.66254,0
0.15473,0.03647,44.91758,0.00000,1.66191,1
0.00005,1.00000,44.69302,1.00000,1.59590,0
0.01680,0.98630,55.38808,1.00000,0.47711,2
0.11609,0.73270,46.55216,1.00000,0.92108,2
0.08725,0.66406,45.28227,1.00000,0.08672,2
0.08990,0.03232,45.50539,0.00000,1.66533,1
0.08456,0.75000,13.06872,1.00000,0.27901,4
0.08026,0.49257,49.22780,1.00000,0.77436,2
0.08283,0.89209,42.69252,1.00000,0.23094,2
0.07402,0.65344,44.36063,1.00000,1.53773,3
0.15445,0.04918,45.55944,1.00000,1.72329,1
0.08020,0.56944,45.75509,1.00000,1.64516,3
0.00010,0.98276,45.14344,1.00000,1.76617,0
0.02553,0.05579,45.17762,1.00000,1.68833,1
0.09108,0.82237,12.62997,1.00000,0.20113,4
0.08908,0.57002,44.24790,1.00000,0.45543,2
0.09340,0.56703,48.85047,1.00000,0.19852,2
0.00004,1.00000,44.98156,1.00000,1.66174,0
0.08300,0.50198,45.05235,1.00000,1.56761,3
0.07292,0.65530,9.47333,1.00000,0.17153,4
0.00435,0.42857,45.07902,1.00000,1.71833,1
0.00006,1.00000,44.50875,1.00000,1.75804,0
0.07324,0.48085,45.46719,1.00000,1.66454,3
0.07098,0.53521,45.61436,1.00000,0.75192,2
0.07128,0.56036,45.08471,1.00000,1.62908,3
0.09560,0.48282,45.60768,1.00000,1.67277,3
0.08209,0.52493,8.99731,1.00000,0.14028,4
0.00027,0.76503,46.81412,0.00000,1.65069,0
0.04833,0.08148,45.52592,1.00000,1.70109,1
0.00027,1.00000,44.07219,1.00000,1.68152,0
0.09005,0.45941,46.00470,1.00000,1.62865,3
0.06368,0.05688,44.69253,1.00000,1.69204,1
0.08757,0.76623,9.69188,1.00000,0.20063,4
0.01098,0.99000,51.45073,1.00000,0.42069,2
0.08944,0.61871,7.30599,1.00000,0.14211,4
0.02315,0.06778,45.12092,1.00000,1.73719,1
0.00011,1.00000,44.87471,1.00000,1.65458,0
0.00014,1.00000,45.95640,1.00000,1.75079,0
0.07338,0.48596,50.29221,1.00000,0.60874,2
0.06746,0.50654,45.57570,1.00000,1.58752,3
0.06631,0.93333,45.67582,1.00000,0.21264,2
0.04807,0.09483,45.18343,1.00000,1.70592,1
0.06508,0.05901,46.08751,0.00000,1.65700,1
0.00007,1.00000,45.35645,1.00000,1.62354,0
0.06959,0.68865,46.11431,1.00000,0.55460,2
0.08953,0.97419,7.87100,1.00000,0.15247,4
0.00010,1.00000,45.44560,1.00000,1.69218,0
0.01173,0.06799,44.36999,1.00000,1.68720,1
0.00002,1.00000,45.14488,1.00000,1.78814,0
0.08248,0.46578,46.41000,1.00000,1.59040,3
0.08620,0.66667,9.11000,1.00000,0.19110,4
0.00017,1.00000,45.64219,1.00000,1.67807,0
0.01467,0.06114,44.99174,1.00000,1.71524,1
0.07812,1.00000,7.97973,1.00000,0.12184,4
0.09384,0.64986,47.74739,1.00000,0.21070,2
0.01023,0.11184,45.16125,1.00000,1.69551,1
0.08913,0.67658,12.42201,1.00000,0.23266,4
0.08111,0.63782,11.12266,1.00000,0.18681,4
0.00006,1.00000,43.42118,1.00000,1.79472,0
0.02081,0.14463,45.38372,0.00000,1.64444,1
0.06740,0.98864,53.28267,1.00000,0.62545,2
0.00034,1.00000,44.90283,1.00000,1.70198,0
0.02951,0.03333,44.86607,0.00000,1.67228,1
0.06382,0.95349,43.23242,1.00000,1.51142,3
0.06046,0.72464,8.55113,1.00000,0.16437,4
0.09162,0.56072,8.30843,1.00000,0.20814,4
0.05476,0.97175,7.05593,1.00000,0.11305,4
0.09149,0.59598,9.00799,1.00000,0.15493,4
0.06866,0.61229,45.55073,1.00000,1.47075,3
0.08478,0.73559,45.67690,1.00000,1.62860,3
0.09167,0.70270,45.77734,1.00000,1.55316,3
0.05588,0.95152,45.93993,1.00000,0.55305,2
0.08438,0.50000,10.36676,1.00000,0.14285,4
0.00521,0.45840,44.52995,1.00000,1.70585,1
0.08548,0.77041,9.68225,1.00000,0.19346,4
0.00002,1.00000,46.01185,1.00000,1.78825,0
0.00000,1.00000,45.05290,1.00000,0.68481,0
0.05200,0.10140,45.04819,1.00000,1.70142,1
0.00008,1.00000,43.99857,1.00000,1.62650,0
0.08349,0.45455,47.10927,1.00000,0.38047,2
0.05308,0.61875,11.96031,1.00000,0.20182,4
0.09702,0.94118,8.12670,1.00000,0.14698,4
0.08786,0.73592,47.51617,1.00000,0.55097,2
0.00009,1.00000,45.51417,1.00000,1.80271,0
0.09188,0.76125,7.83897,1.00000,0.15318,4
0.10098,0.71338,9.36230,1.00000,0.21904,4
0.05581,0.67247,11.05438,1.00000,0.18129,4
0.08554,0.87500,8.23964,1.00000,0.14828,4
0.01393,0.09709,43.71940,0.00000,1.62640,1
0.04821,0.89637,9.66231,1.00000,0.18070,4
0.01344,0.09946,45.80740,1.00000,1.67551,1
0.07281,0.61272,8.54963,1.00000,0.13990,4
0.00010,0.83333,46.01285,0.00000,1.65925,0
0.00003,1.00000,45.54911,1.00000,1.75212,0
0.06309,0.87629,43.75132,1.00000,1.51280,3
0.08134,0.69960,9.77361,1.00000,0.19982,4
0.04839,0.94667,10.33659,1.00000,0.19348,4
0.10258,0.51370,7.28246,1.00000,0.13254,4
0.07024,0.92143,50.72968,1.00000,0.68611,2
0.00009,1.00000,44.51383,1.00000,1.75827,0
0.04254,0.03651,46.04644,0.00000,1.67800,1
0.01778,0.07717,45.07500,1.00000,1.69933,1
0.03838,0.03445,44.62052,0.00000,1.64433,1
0.00006,1.00000,45.19753,1.00000,1.76086,0
0.00002,1.00000,45.45595,1.00000,1.77454,0
0.06867,0.63510,8.75559,1.00000,0.19377,4
0.09717,0.47195,39.93789,1.00000,0.49818,2
0.03251,0.08502,46.48951,1.00000,1.71377,1
0.08396,0.50202,51.50529,1.00000,0.16936,2
0.10240,0.79186,8.28346,1.00000,0.14119,4
0.00003,1.00000,46.88198,1.00000,1.56653,0
0.10369,0.68106,8.85876,1.00000,0.17777,4
0.00540,0.25769,45.98398,0.00000,1.66698,1
0.08653,0.60859,9.82491,1.00000,0.18403,4
0.00789,0.12141,45.54245,0.00000,1.63536,1
0.08421,0.94515,47.84397,1.00000,0.47768,2
0.09075,0.69565,10.82490,1.00000,0.23411,4
0.06717,0.95495,49.96696,1.00000,0.59628,2
0.04031,0.06799,45.72828,0.00000,1.65543,1
0.08638,0.55690,7.89514,1.00000,0.18611,4
0.09483,0.43463,45.63713,1.00000,1.67877,3
0.00084,0.90909,45.60427,0.00000,1.59475,0
0.06255,0.57661,46.47990,1.00000,0.77866,2
0.00009,1.00000,44.92171,1.00000,1.42353,0
0.08799,0.52521,10.97407,1.00000,0.22235,4
0.09223,0.48936,8.42189,1.00000,0.15946,4
0.00009,1.00000,43.89485,1.00000,1.78498,0
0.10302,0.39130,46.72590,1.00000,0.64713,2
0.00282,0.50577,45.88446,0.00000,1.64156,1
0.09739,0.81908,46.05928,1.00000,0.30592,2
0.06379,0.48584,8.49666,1.00000,0.15987,4
0.00927,0.16069,45.16280,1.00000,1.69305,1
0.07689,0.47826,45.97554,1.00000,1.61754,3
0.09353,0.59733,8.59233,1.00000,0.15238,4
0.10315,0.50898,45.31926,1.00000,1.62172,3
0.01454,0.99107,13.72750,1.00000,0.17748,4
0.00005,1.00000,46.04629,1.00000,1.67684,0
0.00028,1.00000,46.33569,1.00000,1.65532,0
0.02041,0.90751,11.74565,1.00000,0.22293,4
0.00043,0.77500,45.36586,0.00000,1.63531,0
0.00002,1.00000,46.16403,1.00000,1.82412,0
0.03813,0.19856,44.12783,1.00000,1.68531,1
0.00006,1.00000,45.66863,1.00000,1.62907,0
0.00012,1.00000,45.56928,1.00000,1.70044,0
0.03175,0.03543,44.67644,0.00000,1.66244,1
0.08473,0.66372,42.98852,1.00000,0.55417,2
0.01160,0.08868,44.23809,1.00000,1.70508,1
0.10203,0.62169,9.06808,1.00000,0.13954,4
0.07759,0.61386,49.38214,1.00000,0.77567,2
0.07698,0.80435,8.74351,1.00000,0.16206,4
0.00045,1.00000,45.30493,1.00000,1.60027,0
0.00005,0.78431,45.17187,0.00000,1.65180,0
0.00001,1.00000,45.56268,1.00000,0.67651,0
0.09210,0.60490,7.92989,1.00000,0.14569,4
0.07836,0.45255,43.35465,1.00000,0.69826,2
0.00006,1.00000,45.89067,1.00000,1.63646,0
0.08195,0.86420,48.81372,1.00000,0.28556,2
0.03540,1.00000,21.36347,1.00000,0.14399,4
0.09877,0.73487,38.36767,1.00000,0.42020,2
0.00002,1.00000,44.34928,1.00000,1.77615,0
0.01575,0.06231,45.48631,1.00000,1.72075,1
0.06775,0.76400,10.32112,1.00000,0.17371,4
0.03289,0.04494,45.03627,0.00000,1.64271,1
0.05061,0.72619,44.74997,1.00000,1.49668,3
0.08164,0.69876,45.87621,1.00000,0.59788,2
0.09583,0.87342,46.37740,1.00000,1.54981,3
0.08118,0.54076,45.24477,1.00000,1.57688,3
0.08380,0.59009,9.31804,1.00000,0.18126,4
0.01692,0.06387,46.00439,0.00000,1.60130,1
0.01337,0.11526,46.28059,1.00000,1.72579,1
0.05510,0.96667,49.25188,1.00000,0.39602,2
0.05902,0.63143,8.13904,1.00000,0.13896,4
0.06802,0.58996,43.78052,1.00000,0.26242,2
0.08783,0.60187,44.07077,1.00000,1.60504,3
0.08357,0.60044,45.03739,1.00000,1.61390,3
0.08892,0.77500,44.37980,1.00000,1.51559,3
0.00799,0.15571,45.92870,1.00000,1.70424,1
0.06329,0.83333,44.72826,1.00000,1.51969,3
0.07859,0.07030,45.12820,0.00000,1.65639,1
0.07136,0.84082,48.34269,1.00000,0.67815,2
0.08912,0.75665,44.45635,1.00000,1.46366,3
0.26673,0.07458,44.60835,1.00000,1.69514,1
0.00011,1.00000,44.76955,1.00000,1.67761,0
0.07845,0.46272,45.20475,1.00000,0.76018,2
0.09021,0.93564,46.37844,1.00000,1.42122,3
0.00006,1.00000,44.99957,1.00000,1.78960,0
0.00097,1.00000,44.84106,1.00000,1.70585,0
0.00034,0.90179,45.04397,0.00000,1.64511,0
0.00073,1.00000,45.65771,1.00000,1.73991,0
0.07324,0.84959,47.20635,1.00000,0.52260,2
0.10405,0.86697,46.58185,1.00000,0.59721,2
0.09299,0.48106,46.07991,1.00000,0.65829,2
0.05157,0.08059,45.23289,0.00000,1.67129,1
0.00987,0.08226,46.03550,1.00000,1.68198,1
0.08386,0.39273,43.94620,1.00000,1.59964,3
0.05875,0.87500,44.85318,1.00000,1.66823,3
0.00011,1.00000,45.74281,1.00000,1.64329,0
0.06037,0.97468,44.53652,1.00000,1.36710,3
0.09736,0.41808,47.45502,1.00000,0.54006,2
0.00016,1.00000,44.01721,1.00000,1.75899,0
0.04714,0.96933,44.78342,1.00000,1.02937,3
0.00048,1.00000,44.96973,1.00000,1.63808,0
0.08306,0.58824,10.41130,1.00000,0.22937,4
0.00059,1.00000,45.32168,1.00000,1.62403,0
0.03451,0.03749,45.32699,0.00000,1.63204,1
0.07505,0.91589,15.49738,1.00000,0.31687,4
0.00017,1.00000,44.38965,1.00000,1.63052,0
0.00011,0.98113,44.88025,1.00000,1.70530,0
0.07888,0.70635,45.97938,1.00000,1.52019,3
0.00005,0.87500,44.80752,0.00000,1.55865,0
0.01109,0.09560,44.67550,0.00000,1.62539,1
0.06912,0.77711,46.00707,1.00000,1.46171,3
0.00032,1.00000,45.55662,1.00000,1.62249,0
0.09021,0.58612,9.06336,1.00000,0.19419,4
0.00001,1.00000,44.59532,1.00000,1.23742,0
0.05913,0.60241,7.83293,1.00000,0.13799,4
0.08372,0.82353,45.52617,1.00000,1.22770,3
0.09244,0.50340,48.11670,1.00000,0.41138,2
0.01122,1.00000,52.94391,1.00000,0.78576,2
0.00018,0.80000,45.85224,0.00000,1.61397,0
0.06001,0.75934,10.19620,1.00000,0.11599,4
0.09354,0.40536,42.63010,1.00000,0.34620,2
0.00035,1.00000,45.23161,1.00000,1.72249,0
0.09665,0.53684,8.25775,1.00000,0.14913,4
0.05891,0.68902,10.39895,1.00000,0.15586,4
0.00710,0.22840,45.72755,1.00000,1.67439,1
0.06892,0.82390,10.36777,1.00000,0.18616,4
0.06118,0.55319,9.46074,1.00000,0.13892,4
0.00014,1.00000,45.84125,1.00000,1.69226,0
0.00008,1.00000,45.15468,1.00000,1.76980,0
0.00799,0.10480,45.35084,0.00000,1.63623,1
0.00009,1.00000,45.25066,1.00000,1.73162,0
0.00215,0.34379,45.63436,1.00000,1.69297,1
0.07191,0.57466,8.82497,1.00000,0.14913,4
0.01220,0.13252,46.48164,1.00000,1.73202,1
0.04613,0.97917,51.64508,1.00000,0.57744,2
0.07886,0.46004,43.20567,1.00000,0.18431,2
0.00676,0.47069,45.18471,1.00000,1.70721,1
0.07439,0.96923,46.07453,1.00000,1.49543,3
0.05323,0.56347,45.71381,1.00000,1.67234,3
0.00012,1.00000,45.29244,1.00000,1.66290,0
0.07294,0.76370,9.54331,1.00000,0.16717,4
0.00008,1.00000,46.51682,1.00000,1.68643,0
0.00013,0.88525,46.68576,0.00000,1.63432,0
0.00032,1.00000,45.19115,1.00000,1.66910,0
0.04079,0.02915,44.54051,0.00000,1.66804,1
0.09689,0.46667,41.57518,1.00000,0.73215,2
0.00006,0.86792,46.50995,0.00000,1.67040,0
0.08911,0.66931,45.45130,1.00000,1.46576,3
0.00064,0.80513,45.09985,0.00000,1.63250,0
0.00049,0.84375,45.85848,0.00000,1.66928,0
0.16580,0.02503,45.15993,0.00000,1.66342,1
0.06209,0.88542,48.39336,1.00000,0.39016,2
0.07107,0.61072,8.54406,1.00000,0.16087,4
0.00001,1.00000,45.66891,1.00000,1.65551,0
0.00007,0.91525,44.79097,0.00000,1.60337,0
0.01032,0.13677,44.85979,0.00000,1.65759,1
0.07893,0.74426,44.25057,1.00000,1.42209,3
0.09555,0.54989,44.08453,1.00000,1.59667,3
0.07315,0.89545,44.61919,1.00000,0.53644,2
0.06485,0.59204,11.95380,1.00000,0.21852,4
0.10241,0.67168,45.98573,1.00000,1.47901,3
0.00021,1.00000,45.06189,1.00000,1.70036,0
0.00870,0.24645,44.96853,0.00000,1.65606,1
0.05282,0.88780,44.82611,1.00000,1.48918,3
0.01361,0.23815,46.51239,1.00000,1.72153,1
0.07202,0.62078,9.66029,1.00000,0.18113,4
0.08098,0.63665,9.06741,1.00000,0.16073,4
0.09938,0.56873,43.75648,1.00000,1.54136,3
0.08930,0.76250,50.08326,1.00000,0.69734,2
0.10038,0.57734,46.09621,1.00000,1.23588,3
0.08444,0.60553,47.81492,1.00000,0.52202,2
0.07899,0.53125,49.23834,1.00000,0.39661,2
0.09828,0.59955,45.28617,1.00000,1.60632,3
0.09982,0.44788,50.11336,1.00000,0.50242,2
0.10956,0.07353,46.70118,0.00000,1.66024,1
0.00067,1.00000,44.84161,1.00000,1.76351,0
0.08973,0.88710,9.39183,1.00000,0.12073,4
0.09225,0.47368,42.70448,1.00000,0.63494,2
0.08434,0.62550,9.05172,1.00000,0.14349,4
0.00133,0.66083,46.00483,1.00000,1.72282,1
0.08436,0.47876,48.83824,1.00000,0.61716,2
0.08013,0.73684,51.42880,1.00000,0.57998,2
0.07430,0.57506,9.38404,1.00000,0.16805,4
0.00038,0.84058,45.63567,0.00000,1.65198,0
0.08593,0.52015,45.48516,1.00000,0.50145,2
0.01259,0.18854,44.72271,1.00000,1.70169,1
0.00063,1.00000,46.00219,1.00000,1.65009,0
0.07248,0.81618,44.48754,1.00000,1.67304,3
0.00006,1.00000,44.46286,1.00000,1.62173,0
0.00000,1.00000,0.00000,1.00000,0.00000,0
0.09638,0.95000,49.74989,1.00000,0.62674,2
0.00011,1.00000,45.49659,1.00000,1.78443,0
0.08236,0.40429,38.64951,1.00000,0.58226,2
0.08375,0.97938,45.47335,1.00000,1.32839,3
0.01742,0.11075,44.86701,1.00000,1.71553,1
0.08170,0.55131,44.55567,1.00000,1.70681,3
0.08626,0.51992,46.13632,1.00000,0.25710,2
0.00096,0.68934,45.13522,1.00000,1.70523,1
0.03288,0.73052,48.69646,1.00000,0.46740,2
0.09923,0.61143,8.75094,1.00000,0.15677,4
0.09235,0.66667,44.63095,1.00000,1.57519,3
0.08622,0.53125,45.71448,1.00000,0.45680,2
0.06515,0.81569,9.22594,1.00000,0.18613,4
0.07142,0.96129,43.98083,1.00000,0.50292,2
0.07577,0.68955,45.43094,1.00000,0.53769,2
0.09169,0.46365,37.01637,1.00000,0.60249,2
0.09008,0.69202,12.37731,1.00000,0.21725,4
0.09344,0.67640,44.35958,1.00000,1.51147,3
0.05849,0.85833,8.84756,1.00000,0.17715,4
0.06298,0.44406,48.71450,1.00000,0.66660,2
0.10582,0.60000,8.26125,1.00000,0.14128,4
0.06651,0.82883,45.82855,1.00000,0.68548,2
0.00013,1.00000,45.21515,1.00000,1.65453,0
0.00046,1.00000,44.64188,1.00000,1.70085,0
0.06910,0.06139,45.64251,1.00000,1.70113,1
0.04360,0.76557,7.72987,1.00000,0.17087,4
0.00605,0.21852,45.67667,0.00000,1.69160,1
0.00610,0.18630,45.51721,0.00000,1.65563,1
0.00010,1.00000,45.35794,1.00000,1.73477,0
0.00006,1.00000,46.34443,1.00000,1.75944,0
0.02940,0.05470,45.53198,1.00000,1.69412,1
0.05241,0.02503,45.71547,0.00000,1.65739,1
0.07434,0.57311,45.02966,1.00000,1.74920,3
0.10007,0.47655,49.24057,1.00000,0.76090,2
0.05599,0.08034,45.09239,1.00000,1.69793,1
0.08329,0.58637,46.11248,1.00000,1.74664,3
0.07334,0.57895,8.76003,1.00000,0.15246,4
0.05022,0.59113,43.69970,1.00000,1.54773,3
0.00004,1.00000,44.23553,1.00000,1.54294,0
0.08954,0.55023,48.87964,1.00000,0.53678,2
0.09961,0.60212,51.49225,1.00000,0.62973,2
0.09643,0.66334,45.24877,1.00000,1.54697,3
0.00039,1.00000,45.45134,1.00000,1.61437,0
0.06903,0.79111,9.56871,1.00000,0.16616,4
0.06475,0.59020,45.03539,1.00000,0.51784,2
0.09806,0.55315,45.13286,1.00000,1.59910,3
0.08529,0.45018,45.76261,1.00000,0.65133,2
0.06718,0.88780,9.98837,1.00000,0.13477,4
0.09703,0.49425,10.65948,1.00000,0.19407,4
0.03837,0.18980,46.43973,1.00000,1.70614,1
0.03751,0.03539,46.30069,0.00000,1.66737,1
0.00009,1.00000,45.16362,1.00000,1.58937,0
0.06756,0.61290,8.28504,1.00000,0.15117,4
0.08550,0.74390,45.56537,1.00000,1.56959,3
0.09911,0.51876,9.61758,1.00000,0.17309,4
0.07747,0.66390,9.39858,1.00000,0.17145,4
0.06342,0.75000,45.63436,1.00000,1.54040,3
0.09206,0.91534,52.71480,1.00000,0.50613,2
0.00032,1.00000,45.29781,1.00000,1.58442,0
0.05500,0.76730,13.07209,1.00000,0.21431,4
0.00005,1.00000,46.17667,1.00000,1.81916,0
0.00005,1.00000,45.19600,1.00000,1.64563,0
0.09917,0.63944,55.60056,1.00000,0.06699,2
0.07646,0.72549,9.10308,1.00000,0.17808,4
0.07692,0.83168,10.56390,1.00000,0.16880,4
0.00461,0.24778,45.34483,1.00000,1.69109,1
0.00012,1.00000,44.33783,1.00000,1.56582,0
0.00739,0.21297,45.87468,1.00000,1.71566,1
0.05730,0.89333,46.17599,1.00000,0.61766,2
0.05186,0.72481,11.29409,1.00000,0.18977,4
0.06816,0.51874,45.41058,1.00000,1.66332,3
0.07770,0.48884,41.62692,1.00000,0.61349,2
0.10761,0.71429,48.92943,1.00000,0.38974,2
0.09303,0.50102,45.99842,1.00000,1.55593,3
0.02179,0.03644,45.85567,0.00000,1.64889,1
0.07971,0.47473,45.69008,1.00000,1.68270,3
0.02743,0.06569,45.20099,1.00000,1.71241,1
0.01867,0.06010,45.83666,1.00000,1.74166,1
0.50156,0.02711,45.84785,0.00000,1.69927,1
0.00220,0.98000,16.99142,1.00000,0.33975,4
0.00014,0.97222,45.26219,1.00000,1.59921,0
0.09823,0.44783,46.53215,1.00000,1.62221,3
0.07903,0.50954,46.24440,1.00000,1.60467,3
0.10064,0.67318,44.70648,1.00000,1.46838,3
0.00056,0.79891,46.55600,0.00000,1.66367,0
0.07387,0.87903,8.09346,1.00000,0.15822,4
0.00181,0.60398,46.34188,0.00000,1.65516,1
0.08793,0.45674,43.50144,1.00000,0.67922,2
0.06104,0.49654,44.00617,1.00000,1.62082,3
0.08444,0.58308,11.28164,1.00000,0.18228,4
0.05875,0.48184,42.82057,1.00000,0.42068,2
0.10044,0.58561,9.94466,1.00000,0.17881,4
0.08896,0.99254,45.89005,1.00000,1.32179,3
0.07492,0.47000,45.81874,1.00000,0.48691,2
0.07580,0.67204,45.51319,1.00000,1.61874,3
0.08895,0.59947,46.54000,1.00000,0.43823,2
0.01621,0.06688,44.55528,1.00000,1.69431,1
0.09068,0.93082,44.78451,1.00000,1.31975,3
0.07870,0.51967,45.95319,1.00000,0.53338,2
0.00016,1.00000,44.54552,1.00000,1.55055,0
0.07220,0.48476,9.30701,1.00000,0.17300,4
0.10310,0.53347,48.36432,1.00000,0.56960,2
0.01192,0.13805,45.31270,1.00000,1.71182,1
0.00005,1.00000,45.54849,1.00000,1.60405,0
0.00016,1.00000,45.93439,1.00000,1.82223,0
0.00059,1.00000,45.50575,1.00000,1.52963,0
0.09234,0.64414,46.11488,1.00000,1.53335,3
0.08340,0.44107,41.88070,1.00000,0.35741,2
0.00030,1.00000,45.76470,1.00000,1.65809,0
0.00025,1.00000,45.20615,1.00000,1.65241,0
0.09112,0.50716,45.42999,1.00000,1.65661,3
0.01254,0.08974,46.13147,1.00000,1.70532,1
0.08967,0.62410,44.86650,1.00000,1.69901,3
0.01873,0.06576,44.95412,1.00000,1.71509,1
0.00094,0.74396,46.24735,1.00000,1.68578,1
0.07460,0.07248,43.86168,1.00000,1.67596,1
0.03740,0.69782,9.06432,1.00000,0.16503,4
0.08132,0.57018,10.16353,1.00000,0.19441,4
0.08081,0.64242,43.97827,1.00000,1.61649,3
0.01262,0.08404,46.14588,0.00000,1.66142,1
0.10890,0.53222,43.61989,1.00000,0.69009,2
0.02422,0.06374,45.42692,1.00000,1.72207,1
0.00072,1.00000,45.59225,1.00000,1.62765,0
0.04211,0.97826,51.75290,1.00000,0.63056,2
0.00008,1.00000,45.28173,1.00000,1.70920,0
0.00009,1.00000,45.50514,1.00000,1.56776,0
0.07527,0.86364,47.57345,1.00000,0.67866,2
0.06905,0.95169,51.13281,1.00000,0.74643,2
0.07645,0.47852,50.72789,1.00000,0.51414,2
0.00011,1.00000,45.31027,1.00000,1.80490,0
0.09424,0.61702,43.41219,1.00000,0.50352,2
0.04659,0.04383,44.00619,0.00000,1.65582,1
0.06588,0.98425,50.60144,1.00000,0.79607,2
0.07322,0.76289,9.08901,1.00000,0.17378,4
0.07180,0.88608,7.28588,1.00000,0.12976,4
0.10028,0.57725,45.94511,1.00000,1.69160,3
0.09027,0.44015,44.41563,1.00000,1.52278,3
0.05114,0.88172,10.83485,1.00000,0.13632,4
0.00005,1.00000,45.88809,1.00000,1.62509,0
0.07470,0.56456,44.93566,1.00000,1.61109,3
0.00004,1.00000,44.88636,1.00000,1.55512,0
0.00020,1.00000,45.48110,1.00000,1.78396,0
0.01541,0.06152,44.70273,1.00000,1.69676,1
0.00005,1.00000,45.10052,1.00000,1.39808,0
0.00018,1.00000,45.19186,1.00000,1.71330,0
0.07632,0.50734,9.64668,1.00000,0.17304,4
0.05309,0.97143,45.09428,1.00000,1.04341,3
0.10798,0.39164,45.48173,1.00000,0.51140,2
0.09449,0.68421,9.78459,1.00000,0.14865,4
0.07892,0.55026,46.08744,1.00000,0.70680,2
0.00003,0.94737,44.26766,0.00000,1.57698,0
0.01586,0.05907,44.62853,1.00000,1.70235,1
0.08164,0.74074,9.47615,1.00000,0.19086,4
0.05909,0.80420,46.10410,1.00000,1.58331,3
0.00008,1.00000,44.31870,1.00000,1.69999,0
0.09728,0.43934,44.69951,1.00000,1.51070,3
0.08205,0.54938,52.35795,1.00000,0.44091,2
0.00001,1.00000,44.19292,1.00000,1.37873,0
0.00142,0.53097,45.76384,1.00000,1.66163,1
0.33033,0.06813,45.75342,0.00000,1.67749,1
0.04164,0.79054,8.57599,1.00000,0.16813,4
0.00016,0.87719,45.64806,0.00000,1.70215,0
0.09065,0.52632,8.76649,1.00000,0.16237,4
0.08389,0.48799,45.29463,1.00000,1.65996,3
0.09378,0.57494,47.13889,1.00000,0.40988,2
0.07893,0.57393,43.85589,1.00000,1.66193,3
0.08036,0.63728,44.38024,1.00000,0.56852,2
0.10307,0.39130,45.93483,1.00000,1.53354,3
0.08020,0.60593,49.52085,1.00000,0.44464,2
0.01169,0.10173,45.01743,1.00000,1.67275,1
0.00038,1.00000,45.54510,1.00000,1.74202,0
0.08719,0.68182,46.02599,1.00000,1.56110,3
0.00009,1.00000,44.96713,1.00000,1.61231,0
0.07937,0.48119,45.12589,1.00000,1.62917,3
0.09140,0.70876,44.12898,1.00000,0.42564,2
0.00080,1.00000,43.46917,1.00000,1.63522,0
0.06851,0.98413,48.34342,1.00000,0.86605,2
0.00001,1.00000,43.94563,1.00000,1.52047,0
0.10273,0.50403,45.50189,1.00000,1.56446,3
0.04512,0.98148,9.14627,1.00000,0.09141,4
0.00003,1.00000,45.00176,1.00000,1.41309,0
0.02442,0.06695,46.72537,0.00000,1.63422,1
0.00577,0.21809,43.48164,1.00000,1.68461,1
0.09288,0.50242,9.42542,1.00000,0.16589,4
0.00003,1.00000,45.40624,1.00000,1.62604,0
0.08304,0.04490,44.88346,0.00000,1.64820,1
0.07695,0.81944,10.66628,1.00000,0.13332,4
0.08193,0.45310,47.54654,1.00000,0.51948,2
0.08984,0.53548,45.25801,1.00000,0.48619,2
0.00494,0.20656,45.41777,1.00000,1.71954,1
0.34626,0.05031,45.30790,0.00000,1.64950,1
0.00003,1.00000,46.66161,1.00000,1.59245,0
0.00000,1.00000,45.76411,1.00000,0.68938,0
0.03857,0.87556,10.02379,1.00000,0.18336,4
0.05381,0.57729,47.26248,1.00000,0.41942,2
0.03478,0.10893,44.55644,1.00000,1.70147,1
0.09745,0.43106,44.16877,1.00000,1.57636,3
0.08815,0.51860,41.05707,1.00000,0.59914,2
0.08804,0.45582,40.32398,1.00000,0.47680,2
0.09112,0.68665,36.22714,1.00000,0.55132,2
0.10388,0.03543,45.42468,0.00000,1.65430,1
0.11853,0.63369,7.73667,1.00000,0.12416,4
0.01359,0.05596,44.97614,1.00000,1.71899,1
0.08461,0.58629,47.80615,1.00000,0.77877,2
0.00019,1.00000,43.71343,1.00000,1.73446,0
0.01783,0.07158,45.08530,0.00000,1.68836,1
0.00003,1.00000,44.81593,1.00000,1.60114,0
0.10204,0.69884,9.56172,1.00000,0.15241,4
0.05681,0.69948,44.24769,1.00000,1.62763,3
0.08968,0.55891,8.39875,1.00000,0.15808,4
0.01939,0.07920,45.99698,1.00000,1.71034,1
0.08982,0.54155,9.06600,1.00000,0.16992,4
0.08705,0.45293,45.21418,1.00000,1.57902,3
0.07908,0.68276,8.90801,1.00000,0.15439,4
0.10146,0.56379,45.60094,1.00000,1.59524,3
0.07555,0.67532,47.61569,1.00000,0.76833,2
0.07864,0.54624,45.59380,1.00000,1.64026,3
0.08014,0.50790,42.04702,1.00000,0.54511,2
0.08505,0.56206,45.15637,1.00000,1.62131,3
0.18253,0.03122,43.77295,0.00000,1.65221,1
0.00052,0.82099,43.98386,0.00000,1.64745,0
0.04999,0.90244,10.41110,1.00000,0.15937,4
0.00923,0.09514,45.98120,1.00000,1.70728,1
0.05172,0.62642,46.76213,1.00000,0.50227,2
0.00014,0.88462,44.30751,0.00000,1.62070,0
0.10322,0.64891,39.83909,1.00000,0.42007,2
0.06709,0.67318,10.46615,1.00000,0.19208,4
0.00002,1.00000,46.24447,1.00000,1.81715,0
0.01725,0.04816,44.67716,1.00000,1.70757,1
0.08119,0.58156,44.78437,1.00000,1.48186,3
0.00015,1.00000,44.56072,1.00000,1.70285,0
0.08729,0.55839,49.57349,1.00000,0.65906,2
0.09372,0.44043,45.50129,1.00000,1.69898,3
0.05160,0.62469,45.16241,1.00000,0.53902,2
0.05869,0.67742,9.44886,1.00000,0.16128,4
0.07448,0.76190,44.43961,1.00000,1.39920,3
0.00012,1.00000,45.62598,1.00000,1.08580,0
0.00004,1.00000,45.05887,1.00000,1.78096,0
0.00007,1.00000,45.27867,1.00000,1.75935,0
0.01153,0.11391,45.67241,1.00000,1.72739,1
0.00060,1.00000,45.74895,1.00000,1.71012,0
0.05906,0.05355,45.36592,1.00000,1.67455,1
0.05467,0.47228,48.51168,1.00000,0.67548,2
0.07203,0.69055,35.91799,1.00000,0.64608,2
0.00022,0.84314,45.32169,0.00000,1.66555,0
0.00731,0.15341,45.29013,1.00000,1.69487,1
0.00032,0.80952,45.15382,0.00000,1.68384,0
0.01894,0.05590,43.95312,1.00000,1.70270,1
0.08480,0.56448,44.96070,1.00000,1.45954,3
0.09662,0.48638,48.95287,1.00000,0.63944,2
0.00007,1.00000,45.19427,1.00000,1.65276,0
0.09362,0.52239,8.04684,1.00000,0.16025,4
0.07176,0.61408,44.95161,1.00000,1.60814,3
0.08749,0.62933,9.65387,1.00000,0.14792,4
0.07429,0.60096,11.06218,1.00000,0.18731,4
0.08402,0.50645,8.70036,1.00000,0.16297,4
0.08170,0.72152,10.48205,1.00000,0.18006,4
0.09190,0.76221,45.72673,1.00000,1.65162,3
0.00178,0.79605,44.37974,0.00000,1.64585,0
0.01648,0.15262,45.25482,1.00000,1.68380,1
0.09579,0.55869,43.70018,1.00000,0.40310,2
0.03351,0.07353,46.33173,1.00000,1.70480,1
0.01360,0.08289,45.25979,1.00000,1.67881,1
0.05553,0.88718,43.30271,1.00000,1.08986,3
0.07595,0.45905,47.50191,1.00000,0.66951,2
0.08595,0.55271,8.64980,1.00000,0.14696,4
0.02932,0.06485,45.23667,0.00000,1.61139,1
0.00004,1.00000,46.61686,1.00000,1.82655,0
0.09461,0.47849,45.36558,1.00000,1.62855,3
0.09069,0.54484,51.16982,1.00000,0.59268,2
0.08732,0.53518,44.14580,1.00000,1.57260,3
0.07967,0.71988,9.51216,1.00000,0.16078,4
0.07037,0.04171,43.94221,0.00000,1.69196,1
0.00058,0.97727,45.04791,1.00000,1.70939,0
0.02043,0.10054,45.11824,1.00000,1.70775,1
0.06674,0.56265,9.28147,1.00000,0.16154,4
0.09097,0.48649,45.32587,1.00000,1.68165,3
0.06192,0.80442,44.29304,1.00000,1.51466,3
0.07561,0.99320,8.95052,1.00000,0.13363,4
0.01116,0.06374,45.15144,1.00000,1.71127,1
0.07264,0.98876,51.29398,1.00000,0.88894,2
0.07061,0.47251,45.81446,1.00000,1.68130,3
0.01159,0.10784,46.17634,0.00000,1.66866,1
0.06037,0.40580,46.78369,1.00000,1.64073,3
0.00009,1.00000,45.14305,1.00000,1.55901,0
0.05292,0.55022,9.30296,1.00000,0.17052,4
0.00029,1.00000,43.82718,1.00000,1.73977,0
0.00005,1.00000,45.87707,1.00000,1.66242,0
0.08435,0.80189,59.24423,1.00000,0.15448,2
0.00003,1.00000,44.73685,1.00000,1.73459,0
0.06089,1.00000,54.29506,1.00000,0.48051,2
0.06226,0.59688,11.11344,1.00000,0.17507,4
0.09059,0.65757,46.01774,1.00000,1.58152,3
0.12451,0.06785,44.79865,0.00000,1.66107,1
0.07635,0.71186,45.59997,1.00000,1.43404,3
0.02052,0.98058,11.64281,1.00000,0.10719,4
0.00002,1.00000,45.69001,1.00000,1.81286,0
0.00006,1.00000,45.41142,1.00000,1.59355,0
0.10335,0.71429,44.90027,1.00000,1.38963,3
0.07144,1.00000,13.71569,1.00000,0.18442,4
0.08572,0.77817,48.62163,1.00000,0.46494,2
0.08699,0.65608,8.92155,1.00000,0.17000,4
0.09421,1.00000,56.22897,1.00000,0.36905,2
0.28118,0.04175,44.98461,0.00000,1.64574,1
0.00008,1.00000,43.95595,1.00000,1.81828,0
0.08607,0.56604,47.55208,1.00000,0.33439,2
0.00669,0.13453,45.57087,1.00000,1.70353,1
0.00878,0.17113,44.16662,1.00000,1.72691,1
0.08731,0.71375,9.26225,1.00000,0.17811,4
0.04766,0.58549,8.38342,1.00000,0.16319,4
0.00082,0.80952,45.28976,0.00000,1.69372,0
0.00029,0.85161,44.45665,0.00000,1.64281,0
0.00895,0.11538,46.27836,1.00000,1.69415,1
0.00013,1.00000,45.05605,1.00000,1.66338,0
0.08906,0.66766,8.39285,1.00000,0.12505,4
0.05718,0.93548,48.02441,1.00000,0.79664,2
0.04777,0.05258,45.36997,0.00000,1.66940,1
0.00007,1.00000,46.31710,1.00000,1.77039,0
0.07766,0.62187,9.68044,1.00000,0.18716,4
0.00002,1.00000,44.43483,1.00000,1.61583,0
0.02417,0.05895,44.20509,0.00000,1.66339,1
0.09346,0.46731,39.46119,1.00000,0.69528,2
0.02838,0.37482,45.24054,1.00000,1.72944,1
0.05818,0.83268,44.94017,1.00000,1.63964,3
0.07284,0.47201,46.64352,1.00000,1.67172,3
0.00036,1.00000,45.34669,1.00000,1.80455,0
0.05677,0.49312,43.01216,1.00000,0.45330,2
0.02443,0.06133,44.74764,1.00000,1.70856,1
0.08570,0.39791,45.21741,1.00000,1.66201,3
0.07915,0.53684,50.15085,1.00000,0.63635,2
0.00434,0.24778,44.75645,0.00000,1.66397,1
0.00006,1.00000,45.41187,1.00000,1.78166,0
0.00009,1.00000,45.33353,1.00000,1.68851,0
0.07273,0.98750,55.38755,1.00000,0.32608,2
0.07345,0.18698,45.60875,1.00000,1.67762,1
0.10287,0.64477,45.94704,1.00000,1.40778,3
0.09160,0.59202,9.50345,1.00000,0.14383,4
0.09299,0.61323,45.24430,1.00000,0.58713,2
0.00002,0.83333,45.34435,1.00000,1.42533,0
0.00705,0.13995,45.28913,1.00000,1.72181,1
0.05955,0.78498,46.15813,1.00000,1.52148,3
0.06306,0.48062,45.28214,1.00000,1.63688,3
0.06387,0.95536,44.58709,1.00000,0.84187,2
0.00006,1.00000,45.02270,1.00000,1.76539,0
0.06475,0.71261,51.53630,1.00000,0.63837,2
0.08659,0.54212,45.35140,1.00000,1.61326,3
0.00035,0.82609,43.85910,0.00000,1.67387,0
0.05111,0.04918,45.70877,1.00000,1.69674,1
0.09243,0.93396,48.98576,1.00000,0.36520,2
0.08430,0.89076,11.84470,1.00000,0.20920,4
0.12105,0.93913,45.21023,1.00000,1.05385,3
0.09275,0.15148,44.66075,1.00000,1.69033,1
0.00008,1.00000,46.34092,1.00000,1.75290,0
0.06380,0.75849,45.37925,1.00000,1.53725,3
0.08258,0.88710,53.09159,1.00000,0.48920,2
0.09934,0.57879,9.26365,1.00000,0.15895,4
0.00614,0.42308,44.60838,1.00000,1.70899,1
0.05279,0.95977,51.67081,1.00000,0.71782,2
0.09279,0.48503,46.56499,1.00000,1.60363,3
0.10833,0.48511,44.88653,1.00000,1.51104,3
0.08324,0.83696,46.21376,1.00000,1.57228,3
0.08026,0.64000,10.43352,1.00000,0.17873,4
0.08432,0.52361,47.02285,1.00000,1.55229,3
0.09764,0.45896,45.26826,1.00000,1.55780,3
0.00011,1.00000,44.20017,1.00000,1.80208,0
0.08794,0.61053,8.71592,1.00000,0.14131,4
0.09348,0.54545,43.36033,1.00000,1.59936,3
0.10058,0.62469,45.77469,1.00000,0.65198,2
0.09134,0.66556,45.90597,1.00000,0.46581,2
0.07108,0.78652,53.81240,1.00000,0.18291,2
0.00001,1.00000,44.92063,1.00000,1.57174,0
0.08104,0.76125,44.18192,1.00000,1.57265,3
0.00004,1.00000,44.97600,1.00000,1.63669,0
0.09164,0.45043,42.31354,1.00000,0.53622,2
0.00003,1.00000,45.66046,1.00000,1.83993,0
0.07337,0.62827,8.84134,1.00000,0.16273,4
0.05938,0.62274,12.45316,1.00000,0.19350,4
0.09789,0.43133,44.85518,1.00000,1.59846,3
0.01438,0.09120,46.38466,1.00000,1.68967,1
0.06426,0.53145,45.01836,1.00000,1.53722,3
0.09289,0.45257,48.35612,1.00000,0.53798,2
0.08996,0.49190,44.71440,1.00000,1.61322,3
0.04930,0.18571,46.22467,1.00000,1.71189,1
0.08254,0.70070,8.96690,1.00000,0.16821,4
0.00006,1.00000,45.52615,1.00000,1.72637,0
0.00714,0.17840,45.14622,1.00000,1.71852,1
0.08271,0.65854,10.91732,1.00000,0.15923,4
0.00013,1.00000,45.59794,1.00000,1.66462,0
0.04706,0.02814,45.29779,0.00000,1.66062,1
0.06534,0.99265,8.07982,1.00000,0.11169,4
0.05129,0.78862,50.51860,1.00000,0.36579,2
0.09505,0.85874,41.32227,1.00000,0.43984,2
0.07932,0.58382,9.09843,1.00000,0.17791,4
0.09939,0.07376,45.71057,1.00000,1.73560,1
0.08362,0.44668,44.08257,1.00000,0.61489,2
0.00025,1.00000,44.02694,1.00000,1.66037,0
0.06567,0.56579,10.36310,1.00000,0.20335,4
0.07567,0.59194,47.33124,1.00000,0.51166,2
0.08639,0.48905,44.32755,1.00000,1.63421,3
0.08714,0.63446,45.69433,1.00000,1.53484,3
0.05191,0.92262,45.39013,1.00000,1.30420,3
0.08887,0.49710,43.42167,1.00000,0.49698,2
0.08983,0.62462,44.21256,1.00000,1.50512,3
0.01312,0.08733,46.15038,1.00000,1.72299,1
0.07423,0.48024,44.79609,1.00000,1.61521,3
0.00064,1.00000,45.65231,1.00000,1.68887,0
0.09311,0.52484,44.34525,1.00000,0.56552,2
0.00003,1.00000,45.13238,1.00000,1.63488,0
0.10344,0.66566,8.00377,1.00000,0.16259,4
0.04902,0.75238,18.75221,1.00000,0.31806,4
0.04449,0.53306,45.32799,1.00000,0.35738,2
0.09582,0.60891,46.88833,1.00000,1.52598,3
0.00724,0.11416,44.54657,1.00000,1.71231,1
0.08782,0.39744,45.49207,1.00000,1.67603,3
0.09690,0.77241,45.13115,1.00000,1.46378,3
0.06161,0.56724,45.38496,1.00000,1.61675,3
0.09223,0.53670,45.95581,1.00000,1.68716,3
0.00008,1.00000,46.63233,1.00000,1.77306,0
0.00108,0.76303,44.60978,0.00000,1.66673,0
0.09051,0.75000,47.22050,1.00000,1.49966,3
0.08385,0.67290,45.59166,1.00000,1.48738,3
0.07177,0.96992,44.63481,1.00000,1.31199,3
0.06061,0.08779,44.60223,0.00000,1.68792,1
0.09923,0.71118,7.85415,1.00000,0.18011,4
0.06490,0.82946,8.55180,1.00000,0.19020,4
0.08505,0.60000,48.95639,1.00000,0.70163,2
0.03854,0.04290,45.46651,0.00000,1.64914,1
0.07893,0.47955,45.67032,1.00000,1.62457,3
0.00017,1.00000,45.78523,1.00000,1.71620,0
0.06956,0.78333,45.20801,1.00000,1.62887,3
0.07133,0.74830,45.94329,1.00000,1.49852,3
0.07904,0.53648,46.04949,1.00000,1.65863,3
0.07619,0.71010,45.07742,1.00000,0.52999,2
0.07633,0.88889,44.18032,1.00000,1.38845,3
0.07421,0.75694,44.48115,1.00000,1.54911,3
0.03129,0.06348,45.12024,1.00000,1.69650,1
0.00008,1.00000,45.21881,1.00000,1.72181,0
0.02780,0.06479,45.80852,0.00000,1.65740,1
0.01880,0.04179,44.82202,0.00000,1.62396,1
0.00007,1.00000,45.39442,1.00000,1.78350,0
0.04593,0.96667,42.10526,1.00000,0.00000,2
0.00035,1.00000,45.63922,1.00000,1.70455,0
0.10999,0.56129,9.32426,1.00000,0.17010,4
0.02109,1.00000,9.47626,1.00000,0.10342,4
0.09034,0.81298,43.96275,1.00000,1.14089,3
0.09115,0.69527,8.71766,1.00000,0.20175,4
0.08806,0.40868,45.09995,1.00000,0.72639,2
0.08174,0.41571,48.21639,1.00000,0.52386,2
0.05206,0.03543,44.88447,0.00000,1.66291,1
0.00010,1.00000,45.09222,1.00000,1.68648,0
0.08152,0.51136,10.32382,1.00000,0.19915,4
0.19933,0.07225,45.41681,1.00000,1.65659,1
0.16199,0.03337,44.89612,0.00000,1.68517,1
0.06620,0.65789,46.38691,1.00000,1.66133,3
0.08359,1.00000,54.00005,1.00000,0.77344,2
0.07412,0.68519,10.61133,1.00000,0.15800,4
0.08549,0.90132,12.22545,1.00000,0.22553,4
0.06257,0.44241,47.39390,1.00000,0.44568,2
0.08031,0.37329,44.39426,1.00000,0.49256,2
0.06962,0.61988,11.25482,1.00000,0.18017,4
0.00001,1.00000,47.42210,1.00000,1.35494,0
0.09374,0.57724,8.79210,1.00000,0.18529,4
0.09241,0.43581,46.29117,1.00000,1.63939,3
0.03851,0.66193,11.02468,1.00000,0.15983,4
0.07745,0.48675,44.72693,1.00000,1.71934,3
0.04245,0.04733,46.57862,1.00000,1.69842,1
0.11964,0.09483,45.20406,1.00000,1.69849,1
0.05367,0.42370,46.52552,1.00000,1.60183,3
0.00005,1.00000,44.64648,1.00000,1.80955,0
0.08040,0.81847,43.94334,1.00000,1.38595,3
0.09152,0.53995,47.94137,1.00000,0.43573,2
0.01922,0.22973,45.44285,1.00000,1.72606,1
0.10259,0.48134,54.06305,1.00000,0.77121,2
0.07359,0.06918,45.06610,0.00000,1.66385,1
0.07695,0.57883,10.62217,1.00000,0.19789,4
0.06671,0.65423,47.14820,1.00000,0.55277,2
0.07308,0.92771,45.70536,1.00000,1.49566,3
0.10392,0.61337,43.35014,1.00000,0.25136,2
0.00008,1.00000,44.80557,1.00000,1.66500,0
0.06184,0.68790,10.14810,1.00000,0.18286,4
0.04212,0.62088,7.19368,1.00000,0.13201,4
0.08991,0.83916,40.30561,1.00000,0.56031,2
0.05140,0.45825,9.78619,1.00000,0.13004,4
0.10334,0.73148,8.26240,1.00000,0.21169,4
0.00065,1.00000,44.57257,1.00000,1.61253,0
0.00001,1.00000,45.23716,1.00000,1.50895,0
0.08710,0.45094,53.55256,1.00000,0.40067,2
0.00019,0.81560,47.33138,0.00000,1.66791,0
0.07538,0.93038,44.98823,1.00000,1.68636,3
0.09128,0.64000,45.97088,1.00000,0.86156,2
0.05858,0.82482,11.76239,1.00000,0.26879,4
0.01543,0.05579,46.99366,1.00000,1.70564,1
0.09440,0.88068,45.25546,1.00000,1.66011,3
0.05981,0.51627,45.08440,1.00000,1.61323,3
0.10213,0.58310,7.81514,1.00000,0.11321,4
0.00006,1.00000,46.01979,1.00000,1.78748,0
0.10318,0.73387,8.65060,1.00000,0.14486,4
0.08668,0.65060,8.48915,1.00000,0.15794,4
0.09292,0.82534,45.68967,1.00000,1.65053,3
0.00017,0.87324,45.48136,0.00000,1.66076,0
0.10588,0.54615,9.38835,1.00000,0.16572,4
0.06266,0.93889,45.12591,1.00000,0.68053,2
0.07064,0.81522,45.70004,1.00000,1.26032,3
0.00059,1.00000,44.71152,1.00000,1.71234,0
0.00001,0.87500,44.30206,1.00000,1.75098,0
0.08566,0.58134,47.69071,1.00000,0.65013,2
0.01676,0.10808,45.54937,1.00000,1.69125,1
0.07309,0.58005,10.02083,1.00000,0.15544,4
0.00014,1.00000,45.62920,1.00000,1.70962,0
0.06330,0.51016,9.60311,1.00000,0.18338,4
0.00851,0.15899,44.84257,1.00000,1.69614,1
0.00011,1.00000,45.50809,1.00000,1.74141,0
0.07377,0.03438,43.74745,0.00000,1.65059,1
0.00011,1.00000,45.04960,1.00000,1.77930,0
0.08267,0.52966,47.26570,1.00000,0.77011,2
0.08328,0.50851,45.86692,1.00000,0.52035,2
0.06626,0.63660,45.12732,1.00000,1.66287,3
0.07335,0.54741,49.26278,1.00000,0.46124,2
0.09476,0.43911,44.78541,1.00000,1.55118,3
0.00521,0.82734,16.38309,1.00000,0.22131,4
0.08562,0.47409,47.50039,1.00000,0.53814,2
0.08844,0.59664,8.47951,1.00000,0.16393,4
0.02779,0.10184,45.31635,1.00000,1.72755,1
0.09386,0.61845,9.32480,1.00000,0.17246,4
0.10049,0.45138,45.08236,1.00000,1.58888,3
0.00015,0.81343,45.47962,0.00000,1.66735,0
0.08803,0.63397,45.83973,1.00000,1.62493,3
0.09933,0.51064,45.33818,1.00000,1.54142,3
0.07121,0.59658,8.71911,1.00000,0.16082,4
0.00109,1.00000,43.88629,1.00000,1.73797,0
0.00528,0.21867,45.53386,1.00000,1.71113,1
0.08485,0.59589,46.12045,1.00000,1.68022,3
0.08009,0.40134,47.55140,1.00000,0.49678,2
0.06389,0.92308,44.80143,1.00000,1.65255,3
0.07037,0.61055,45.83351,1.00000,1.70179,3
0.06172,0.04383,45.46305,0.00000,1.64362,1
0.08096,0.49773,44.48430,1.00000,1.70803,3
0.04338,0.90625,11.04095,1.00000,0.23581,4
0.08118,0.72789,45.00866,1.00000,1.35419,3
0.10067,0.67024,47.22181,1.00000,0.49032,2
0.08022,0.65676,45.33720,1.00000,1.66488,3
0.00012,1.00000,45.02814,1.00000,1.75147,0
0.06713,0.50847,40.79671,1.00000,0.38812,2
0.09088,0.65507,44.99083,1.00000,1.58988,3
0.06656,0.58599,42.41971,1.00000,0.74406,2
0.00110,1.00000,45.73532,1.00000,1.71074,0
0.02340,0.15614,45.36787,1.00000,1.70695,1
0.09316,0.65087,48.20802,1.00000,0.75491,2
0.09426,0.71470,45.92667,1.00000,1.68008,3
0.08082,0.61557,43.14119,1.00000,0.46586,2
0.08560,0.65397,49.06510,1.00000,0.22155,2
0.00005,1.00000,44.25494,1.00000,1.79421,0
0.04782,0.86531,7.93843,1.00000,0.12280,4
0.10266,0.78679,44.85079,1.00000,1.38306,3
0.05548,1.00000,51.03545,1.00000,0.72209,2
0.08096,0.60983,11.44379,1.00000,0.19945,4
0.08546,0.69036,47.04912,1.00000,0.78388,2
0.08509,0.39095,45.17841,1.00000,1.59530,3
0.08624,0.62821,45.98704,1.00000,1.66166,3
0.09374,0.55963,43.94057,1.00000,0.54798,2
0.09356,0.63989,41.05517,1.00000,0.26637,2
0.05523,0.87671,11.80076,1.00000,0.18537,4
0.09814,0.38535,45.50342,1.00000,1.60219,3
0.07720,0.45741,38.96812,1.00000,0.57644,2
0.07961,0.54386,8.76203,1.00000,0.13386,4
0.08511,0.66269,45.31240,1.00000,0.79416,2
0.06324,0.58968,6.83936,1.00000,0.15805,4
0.04483,0.09307,45.33020,0.00000,1.63530,1
0.09753,0.57055,11.18429,1.00000,0.21288,4
0.00765,0.14107,45.52060,0.00000,1.64437,1
0.00020,0.80132,45.80027,0.00000,1.66395,0
0.00014,1.00000,45.98459,1.00000,1.77601,0
0.00496,0.20072,45.87462,1.00000,1.71445,1
0.07862,0.40000,45.53465,1.00000,0.62527,2
0.08837,0.60000,8.13861,1.00000,0.16359,4
0.03276,0.12347,45.50829,1.00000,1.70009,1
0.09112,0.82941,42.75345,1.00000,0.78701,2
0.09226,0.97351,49.17588,1.00000,0.37434,2
0.01705,0.10349,45.95778,1.00000,1.68244,1
0.09409,0.03959,46.27161,0.00000,1.63449,1
0.00010,1.00000,45.65866,1.00000,1.78830,0
0.00038,0.87379,44.64950,0.00000,1.63703,0
0.09447,0.60494,44.60169,1.00000,0.29360,2
0.07775,0.90683,44.81844,1.00000,1.50851,3
0.05063,0.05931,44.91769,0.00000,1.65306,1
0.00000,1.00000,0.00000,0.00000,0.00000,0
0.00001,1.00000,45.66550,0.00000,1.36249,0
0.09542,0.61321,8.56352,1.00000,0.13209,4
0.08799,0.72965,42.69757,1.00000,0.56631,2
0.02794,0.04277,44.54219,0.00000,1.63930,1
0.10242,0.65064,8.63728,1.00000,0.15419,4
0.06507,0.79923,45.73847,1.00000,1.28841,3
0.09607,0.55411,51.88241,1.00000,0.40477,2
0.09665,0.72350,52.09282,1.00000,0.39078,2
0.10197,0.98039,45.50898,1.00000,1.01709,3
0.00067,0.80000,45.32526,0.00000,1.69395,0
0.08114,0.62588,44.66714,1.00000,0.29888,2
0.00410,0.26538,44.50884,1.00000,1.69415,1
0.10448,0.98450,45.51929,1.00000,0.71793,2
0.09296,0.61637,45.26778,1.00000,1.52594,3
0.07291,0.92547,56.08466,1.00000,0.47446,2
0.00026,1.00000,45.00464,1.00000,1.78890,0
0.05609,0.70354,8.46555,0.00000,0.14964,4
0.10269,1.00000,49.99249,1.00000,0.88144,2
0.07329,0.46055,41.98727,1.00000,0.58616,2
0.01031,0.09591,44.25396,0.00000,1.67463,1
0.00009,1.00000,44.83997,1.00000,1.62061,0
0.00054,0.83571,45.22611,0.00000,1.65045,0
0.00012,1.00000,45.65397,1.00000,1.67371,0
0.09520,0.59403,7.78638,1.00000,0.14149,4
0.00003,1.00000,46.20349,1.00000,0.68766,0
0.03055,0.02400,44.30968,0.00000,1.65064,1
0.00007,1.00000,44.92702,1.00000,1.81279,0
0.00003,1.00000,46.74477,1.00000,1.59827,0
0.00340,0.26788,45.56619,1.00000,1.72520,1
0.04043,0.95531,9.99200,1.00000,0.18973,4
0.00005,1.00000,45.21555,1.00000,1.81770,0
0.08921,0.85088,10.38304,1.00000,0.16030,4
0.07906,0.51267,44.32836,1.00000,1.52977,3
0.07019,0.81940,45.65605,1.00000,1.52629,3
0.00123,1.00000,45.26178,1.00000,1.61992,0
0.08583,0.72761,10.60493,1.00000,0.15883,4
0.02352,0.04948,45.28793,1.00000,1.72539,1
0.09339,0.63281,44.40930,1.00000,1.58403,3
0.08363,0.53806,45.47333,1.00000,1.58355,3
0.00017,1.00000,45.67029,1.00000,1.76899,0
0.00024,0.82090,45.37595,0.00000,1.67760,0
0.00001,1.00000,44.70466,1.00000,1.18824,0
0.07188,0.83122,52.54754,1.00000,0.67885,2
0.09720,0.52070,44.22287,1.00000,0.47258,2
0.00535,0.21350,44.40235,1.00000,1.70683,1
0.07360,0.80228,44.90906,1.00000,1.53941,3
0.06702,0.85561,44.54792,1.00000,1.37712,3
0.01447,0.06133,44.37402,0.00000,1.65742,1
0.05741,0.59759,7.61503,1.00000,0.15097,4
0.04683,0.84337,44.73717,1.00000,1.05473,3
0.00019,0.77640,44.60218,0.00000,1.65751,0
0.00025,1.00000,46.01773,1.00000,1.73869,0
0.01576,0.06479,44.00973,1.00000,1.74194,1
0.10162,0.79618,45.14390,1.00000,1.55621,3
0.00004,1.00000,45.45994,1.00000,1.83080,0
0.00433,0.40308,45.50053,1.00000,1.70370,1
0.08460,0.59557,10.62897,1.00000,0.19205,4
0.06524,0.70190,42.94965,1.00000,0.32984,2
0.10598,0.11111,45.57676,0.00000,1.65501,1
0.06471,0.56564,45.03237,1.00000,1.60028,3
0.02426,0.07847,45.87610,0.00000,1.64307,1
0.01290,0.07023,45.09839,1.00000,1.73391,1
0.09255,0.52614,8.81393,1.00000,0.16496,4
0.08268,0.54390,35.72813,1.00000,0.26979,2
0.08441,0.66667,9.51404,1.00000,0.17915,4
0.02554,0.03441,46.15411,0.00000,1.65642,1
0.00019,1.00000,45.94463,1.00000,1.68045,0
0.00566,0.17169,46.20665,0.00000,1.65534,1
0.00000,1.00000,44.68191,1.00000,0.50385,0
0.00005,1.00000,45.72377,1.00000,1.74432,0
0.07972,0.62898,9.38268,1.00000,0.15493,4
0.03486,1.00000,56.70955,1.00000,0.45970,2
0.09396,0.45088,44.78457,1.00000,1.61019,3
0.04781,0.04708,45.35843,0.00000,1.63300,1
0.09191,0.73852,53.57679,1.00000,0.36594,2
0.08355,0.62286,8.87790,1.00000,0.13218,4
0.00905,0.09345,45.15186,1.00000,1.69675,1
0.00134,1.00000,45.36368,1.00000,1.73914,0
0.08884,0.42435,47.14630,1.00000,0.50004,2
0.08142,0.50000,46.05332,1.00000,1.61874,3
0.07564,0.69890,45.79845,1.00000,1.53097,3
0.04698,0.81860,8.78216,1.00000,0.12964,4
0.00169,0.76889,45.16758,0.00000,1.66905,0
0.06506,0.60322,7.81706,1.00000,0.18556,4
0.09191,0.51509,9.43816,1.00000,0.20410,4
0.08984,0.64326,9.75306,1.00000,0.20401,4
0.00001,0.88889,45.46217,1.00000,1.79157,0
0.08861,0.47059,49.09588,1.00000,0.41911,2
0.10414,0.58937,45.73167,1.00000,1.49387,3
0.00011,0.84746,46.23092,0.00000,1.64958,0
0.00787,0.15904,44.85488,1.00000,1.70576,1
0.00005,1.00000,45.59266,1.00000,1.74292,0
0.08969,0.06237,46.35240,0.00000,1.67010,1
0.06688,0.88356,49.80654,1.00000,0.84321,2
0.00094,0.89655,44.54791,0.00000,1.65806,0
0.07306,0.56459,44.99364,1.00000,1.71502,3
0.00008,0.89796,45.64369,0.00000,1.62957,0
0.06113,0.93548,9.17527,1.00000,0.09593,4
0.08179,0.66358,46.02873,1.00000,0.61185,2
0.00003,1.00000,44.90038,1.00000,1.64160,0
0.08819,0.59375,45.57739,1.00000,1.53561,3
0.08968,0.51594,46.09905,1.00000,1.64165,3
0.07678,0.45725,44.54034,1.00000,0.61690,2
0.01903,0.05258,45.60292,1.00000,1.69375,1
0.00006,1.00000,44.95622,1.00000,1.73221,0
0.03538,0.03226,45.83386,0.00000,1.61544,1
0.00187,0.86364,44.91441,0.00000,1.68113,0
0.08083,0.50886,8.68650,1.00000,0.16064,4
0.08124,0.60751,9.00056,1.00000,0.17536,4
0.08987,0.71111,46.51379,1.00000,1.56704,3
0.00009,1.00000,45.21863,1.00000,1.71902,0
0.07622,0.97917,51.60973,1.00000,0.50998,2
0.00295,0.30707,45.32651,0.00000,1.64888,1
0.00010,1.00000,44.48510,1.00000,1.66205,0
0.00016,1.00000,45.68718,1.00000,1.71028,0
0.08685,0.86364,45.61439,1.00000,1.32847,3
0.08921,0.85714,10.81129,1.00000,0.18825,4
0.02035,0.10543,46.14844,1.00000,1.71688,1
0.02196,0.04490,44.05877,1.00000,1.67731,1
0.09894,0.56868,8.75795,1.00000,0.17721,4
0.08444,0.45652,46.09276,1.00000,1.63801,3
0.09866,0.75000,44.69445,1.00000,0.57327,2
0.00005,1.00000,44.24322,1.00000,1.79888,0
0.05954,0.76389,10.58914,1.00000,0.16799,4
0.09263,0.66570,7.31324,1.00000,0.12083,4
0.06881,0.81910,45.97081,1.00000,0.68854,2
0.00467,0.36458,45.78237,0.00000,1.64769,1
0.07574,0.53791,9.68466,1.00000,0.17227,4
0.06099,0.52119,46.29297,1.00000,1.67471,3
0.09594,0.49485,45.45671,1.00000,1.70704,3
0.00027,1.00000,44.89999,1.00000,1.80194,0
0.06751,0.68786,10.85919,1.00000,0.17268,4
0.00675,0.23566,45.98342,1.00000,1.69874,1
0.01873,1.00000,55.22614,1.00000,0.46563,2
0.08319,0.67945,47.76683,1.00000,0.44048,2
0.09164,0.63836,8.48791,1.00000,0.15240,4
0.07188,0.92241,44.17988,1.00000,0.23105,2
0.07886,0.76308,46.76950,1.00000,1.55631,3
0.10282,0.89691,8.84451,1.00000,0.13487,4
0.01802,0.06029,46.57622,1.00000,1.70577,1
0.07719,0.64305,45.30576,1.00000,1.49938,3
0.00548,0.15200,44.71877,0.00000,1.63450,1
0.10434,0.70393,45.36815,1.00000,1.39562,3
0.00005,1.00000,44.44514,1.00000,1.65939,0
0.08497,0.77972,52.51018,1.00000,0.27780,2
0.08092,0.44489,44.93934,1.00000,1.66971,3
0.06372,1.00000,16.25577,1.00000,0.17473,4
0.09809,0.46257,46.72817,1.00000,1.60904,3
0.08090,0.67857,44.81919,1.00000,1.59577,3
0.08979,0.53928,45.11275,1.00000,0.33954,2
0.08157,1.00000,55.37754,1.00000,0.00000,2
0.08807,0.50673,10.17278,1.00000,0.17379,4
0.02658,0.03756,45.71718,0.00000,1.65866,1
0.00048,0.78680,44.96527,0.00000,1.61800,0
0.08201,0.67500,7.98942,1.00000,0.16353,4
0.08887,0.49786,11.60030,1.00000,0.19721,4
0.09129,0.67077,42.46654,1.00000,0.67497,2
0.05541,0.02096,45.78915,0.00000,1.69400,1
0.08321,0.81346,45.43556,1.00000,1.55785,3
0.03647,0.03434,44.56455,0.00000,1.65086,1
0.09812,0.40564,44.64322,1.00000,1.63401,3
0.09454,0.69231,52.44343,1.00000,0.56502,2
0.00001,1.00000,44.19002,1.00000,1.79690,0
0.00019,1.00000,44.44867,1.00000,1.71465,0
0.08691,0.46032,43.53868,1.00000,0.49120,2
0.05324,0.97600,52.77706,1.00000,0.67116,2
0.11537,0.96933,42.01337,1.00000,0.52850,2
0.00015,1.00000,44.75877,1.00000,1.73415,0
0.00008,1.00000,44.97008,1.00000,1.64399,0
0.00015,1.00000,46.45688,1.00000,1.69442,0
0.00030,1.00000,45.21914,1.00000,1.74300,0
0.00042,1.00000,45.40714,1.00000,1.66254,0
0.05583,0.98649,50.47019,1.00000,0.68318,2
0.00058,0.92157,45.32234,0.00000,1.64951,0
0.04106,0.56785,46.51787,1.00000,0.84452,2
0.05478,0.97794,47.19841,1.00000,0.51992,2
0.02705,1.00000,10.96235,1.00000,0.13172,4
0.02240,0.06458,44.83893,1.00000,1.69987,1
0.06408,0.53846,9.76931,1.00000,0.19188,4
0.08667,0.79705,45.23007,1.00000,1.65922,3
0.09457,0.49053,45.28930,1.00000,1.67711,3
0.08801,0.49901,50.44939,1.00000,0.67852,2
0.10146,0.82900,43.96239,1.00000,1.49349,3
0.00876,0.21429,43.77013,1.00000,1.71215,1
0.08157,0.53165,45.13188,1.00000,0.60209,2
0.06542,0.05809,45.31246,1.00000,1.70558,1
0.00021,1.00000,46.24938,1.00000,1.60533,0
0.00840,0.11921,45.01113,1.00000,1.69779,1
0.00758,0.12752,45.82367,1.00000,1.71056,1
0.00002,1.00000,47.16253,1.00000,1.81620,0
0.09339,0.57207,45.16939,1.00000,1.59587,3
0.07720,0.67828,44.19473,1.00000,1.55585,3
0.05292,0.86508,7.92566,1.00000,0.13271,4
0.00829,0.12071,44.95833,1.00000,1.71834,1
0.09993,0.58908,44.69605,1.00000,1.65214,3
0.06051,1.00000,53.79435,1.00000,0.46862,2
0.02041,0.09227,44.22772,0.00000,1.65448,1
0.00016,1.00000,46.36029,1.00000,1.77429,0
0.01061,0.16918,45.01857,1.00000,1.70269,1
0.06312,0.67698,48.22131,1.00000,0.65683,2
0.08114,0.61792,45.00116,1.00000,1.69365,3
0.10057,0.63874,45.35364,1.00000,1.58685,3
0.08814,0.86709,12.15587,1.00000,0.19335,4
0.08289,0.50958,44.91747,1.00000,1.56753,3
0.06335,0.98901,51.97272,1.00000,0.13930,2
0.07478,0.80676,45.93446,1.00000,1.34086,3
0.04612,0.92366,10.64838,1.00000,0.08418,4
0.02456,0.23239,44.27326,1.00000,1.71764,1
0.09085,0.82403,46.22306,1.00000,1.46337,3
0.07411,0.78378,44.44379,1.00000,1.30840,3
0.00002,1.00000,47.47963,1.00000,1.53393,0
0.09917,0.70427,44.20133,1.00000,1.52283,3
0.00036,1.00000,44.49403,1.00000,1.73690,0
0.07224,0.46181,46.70288,1.00000,0.54417,2
0.08370,0.56942,44.59375,1.00000,0.76507,2
0.00000,1.00000,44.32592,0.00000,0.05036,0
0.09328,0.57837,46.74710,1.00000,0.36134,2
0.04828,0.20482,45.49146,1.00000,1.70504,1
0.08439,0.54142,8.85013,1.00000,0.13911,4
0.09468,0.47510,45.56515,1.00000,0.73527,2
0.07717,0.49585,43.53341,1.00000,0.57125,2
0.07931,0.75248,42.19318,1.00000,0.59467,2
0.18998,0.06250,45.27906,0.00000,1.63637,1
0.02680,0.05475,45.13428,0.00000,1.65928,1
0.04773,0.75329,10.36155,1.00000,0.18720,4
0.06573,0.78846,44.75734,1.00000,1.52767,3
0.06052,0.69258,8.52380,1.00000,0.16465,4
0.02077,0.04073,45.92087,1.00000,1.71387,1
0.00009,1.00000,45.15696,1.00000,1.73516,0
0.09272,0.52693,7.80754,1.00000,0.14371,4
0.00017,0.89362,44.95067,0.00000,1.60645,0
0.04180,1.00000,12.57802,1.00000,0.13450,4
0.08067,0.93252,43.82962,1.00000,0.47615,2
0.08061,0.66906,9.70110,1.00000,0.15152,4
0.00793,0.10734,44.53294,0.00000,1.68158,1
0.15094,0.04504,44.73161,1.00000,1.75577,1
0.07578,0.72036,44.23489,1.00000,1.20240,3
0.06448,0.74815,45.52138,1.00000,1.30967,3
0.00007,1.00000,45.14068,1.00000,1.58520,0
0.08891,0.40375,45.97776,1.00000,1.63780,3
0.08436,0.61918,6.86334,1.00000,0.12471,4
0.09674,0.98611,49.82998,1.00000,0.54417,2
0.09479,0.54185,45.36472,1.00000,0.39955,2
0.06467,0.97531,45.45331,1.00000,1.02191,3
0.07714,0.49405,43.83456,1.00000,0.77557,2
0.09483,0.57411,45.12983,1.00000,1.67030,3
0.01856,0.03854,43.88470,0.00000,1.67029,1
0.02174,0.09483,45.44844,0.00000,1.65796,1
0.09143,0.63420,45.76352,1.00000,0.52586,2
0.00696,0.14092,44.99644,1.00000,1.70831,1
0.09645,0.72318,54.03189,1.00000,0.60367,2
0.05931,0.59504,7.34549,1.00000,0.18534,4
0.07177,0.60354,46.10098,1.00000,1.46913,3
0.09509,0.94406,44.73555,1.00000,1.43067,3
0.07620,0.93548,44.40773,1.00000,1.55971,3
0.08564,0.55814,7.61906,1.00000,0.14395,4
0.08457,0.49902,44.89035,1.00000,1.64422,3
0.00058,0.86207,45.66304,0.00000,1.64443,0
0.09398,0.66838,8.54464,1.00000,0.15910,4
0.02234,1.00000,53.79359,1.00000,0.46862,2
0.07432,0.49903,43.55600,1.00000,0.59625,2
0.12320,0.06139,45.62412,1.00000,1.69769,1
0.00009,1.00000,44.77419,1.00000,1.69017,0
0.00002,0.87500,45.22129,1.00000,1.79834,0
0.08316,0.58444,40.40161,1.00000,0.14675,2
0.06774,0.56140,8.77881,1.00000,0.13298,4
0.08259,0.71429,44.20197,1.00000,1.29269,3
0.08222,0.49225,44.18175,1.00000,1.69094,3
0.08150,0.59948,8.81458,1.00000,0.17936,4
0.01915,0.05361,45.31494,0.00000,1.65867,1
0.06034,0.65667,10.37284,1.00000,0.16764,4
0.00275,0.27249,46.63192,0.00000,1.63196,1
0.08737,0.43234,47.07361,1.00000,0.32084,2
0.05153,0.51012,46.16695,1.00000,1.61010,3
0.00733,0.12306,44.76854,0.00000,1.66530,1
0.05853,0.68667,42.99885,1.00000,0.58835,2
0.02560,0.11014,45.61752,1.00000,1.68535,1
0.08424,0.56140,45.16875,1.00000,1.64974,3
0.06908,0.65861,44.52786,1.00000,0.75483,2
0.00006,1.00000,45.83395,1.00000,1.64943,0
0.05591,0.04703,45.76237,0.00000,1.66478,1
0.09724,0.86220,45.76173,1.00000,1.60610,3
0.06944,0.95531,43.80191,1.00000,1.45250,3
0.00010,0.98276,43.28344,1.00000,1.73861,0
0.01759,0.06237,45.40340,1.00000,1.70025,1
0.06732,0.07263,45.59310,1.00000,1.69571,1
0.10135,0.67590,45.45612,1.00000,1.48492,3
0.02065,0.21297,45.47443,0.00000,1.64421,1
0.02983,0.09817,45.24678,1.00000,1.72418,1
0.08116,0.57231,9.21412,1.00000,0.15397,4
0.09268,0.68146,47.36158,1.00000,0.86176,2
0.00022,1.00000,44.64961,1.00000,1.71797,0
0.07110,0.68983,44.91562,1.00000,1.59592,3
0.01227,0.06029,45.59218,1.00000,1.71807,1
0.05923,0.83730,55.41142,1.00000,0.00001,2
0.01903,0.07806,44.58418,1.00000,1.72825,1
0.08580,0.88106,46.64093,1.00000,1.24313,3
0.08168,0.43623,45.26279,1.00000,1.68588,3
0.08346,0.65868,42.86924,1.00000,0.29754,2
0.00021,1.00000,44.61422,1.00000,1.69776,0
0.08951,0.52556,45.13075,1.00000,1.67888,3
0.00003,1.00000,45.01029,1.00000,1.73385,0
0.00404,0.21021,45.64030,0.00000,1.67156,1
0.00013,1.00000,45.01371,1.00000,1.69330,0
0.00010,1.00000,45.63387,1.00000,1.70586,0
0.00126,0.80170,46.52743,1.00000,1.69274,1
0.06844,0.57009,9.68338,1.00000,0.16831,4
0.00017,0.95652,45.08667,1.00000,1.80895,0
0.08795,0.42179,47.12801,1.00000,0.74130,2
0.09958,0.84444,53.30136,1.00000,0.35868,2
0.00004,1.00000,43.31867,1.00000,1.67032,0
0.05361,0.69577,47.06518,1.00000,0.55650,2
0.08908,0.50719,10.71317,1.00000,0.19775,4
0.04552,0.05590,44.65360,0.00000,1.64550,1
0.00918,0.09101,45.69662,1.00000,1.69770,1
0.04509,0.85153,49.34678,1.00000,0.25124,2
0.00351,0.25128,44.41745,1.00000,1.70773,1
0.08537,0.82353,10.93735,1.00000,0.18084,4
0.08711,0.64987,42.08142,1.00000,0.62753,2
0.09338,0.66758,44.92992,1.00000,1.56704,3
0.09890,0.96000,51.17950,1.00000,0.83112,2
0.10794,0.78986,47.15284,1.00000,0.55882,2
0.07943,0.52489,45.43646,1.00000,1.56822,3
0.02365,0.06799,45.88903,1.00000,1.69720,1
0.00085,1.00000,45.56368,1.00000,1.68752,0
0.07983,0.62192,7.82549,1.00000,0.13644,4
0.00000,1.00000,44.18047,1.00000,0.68742,0
0.00006,0.95833,45.13483,0.00000,1.57087,0
0.03953,0.07294,44.06573,0.00000,1.64890,1
0.01276,0.07651,44.74176,1.00000,1.70996,1
0.10458,0.44403,46.07757,1.00000,1.57773,3
0.09662,0.46476,42.69949,1.00000,0.58824,2
0.08855,0.45753,9.19603,1.00000,0.17455,4
0.07548,0.40464,45.55850,1.00000,0.34344,2
0.07497,0.44886,48.55627,1.00000,0.57612,2
0.09949,0.69010,44.50444,1.00000,1.50257,3
0.06925,0.65944,49.61647,1.00000,0.08672,2
0.09625,0.54739,47.06430,1.00000,0.60838,2
0.08357,0.60096,43.79733,1.00000,0.27645,2
0.09358,0.67049,46.22720,1.00000,1.31430,3
0.01344,0.06127,45.50537,1.00000,1.71259,1
0.09293,0.50000,45.84757,1.00000,0.50680,2
0.08903,0.76887,46.59940,1.00000,1.36347,3
0.05525,0.98824,46.02977,1.00000,1.11899,3
0.00006,0.81132,45.98561,0.00000,1.68279,0
0.09077,0.56044,9.57774,1.00000,0.18143,4
0.07773,0.53846,9.86239,1.00000,0.15974,4
0.10016,0.63243,8.42938,1.00000,0.14713,4
0.00243,1.00000,45.17431,1.00000,1.68261,0
0.08317,0.50909,46.28389,1.00000,1.59179,3
0.00006,1.00000,44.77800,1.00000,1.70787,0
0.06174,0.91803,50.31681,1.00000,0.38484,2
0.06383,0.96429,44.80395,1.00000,1.03721,3
0.09030,0.67658,9.10216,1.00000,0.14917,4
0.08621,0.57494,44.34175,1.00000,0.67629,2
0.00008,1.00000,44.75896,1.00000,1.75385,0
0.00012,1.00000,45.08066,1.00000,1.71217,0
0.10334,0.64000,45.01576,1.00000,1.54579,3
0.06494,0.69231,10.26935,1.00000,0.22299,4
0.08135,0.77391,49.79607,1.00000,0.71795,2
0.04285,0.07920,44.55415,1.00000,1.70066,1
0.09097,0.55097,46.46210,1.00000,1.57494,3
0.00464,0.25740,46.44355,1.00000,1.70261,1
0.00079,1.00000,45.30594,1.00000,1.67348,0
0.10208,0.77670,7.15763,1.00000,0.15677,4
0.16776,0.05350,43.62986,1.00000,1.71537,1
0.05528,0.75000,7.46907,1.00000,0.13544,4
0.08517,0.50111,48.51353,1.00000,0.59007,2
0.05473,0.98824,44.82377,1.00000,1.36104,3
0.11601,1.00000,9.05920,1.00000,0.15065,4
0.09370,0.65254,48.81210,1.00000,0.52720,2
0.08468,0.57011,48.58339,1.00000,0.23104,2
0.00121,0.53409,44.67822,0.00000,1.64760,1
0.09970,0.97037,43.99925,1.00000,0.65867,2
0.09078,0.72797,9.20444,1.00000,0.17237,4
0.07586,0.88293,53.53547,1.00000,0.00000,2
0.09316,0.80741,46.80961,1.00000,0.83812,2
0.08686,0.44485,46.23410,1.00000,1.65361,3
0.02700,0.20386,44.61709,0.00000,1.66560,1
0.07891,0.73469,51.14964,1.00000,0.60665,2
0.08451,0.56115,44.02749,1.00000,0.60974,2
0.09388,0.46239,44.36527,1.00000,0.37508,2
0.00017,1.00000,45.22164,1.00000,1.66617,0
0.09952,0.52823,44.67529,1.00000,1.64099,3
0.06002,0.99225,10.18830,1.00000,0.23035,4
0.01263,0.07489,46.50289,1.00000,1.70497,1
0.03551,0.04065,45.09386,0.00000,1.62984,1
0.01874,0.07338,45.44837,1.00000,1.70765,1
0.07390,0.52577,48.52415,1.00000,0.45403,2
0.07255,0.69649,45.60766,1.00000,0.27625,2
0.05588,0.07945,44.59270,1.00000,1.70988,1
0.00001,1.00000,45.72360,1.00000,1.31685,0
0.20401,0.06257,44.49735,1.00000,1.70060,1
0.10086,0.69189,47.86419,1.00000,0.82501,2
0.10388,0.55844,8.32955,1.00000,0.17858,4
0.07797,0.85782,11.18422,1.00000,0.18273,4
0.07263,0.46154,44.82853,1.00000,0.50045,2
0.00003,1.00000,44.63002,1.00000,1.59395,0
0.08598,0.93506,8.34750,1.00000,0.14362,4
0.01479,0.06139,45.80750,1.00000,1.72075,1
0.00003,1.00000,45.38977,1.00000,1.48641,0
0.02836,0.12027,44.21524,0.00000,1.66734,1
0.09943,0.76316,43.62908,1.00000,1.55740,3
0.00033,0.77391,45.12624,0.00000,1.65166,0
0.09312,0.71987,8.81408,1.00000,0.17948,4
0.09566,0.54453,9.65500,1.00000,0.17945,4
0.00002,1.00000,45.05492,1.00000,1.76692,0
0.11392,0.64725,10.04527,1.00000,0.18063,4
0.06317,0.67610,8.57809,1.00000,0.18893,4
0.00005,1.00000,45.02239,1.00000,1.57336,0
0.07854,0.94382,43.72462,1.00000,0.36078,2
0.06742,0.43182,45.45346,1.00000,1.69541,3
0.07576,0.70286,45.86481,1.00000,1.61620,3
0.00005,1.00000,45.49379,1.00000,1.71507,0
0.01570,0.05464,45.31688,1.00000,1.70145,1
0.06425,0.87923,44.26728,1.00000,1.21096,3
0.07612,0.70440,43.68204,1.00000,1.52127,3
0.03550,0.06792,45.36217,0.00000,1.65239,1
0.09951,0.42989,40.77039,1.00000,0.59396,2
0.08574,0.73520,12.09804,1.00000,0.20502,4
0.00017,1.00000,45.92649,1.00000,1.67815,0
0.08400,0.86463,46.68557,1.00000,1.80439,3
0.00034,1.00000,44.79454,1.00000,1.56837,0
0.00787,0.16110,44.96069,1.00000,1.68501,1
0.07807,0.77256,41.09776,1.00000,0.00000,2
0.18083,0.11674,44.85907,1.00000,1.70820,1
0.03969,0.07376,44.77977,0.00000,1.65198,1
0.00036,1.00000,46.23802,1.00000,1.64792,0
0.07003,0.75627,44.53961,1.00000,1.44813,3
0.09700,0.42701,45.66665,1.00000,1.58460,3
0.00971,0.10858,44.98395,0.00000,1.65540,1
0.00436,0.21578,44.79922,0.00000,1.62513,1
0.08491,0.67614,9.73365,1.00000,0.15915,4
0.00007,1.00000,44.86552,1.00000,1.62122,0
0.08131,0.78355,45.20134,1.00000,1.55837,3
0.08855,0.75000,10.99567,1.00000,0.16472,4
0.01949,0.04184,46.45956,0.00000,1.61863,1
0.00051,0.76995,44.82056,0.00000,1.66160,0
0.03735,0.96639,9.95220,1.00000,0.15219,4
0.08123,0.60656,45.16568,1.00000,0.26605,2
0.00005,0.94444,46.04440,0.00000,1.61970,0
0.07824,0.91532,52.63471,1.00000,0.40789,2
0.06551,0.75912,45.78058,1.00000,0.14247,2
0.09435,0.39414,43.91385,1.00000,1.65172,3
0.00001,1.00000,44.69482,1.00000,1.34370,0
0.00007,1.00000,45.90817,1.00000,1.58925,0
0.03905,0.86466,15.10840,1.00000,0.16337,4
0.08129,0.77517,44.99646,1.00000,1.55927,3
0.00014,1.00000,44.18654,1.00000,1.76490,0
0.06689,0.72881,46.92299,1.00000,1.57829,3
0.02137,0.08529,45.49268,1.00000,1.69807,1
0.10518,0.08369,43.77807,1.00000,1.69325,1
0.06458,0.08068,45.11264,1.00000,1.71108,1
0.08167,0.48429,45.58980,1.00000,1.67633,3
0.01583,0.05901,46.16718,1.00000,1.71171,1
0.09592,0.45138,44.78018,1.00000,1.53199,3
0.09400,0.53996,50.73914,1.00000,0.70031,2
0.00014,1.00000,44.82419,1.00000,1.77669,0
0.02043,0.22924,45.84022,1.00000,1.70288,1
0.09547,0.46789,44.91518,1.00000,1.53403,3
0.00017,0.89189,45.12293,0.00000,1.68115,0
0.05087,0.67249,9.45057,1.00000,0.17872,4
0.09537,0.89434,44.52728,1.00000,1.32322,3
0.00019,1.00000,46.14811,1.00000,1.75005,0
0.06479,0.60677,11.53614,1.00000,0.19264,4
0.08511,0.60714,8.05979,1.00000,0.16844,4
0.07765,0.52652,10.51931,1.00000,0.20009,4
0.07653,0.46154,44.85917,1.00000,1.65799,3
0.01204,0.07128,45.37635,1.00000,1.69783,1
0.04247,0.96094,7.61516,1.00000,0.12660,4
0.00002,1.00000,46.12492,1.00000,1.62998,0
0.03447,0.02711,45.10508,0.00000,1.64471,1
0.06059,0.07822,45.83167,1.00000,1.68323,1
0.10620,0.91878,9.90543,1.00000,0.27414,4
0.09063,0.62778,9.20422,1.00000,0.15557,4
0.00883,0.12971,45.18587,1.00000,1.72416,1
0.10058,0.80451,11.70988,1.00000,0.20933,4
0.07431,0.47191,45.52747,1.00000,1.66571,3
0.06654,0.57477,45.60459,1.00000,1.50988,3
0.08727,0.79848,45.96690,1.00000,1.66602,3
0.06636,0.90164,49.58750,1.00000,0.79114,2
0.07305,0.67422,10.02747,1.00000,0.20654,4
0.06688,0.60563,10.41802,1.00000,0.19178,4
0.00029,1.00000,45.72034,1.00000,1.79842,0
0.03934,0.10761,45.05151,1.00000,1.72636,1
0.09660,0.51167,45.97064,1.00000,1.56166,3
0.07930,0.86818,45.78865,1.00000,1.47658,3
0.07931,0.72159,45.81776,1.00000,1.66069,3
0.08951,0.76667,9.24237,1.00000,0.14879,4
0.05189,0.98160,50.17743,1.00000,0.76718,2
0.03365,0.77049,11.07774,0.00000,0.16117,4
0.09644,0.59465,43.00256,1.00000,1.69068,3
0.08518,0.97561,54.12491,1.00000,0.76890,2
0.08720,0.62899,9.27250,1.00000,0.16839,4
0.09067,0.89450,46.03923,1.00000,0.38362,2
0.03885,0.05723,44.83769,0.00000,1.65233,1
0.07882,0.60684,7.13171,1.00000,0.14507,4
0.09758,0.58838,45.12271,1.00000,0.77494,2
0.03694,0.04490,45.76433,0.00000,1.66949,1
0.08809,0.46869,44.64896,1.00000,0.44863,2
0.11012,0.66812,9.19299,1.00000,0.19405,4
0.08632,0.62040,46.47690,1.00000,1.61590,3
0.09946,0.94059,46.93850,1.00000,0.47004,2
0.00033,0.80303,44.79948,0.00000,1.65385,0
0.06075,1.00000,10.85925,1.00000,0.12803,4
0.08645,0.45242,44.35548,1.00000,1.66603,3
0.09979,0.76636,45.46556,1.00000,1.32140,3
0.04940,0.76761,7.57775,1.00000,0.13943,4
0.00019,1.00000,45.46192,1.00000,1.56074,0
0.09688,0.63507,45.04164,1.00000,1.65853,3
0.05764,0.61489,10.78865,1.00000,0.16623,4
0.07157,0.06361,45.89320,1.00000,1.71747,1
0.08304,0.48454,45.46956,1.00000,1.58256,3
0.00273,0.85294,45.78171,0.00000,1.64213,0
0.00014,1.00000,45.86010,1.00000,1.73354,0
0.09223,0.46277,45.19630,1.00000,1.54835,3
0.07055,0.81977,9.87003,1.00000,0.23145,4
0.09127,0.57000,44.20023,1.00000,1.54820,3
0.00011,0.93750,45.23995,1.00000,1.60843,0
0.00013,1.00000,45.76630,1.00000,1.77986,0
0.09006,0.77258,11.73601,1.00000,0.19749,4
0.05851,0.57860,8.42162,1.00000,0.16566,4
0.07951,0.44444,45.42052,1.00000,1.68344,3
0.06459,0.89669,45.24007,1.00000,0.53570,2
0.06164,0.68820,49.85538,1.00000,0.43476,2
0.07510,0.55774,44.60932,1.00000,1.64695,3
0.08638,0.44604,43.39269,1.00000,0.58703,2
0.05848,0.61389,47.81732,1.00000,0.51119,2
0.05287,0.54348,41.14258,1.00000,0.31699,2
0.00418,0.33666,44.64508,1.00000,1.69532,1
0.08058,0.65301,42.03290,1.00000,0.56974,2
0.07771,0.95092,48.52130,1.00000,0.62017,2
0.07043,0.60745,42.65679,1.00000,0.45373,2
0.10079,0.81377,45.75127,1.00000,0.71890,2
0.09975,0.73308,45.65400,1.00000,1.31327,3
0.00715,0.13514,44.45114,1.00000,1.68864,1
0.09307,0.93064,45.21170,1.00000,1.30618,3
0.00018,1.00000,44.76636,1.00000,1.29371,0
0.09898,0.52823,43.39966,1.00000,0.60220,2
0.08352,0.59067,6.77639,1.00000,0.14890,4
0.22728,0.07135,45.66723,1.00000,1.69568,1
0.09382,0.45594,47.41408,1.00000,0.44156,2
0.08284,0.72222,46.39930,1.00000,1.64131,3
0.07921,0.81466,46.88346,1.00000,0.53580,2
0.00011,1.00000,44.53384,1.00000,1.64404,0
0.08958,0.46544,9.52984,1.00000,0.19240,4
0.07624,0.72393,46.50191,1.00000,1.67136,3
0.07926,0.40780,46.89708,1.00000,0.78027,2
0.07977,0.79070,45.42516,1.00000,1.30948,3
0.05498,0.73464,45.18236,1.00000,0.67051,2
0.00713,0.10087,45.62721,0.00000,1.66532,1
0.08143,0.58824,8.22412,1.00000,0.14484,4
0.03651,0.19008,45.01509,0.00000,1.65406,1
0.09919,0.69393,43.91235,1.00000,0.64330,2
0.01653,0.06688,45.72873,1.00000,1.71603,1
0.07531,0.70000,46.94534,1.00000,0.43579,2
0.08502,0.61823,8.24846,1.00000,0.16569,4
0.02520,0.03858,45.24669,0.00000,1.66437,1
0.00004,1.00000,45.53170,1.00000,1.83875,0
0.08290,0.84926,45.27714,1.00000,0.80692,3
0.06760,0.08520,45.88581,1.00000,1.69934,1
0.01555,0.05247,44.89279,1.00000,1.73060,1
0.02107,0.05579,44.10184,0.00000,1.65468,1
0.11638,0.88679,57.23546,1.00000,0.44197,2
0.00154,0.81026,45.34893,0.00000,1.66457,0
0.07328,0.46283,41.56634,1.00000,0.49978,2
0.07695,0.60317,44.69940,1.00000,1.66417,3
0.00013,1.00000,45.50734,1.00000,1.74765,0
0.10122,0.43524,7.33969,1.00000,0.15562,4
0.10457,0.58405,47.69813,1.00000,0.45338,2
0.06409,0.57367,6.97248,1.00000,0.13554,4
0.00008,1.00000,45.46281,1.00000,1.67203,0
0.08191,0.57143,45.56432,1.00000,1.56267,3
0.00009,1.00000,45.58028,1.00000,1.61764,0
0.07771,0.82745,44.29247,1.00000,1.25146,3
0.08909,0.54292,8.52602,1.00000,0.11785,4
0.09826,0.54352,49.70127,1.00000,0.64226,2
0.00700,0.19451,45.83370,1.00000,1.75249,1
0.07754,0.74269,46.31419,1.00000,1.53133,3
0.07855,0.81463,45.43441,1.00000,1.46751,3
0.09864,0.51198,44.94520,1.00000,1.59492,3
0.00006,1.00000,46.00291,1.00000,1.55137,0
0.08877,0.77255,9.27976,1.00000,0.16999,4
0.07788,0.72368,44.72357,1.00000,1.65330,3
0.10930,1.00000,9.56901,1.00000,0.12518,4
0.08618,0.46293,47.95106,1.00000,0.37202,2
0.00045,0.82955,43.57926,0.00000,1.63774,0
0.09802,0.67246,45.60801,1.00000,1.63819,3
0.08505,0.92040,45.75226,1.00000,1.30801,3
0.04017,0.12864,45.26458,1.00000,1.71633,1
0.08060,0.45392,44.30857,1.00000,1.58154,3
0.00012,0.84375,45.51896,0.00000,1.63610,0
0.06719,0.77133,10.40609,1.00000,0.16489,4
0.08295,0.85768,54.35200,1.00000,0.51182,2
0.10060,0.76923,8.26123,1.00000,0.17254,4
0.07356,1.00000,55.25793,1.00000,0.52384,2
0.00635,0.15698,46.12836,1.00000,1.70558,1
0.08188,0.58879,47.03808,1.00000,1.70858,3
0.00008,1.00000,44.84205,1.00000,1.71804,0
0.00778,0.12222,44.73826,1.00000,1.70941,1
0.00157,0.55335,45.13530,1.00000,1.68047,1
0.09202,0.60831,9.27792,1.00000,0.17557,4
0.08552,0.43546,45.39740,1.00000,1.66594,3
0.02728,0.12806,44.50424,1.00000,1.70042,1
0.09449,0.70556,45.22437,1.00000,1.61378,3
0.00006,1.00000,45.72221,1.00000,1.59507,0
0.00002,1.00000,45.66443,1.00000,1.74761,0
0.09094,0.74490,45.78667,1.00000,1.34683,3
0.09185,0.46241,45.77088,1.00000,1.71365,3
0.00734,0.08654,44.39470,1.00000,1.69792,1
0.07807,0.69329,46.33582,1.00000,0.72333,2
0.00002,1.00000,46.31621,1.00000,1.82091,0
0.06355,0.85169,49.62785,1.00000,0.44677,2
0.09001,0.55723,9.32340,1.00000,0.15131,4
0.10127,0.59439,44.26057,1.00000,1.57655,3
0.00013,1.00000,45.23456,1.00000,1.65295,0
0.05061,0.87342,44.79926,1.00000,1.23952,3
0.08660,0.57857,49.95288,1.00000,0.48683,2
0.01422,0.09325,44.31244,0.00000,1.65547,1
0.06773,0.77054,45.21703,1.00000,1.65144,3
0.05794,0.56360,46.19340,1.00000,1.62543,3
0.10222,0.48049,36.80700,1.00000,0.58521,2
0.07499,0.49536,44.96868,1.00000,1.62062,3
0.08506,0.41205,45.46238,1.00000,1.66698,3
0.08166,0.52700,8.07074,1.00000,0.15803,4
0.08406,0.50134,9.76838,1.00000,0.16630,4
0.00166,0.47148,45.26696,1.00000,1.70133,1
0.00825,0.15438,44.72018,0.00000,1.67400,1
0.11671,0.07008,45.95326,1.00000,1.70957,1
0.00007,1.00000,45.52654,1.00000,1.60528,0
0.09202,0.51527,45.53117,1.00000,1.66086,3
0.08602,0.96354,51.56912,1.00000,0.78643,2
0.08044,0.45422,45.51323,1.00000,0.51726,2
0.00049,1.00000,45.23339,1.00000,1.73495,0
0.09942,0.46293,46.88369,1.00000,1.61582,3
0.07516,0.64535,9.80408,1.00000,0.16146,4
0.31822,0.09003,45.87122,1.00000,1.68924,1
0.09248,0.66667,44.18750,1.00000,1.22116,3
0.08648,0.61095,7.85922,1.00000,0.13912,4
0.00005,1.00000,44.38478,1.00000,1.70099,0
0.10788,0.66964,9.35281,1.00000,0.17147,4
0.09477,0.71331,43.64994,1.00000,0.56648,2
0.08562,0.57570,47.35052,1.00000,0.36795,2
0.00016,0.80147,45.98151,0.00000,1.65976,0
0.00006,0.96296,45.35486,1.00000,1.63509,0
0.01852,0.06465,45.62412,1.00000,1.71136,1
0.06430,0.64183,43.18808,1.00000,0.25197,2
0.01801,0.13408,44.97341,1.00000,1.72278,1
0.06355,0.74007,11.14841,1.00000,0.17907,4
0.01678,0.05475,44.20920,0.00000,1.66119,1
0.01191,0.11331,44.07545,1.00000,1.68450,1
0.08690,0.52684,44.69067,1.00000,1.56363,3
0.07582,0.62281,50.68203,1.00000,0.36308,2
0.09623,0.56081,46.07686,1.00000,1.58640,3
0.00038,1.00000,45.64387,1.00000,1.65762,0
0.08028,0.70318,10.65106,1.00000,0.19733,4
0.10034,0.43358,41.65201,1.00000,0.67839,2
0.04738,0.98750,8.96432,1.00000,0.13220,4
0.08457,0.78136,45.62033,1.00000,1.65481,3
0.00260,0.56788,44.63613,1.00000,1.69042,1
0.00012,1.00000,45.96885,1.00000,1.74333,0
0.00010,1.00000,44.75184,1.00000,1.77962,0
0.08769,0.37302,42.62678,1.00000,0.49766,2
0.01477,0.06918,45.28261,1.00000,1.71075,1
0.00001,1.00000,44.94646,1.00000,1.62712,0
0.06903,0.57416,9.95291,1.00000,0.18306,4
0.00004,1.00000,44.89285,1.00000,1.81259,0
0.06530,0.77510,39.12336,1.00000,0.21405,2
0.06463,0.96479,45.71863,1.00000,1.04151,3
0.05336,0.04825,45.70167,0.00000,1.62902,1
0.00124,1.00000,46.16268,1.00000,1.71153,0
0.09844,0.61994,8.64053,1.00000,0.14571,4
0.13506,0.03543,45.31222,0.00000,1.64880,1
0.08854,0.46465,47.57330,1.00000,0.41779,2
0.00040,0.78199,45.63356,0.00000,1.67333,0
0.08808,0.59953,45.66323,1.00000,1.59321,3
0.02175,0.07008,44.58340,1.00000,1.70764,1
0.00010,0.82558,44.93219,0.00000,1.64130,0
0.01586,0.07676,46.07034,1.00000,1.69543,1
0.02529,0.05797,45.41834,1.00000,1.71848,1
0.04474,0.92611,52.96207,1.00000,0.46090,2
0.07990,0.76510,41.07490,1.00000,0.68012,2
0.06832,0.85211,8.96647,1.00000,0.18319,4
0.07615,0.71037,9.02804,1.00000,0.19081,4
0.10842,1.00000,9.13779,1.00000,0.16097,4
0.00003,1.00000,45.23170,1.00000,1.50307,0
0.00001,1.00000,44.09379,1.00000,1.73630,0
0.00014,1.00000,44.77710,1.00000,1.69508,0
0.02166,0.05355,45.05007,0.00000,1.63837,1
0.00006,1.00000,44.94218,1.00000,1.59777,0
0.00022,0.92537,44.87654,0.00000,1.66380,0
0.00009,1.00000,45.55961,1.00000,1.64592,0
0.10556,0.39303,44.28449,1.00000,1.60362,3
0.00049,0.86154,45.98555,0.00000,1.70396,0
0.07275,1.00000,52.23091,1.00000,0.46210,2
0.00509,0.24430,45.07162,0.00000,1.65267,1
0.00923,0.11026,44.96734,1.00000,1.69819,1
0.08491,0.45599,41.80132,1.00000,0.39331,2
0.09619,0.51158,44.54244,1.00000,0.54953,2
0.10757,0.61311,6.91820,1.00000,0.12641,4
0.05233,0.53291,8.44916,1.00000,0.14663,4
0.00006,1.00000,43.68920,1.00000,0.94324,0
0.05856,0.62605,12.31907,1.00000,0.23162,4
0.00012,1.00000,46.25852,1.00000,1.60370,0
0.00044,1.00000,45.22744,1.00000,1.67374,0
0.09313,0.72256,45.83499,1.00000,1.58995,3
0.09391,0.49105,45.30147,1.00000,1.59347,3
0.00023,1.00000,45.11705,1.00000,1.68712,0
0.07232,0.61593,46.73220,1.00000,1.53475,3
0.05718,0.83571,8.45524,1.00000,0.13241,4
0.00004,1.00000,43.75005,1.00000,1.51934,0
0.04195,0.05031,46.30296,0.00000,1.65380,1
0.01438,0.07676,45.16592,1.00000,1.67920,1
0.09050,0.47159,47.01731,1.00000,0.68251,2
0.09020,0.98675,7.70114,1.00000,0.14651,4
0.02612,0.09493,46.95019,1.00000,1.72342,1
0.09184,0.53200,45.22374,1.00000,1.66564,3
0.09460,0.62187,45.01869,1.00000,0.37061,2
0.01529,0.10423,44.81601,1.00000,1.70108,1
0.09900,0.67055,7.72063,1.00000,0.12538,4
0.09260,0.80420,48.59389,1.00000,0.71900,2
0.00781,0.13901,46.03789,1.00000,1.68405,1
0.09683,0.71972,41.17708,1.00000,0.58655,2
0.04496,0.89167,44.72782,1.00000,1.31492,3
0.08434,0.74110,38.32811,1.00000,0.24606,2
0.09092,0.63777,44.71380,1.00000,0.38856,2
0.09841,0.50415,43.84686,1.00000,1.61667,3
0.00048,1.00000,45.60527,1.00000,1.68140,0
0.00613,0.13281,45.40870,1.00000,1.67827,1
0.10382,0.62690,46.41791,1.00000,0.56860,2
0.00868,0.10065,45.38177,1.00000,1.72161,1
0.00313,0.32717,43.77296,0.00000,1.66922,1
0.07753,0.69697,51.60388,1.00000,0.28776,2
0.01542,0.06452,45.12912,1.00000,1.72772,1
0.06150,0.70032,46.67438,1.00000,0.49014,2
0.08354,0.50746,43.70981,1.00000,1.73880,3
0.07888,0.38204,45.53357,1.00000,1.69362,3
0.04516,0.24937,45.24749,1.00000,1.70282,1
0.08438,0.67568,10.16947,1.00000,0.18051,4
0.03692,0.06458,44.14058,0.00000,1.67267,1
0.00021,1.00000,45.90607,1.00000,1.62021,0
0.08775,0.84932,10.88472,1.00000,0.21066,4
0.08907,0.67033,46.57570,1.00000,1.69775,3
0.05693,0.64241,9.11005,1.00000,0.16059,4
0.08443,0.46678,45.83832,1.00000,1.72037,3
0.04743,0.88288,18.00113,1.00000,0.32775,4
0.07956,0.77328,43.81817,1.00000,0.82788,2
0.08356,0.59444,9.16623,1.00000,0.17560,4
0.08377,0.52298,45.74914,1.00000,0.69957,2
0.07833,0.45088,41.54531,1.00000,0.74351,2
0.00003,1.00000,44.87725,1.00000,1.81558,0
0.00019,0.84962,45.45711,0.00000,1.63298,0
0.09017,0.57230,49.55717,1.00000,0.65279,2
0.09118,0.52023,51.91256,1.00000,0.41295,2
0.07386,0.78138,45.71697,1.00000,1.53415,3
0.00002,0.95000,44.75400,0.00000,1.43503,0
0.09387,0.52653,45.29436,1.00000,1.42191,3
0.07910,0.42087,44.47300,1.00000,0.23546,2
0.02610,0.14920,45.02554,1.00000,1.71095,1
0.09240,0.45203,43.96113,1.00000,0.55115,2
0.00003,1.00000,44.32811,1.00000,1.85260,0
0.07444,0.90741,46.43960,1.00000,1.64628,3
0.03812,0.05372,45.78931,1.00000,1.69647,1
0.08332,0.63981,10.61677,1.00000,0.15685,4
0.02785,0.06813,45.52938,0.00000,1.68424,1
0.00067,0.80597,44.43124,0.00000,1.66561,0
0.00022,1.00000,46.16449,1.00000,1.70946,0
0.00022,1.00000,45.89759,1.00000,1.72462,0
0.07478,1.00000,10.88708,1.00000,0.12425,4
0.06926,0.63068,8.18588,1.00000,0.15973,4
0.03435,0.79121,49.62565,1.00000,0.53144,2
0.07372,0.77200,11.27329,1.00000,0.18420,4
0.08667,0.41652,49.49218,1.00000,0.43740,2
0.00014,1.00000,46.82820,1.00000,1.78357,0
0.10983,0.69730,48.37861,1.00000,0.76731,2
0.08237,0.62866,9.05382,1.00000,0.14271,4
0.00004,1.00000,44.79855,1.00000,1.62230,0
0.02080,0.08761,46.85575,1.00000,1.70720,1
0.00303,0.84971,45.04869,0.00000,1.64107,0
0.00110,1.00000,43.99406,1.00000,1.74898,0
0.06241,0.97581,45.05615,1.00000,1.55160,3
0.03063,0.88462,13.42122,1.00000,0.05893,4
0.03610,0.04918,45.69548,1.00000,1.70520,1
0.10816,0.73968,46.81044,1.00000,1.53365,3
0.08859,0.44928,45.80047,1.00000,1.57544,3
0.06847,0.90265,46.41031,1.00000,1.16341,3
0.00640,0.11868,46.16274,1.00000,1.70329,1
0.09564,0.58182,45.67173,1.00000,1.55195,3
0.09239,0.50000,50.82558,1.00000,0.43589,2
0.05088,0.07928,45.78056,1.00000,1.69721,1
0.06837,0.46899,45.26346,1.00000,1.64655,3
0.08173,0.52174,44.97506,1.00000,1.55364,3
0.07170,0.93401,51.80128,1.00000,0.42499,2
0.09479,0.59129,48.96205,1.00000,0.67078,2
0.09048,0.43438,46.55232,1.00000,0.64907,2
0.08913,0.44241,46.51519,1.00000,0.39544,2
0.06907,0.61905,8.87041,1.00000,0.14127,4
0.05772,0.45558,40.44706,1.00000,0.63004,2
0.01255,0.06361,43.61324,0.00000,1.66123,1
0.08735,0.68539,7.88500,1.00000,0.14049,4
0.09208,0.58040,9.56847,1.00000,0.16910,4
0.09999,0.64573,43.74776,1.00000,0.39219,2
0.08932,0.53928,44.79186,1.00000,1.59875,3
0.08359,0.50493,51.01373,1.00000,0.36250,2
0.00482,0.75243,44.83879,1.00000,1.67921,1
0.05735,0.04723,44.55229,0.00000,1.63961,1
0.07438,0.48582,45.89994,1.00000,0.70781,2
0.07601,0.63594,48.63647,1.00000,0.62496,2
0.01474,0.06576,45.95464,1.00000,1.71764,1
0.09724,0.47983,46.04047,1.00000,0.58653,2
0.00358,0.40611,45.73400,1.00000,1.72026,1
0.00004,1.00000,44.05362,1.00000,1.50234,0
0.06244,0.59413,45.25466,1.00000,0.60350,2
0.05766,0.81132,48.19960,1.00000,0.58129,2
0.01083,0.09130,45.82792,0.00000,1.61659,1
0.08348,0.57238,44.23369,1.00000,1.66801,3
0.08651,0.50753,45.58045,1.00000,1.62759,3
0.00452,0.19568,45.55424,1.00000,1.67511,1
0.08763,0.48846,45.33512,1.00000,1.64578,3
0.08603,0.62400,52.18349,1.00000,0.48420,2
0.07732,0.75221,9.62224,1.00000,0.15012,4
0.06642,0.98020,8.29897,1.00000,0.15306,4
0.05659,0.09237,46.49670,1.00000,1.69578,1
0.04454,0.90526,15.40777,1.00000,0.23371,4
0.08264,0.51183,44.59537,1.00000,1.53883,3
0.07996,0.55972,45.65926,1.00000,1.50828,3
0.06563,0.65037,47.95164,1.00000,0.73644,2
0.09907,0.45703,40.62553,1.00000,0.49501,2
0.03211,0.06452,45.15277,0.00000,1.63741,1
0.07254,0.63158,51.04755,1.00000,0.53616,2
0.10068,0.75000,42.44600,1.00000,0.35154,2
0.06795,0.52747,9.64008,1.00000,0.16091,4
0.08174,0.47117,48.97444,1.00000,0.41596,2
0.08502,0.67529,50.92222,1.00000,0.75758,2
0.00003,1.00000,44.80085,1.00000,1.33044,0
0.06781,0.87981,45.65371,1.00000,1.25781,3
0.09088,0.65029,9.79925,1.00000,0.16867,4
0.08707,0.54976,45.84359,1.00000,1.66826,3
0.00013,1.00000,45.55919,1.00000,1.73822,0
0.09366,0.46422,41.41786,1.00000,0.54053,2
0.01226,0.98750,55.38466,1.00000,0.00000,2
0.03842,0.06354,44.68295,1.00000,1.72131,1
0.04677,0.96226,56.46642,1.00000,0.43814,2
0.00006,1.00000,45.25227,1.00000,1.67068,0
0.00622,0.17133,44.62289,0.00000,1.65927,1
0.08694,0.72701,45.05514,1.00000,1.74175,3
0.04069,0.99091,55.42136,1.00000,0.00000,2
0.00819,0.08672,44.22663,1.00000,1.68367,1
0.03187,0.04175,45.77986,0.00000,1.63151,1
0.08009,0.62772,45.23754,1.00000,1.61931,3
0.08409,0.64242,8.08640,1.00000,0.17420,4
0.05822,0.47628,49.98806,1.00000,0.58663,2
0.08176,0.46112,46.11766,1.00000,1.56046,3
0.11519,0.99115,10.71360,1.00000,0.18897,4
0.00001,1.00000,44.77737,1.00000,1.52873,0
0.09256,0.73702,51.75848,1.00000,0.31003,2
0.09136,0.78777,45.26045,1.00000,1.52227,3
0.08373,0.08280,44.63422,0.00000,1.67472,1
0.05139,0.03441,44.53704,0.00000,1.64334,1
0.00008,1.00000,45.56603,1.00000,1.81407,0
0.05015,0.81768,48.53907,1.00000,0.13890,2
0.06667,0.54032,9.49492,1.00000,0.18234,4
0.00012,1.00000,45.02435,1.00000,1.73470,0
0.00881,0.10337,45.61645,1.00000,1.72738,1
0.00024,1.00000,45.15034,1.00000,1.71092,0
0.00426,0.28723,44.57416,1.00000,1.68634,1
0.02725,0.36571,45.58969,1.00000,1.71276,1
0.00011,1.00000,45.93608,1.00000,1.70025,0
0.00000,1.00000,0.00000,1.00000,0.00000,0
0.00019,0.85000,44.74964,0.00000,1.65631,0
0.01984,0.06010,45.05640,1.00000,1.71076,1
0.00887,0.13948,44.41889,1.00000,1.68061,1
0.08712,0.40716,49.25023,1.00000,0.46094,2
0.00009,1.00000,44.09122,1.00000,1.74576,0
0.09471,0.48517,46.20529,1.00000,0.66003,2
0.09023,0.48770,47.98024,1.00000,0.20597,2
0.07914,0.74667,44.86063,1.00000,1.38618,3
0.02708,0.06569,45.28498,0.00000,1.63772,1
0.08038,0.60207,44.28192,1.00000,0.40242,2
0.04444,0.93714,45.17773,1.00000,1.35642,3
0.09670,0.66993,44.11852,1.00000,1.54803,3
0.08835,0.40000,40.62256,1.00000,0.47629,2
0.05203,0.96089,45.53796,1.00000,1.37346,3
0.00732,0.17937,45.07819,0.00000,1.64661,1
0.10306,0.71074,45.87504,1.00000,1.41562,3
0.08484,0.64953,45.03041,1.00000,1.55682,3
0.08076,0.92763,51.87638,1.00000,0.23105,2
0.08771,0.95604,47.36652,1.00000,0.70829,2
0.07325,0.54048,46.06945,1.00000,1.54904,3
0.07586,0.72308,7.45243,1.00000,0.09746,4
0.07905,0.40966,43.93517,1.00000,1.61951,3
0.22042,0.07521,43.53889,0.00000,1.62894,1
0.07314,0.53361,10.35459,1.00000,0.18364,4
0.00011,1.00000,45.69386,1.00000,1.71855,0
0.03513,0.03959,46.24707,0.00000,1.63718,1
0.01952,1.00000,12.83553,1.00000,0.16666,4
0.09366,0.48924,50.57987,1.00000,0.58355,2
0.02245,0.04615,45.94696,0.00000,1.67672,1
0.03019,0.05464,45.97382,1.00000,1.67869,1
0.00015,1.00000,45.60370,1.00000,1.76475,0
0.06344,0.50383,46.14154,1.00000,1.65635,3
0.05994,0.49112,44.38335,1.00000,1.52371,3
0.09697,0.80827,43.24833,1.00000,0.88776,2
0.00096,1.00000,44.69874,1.00000,1.71967,0
0.00020,1.00000,45.80192,1.00000,1.73247,0
0.01185,0.05579,43.99668,0.00000,1.67167,1
0.00057,1.00000,45.02133,1.00000,1.58778,0
0.00806,0.13333,45.02520,1.00000,1.67875,1
0.00752,0.26933,45.30007,1.00000,1.68461,1
0.07508,0.65035,10.43033,1.00000,0.16737,4
0.00162,1.00000,44.64517,1.00000,1.66319,0
0.10502,0.40283,45.97602,1.00000,0.56770,2
0.04114,0.06017,45.50698,0.00000,1.65575,1
0.00375,0.28384,45.91577,1.00000,1.71283,1
0.05908,0.02811,44.93045,0.00000,1.64866,1
0.09763,0.53846,44.58910,1.00000,1.62356,3
0.09612,0.55787,45.18935,1.00000,1.66459,3
0.08611,0.57461,45.73562,1.00000,0.25319,2
0.00035,1.00000,45.30227,1.00000,1.79583,0
0.00063,0.83673,43.89442,0.00000,1.65379,0
0.02757,0.62222,44.70813,1.00000,1.71265,1
0.07957,0.81132,44.90816,1.00000,0.48935,2
0.00316,0.34807,44.84963,1.00000,1.69626,1
0.09186,0.55682,8.52692,1.00000,0.16369,4
0.00005,0.85714,44.18388,0.00000,1.55922,0
0.00004,1.00000,45.52735,1.00000,1.80949,0
0.06891,0.89820,7.85117,1.00000,0.14730,4
0.00014,1.00000,45.03858,1.00000,1.81955,0
0.00008,0.97368,45.79622,1.00000,1.62336,0
0.08196,0.55944,45.72818,1.00000,1.65636,3
0.05604,0.78804,7.43951,1.00000,0.12352,4
0.08575,0.55188,49.72803,1.00000,0.46544,2
0.09307,0.99000,11.40291,1.00000,0.17646,4
0.09419,0.40823,46.34420,1.00000,1.63459,3
0.08936,0.66667,43.33478,1.00000,0.83099,2
0.07239,0.46247,51.32054,1.00000,0.59097,2
0.07190,0.39809,45.98140,1.00000,1.67153,3
0.09568,0.99296,45.45358,1.00000,1.36170,3
0.00015,1.00000,46.43669,1.00000,1.69600,0
0.00031,0.82400,45.11340,0.00000,1.61615,0
0.00005,1.00000,45.42564,1.00000,1.71359,0
0.04751,1.00000,9.85818,1.00000,0.15452,4
0.08035,0.03330,44.36784,0.00000,1.65014,1
0.00012,1.00000,46.46449,1.00000,1.66450,0
0.00356,0.70686,45.37601,1.00000,1.69767,1
0.10052,0.52542,9.98910,1.00000,0.16077,4
0.00008,1.00000,46.22609,1.00000,1.66616,0
0.08011,0.52218,45.11425,1.00000,1.65671,3
0.06837,0.60000,45.71170,1.00000,1.61031,3
0.08420,1.00000,52.69817,1.00000,0.35751,2
0.08778,0.72360,43.94344,1.00000,1.48522,3
0.09732,0.49499,44.15375,1.00000,1.64076,3
0.00036,1.00000,45.78719,1.00000,1.75808,0
0.08982,0.72308,7.92601,1.00000,0.13341,4
0.09958,0.64339,44.80658,1.00000,1.49002,3
0.02747,0.03647,46.03261,0.00000,1.63918,1
0.00025,0.81373,44.40578,0.00000,1.64514,0
0.00058,1.00000,44.33213,1.00000,1.72320,0
0.00006,1.00000,45.82563,1.00000,1.65332,0
0.10056,0.61619,46.22419,1.00000,0.62645,2
0.10146,0.53908,8.89731,1.00000,0.18403,4
0.00003,1.00000,45.43198,1.00000,1.75895,0
0.07075,0.81509,8.94200,1.00000,0.15323,4
0.00060,0.82581,44.86590,0.00000,1.63244,0
0.04225,0.03967,44.15431,0.00000,1.67588,1
0.08458,0.61995,8.95695,1.00000,0.14989,4
0.07955,0.61918,8.48023,1.00000,0.18284,4
0.06697,0.48438,44.79055,1.00000,1.64138,3
0.09115,0.67521,49.64901,1.00000,0.55416,2
0.01274,0.12101,45.25002,1.00000,1.70922,1
0.00066,1.00000,44.88383,1.00000,1.66699,0
0.29507,0.02300,45.41723,0.00000,1.63314,1
0.09460,0.57143,45.04614,1.00000,1.68101,3
0.00094,0.86184,44.83026,0.00000,1.66429,0
0.05884,0.76623,47.13374,1.00000,0.66912,2
0.05808,0.68858,8.02467,1.00000,0.15969,4
0.01049,0.17626,46.63780,1.00000,1.71436,1
0.08631,0.57922,8.72423,1.00000,0.16155,4
0.08412,0.46307,50.90058,1.00000,0.38815,2
0.00000,1.00000,0.00000,0.00000,0.00000,0
0.08774,0.92793,44.76248,1.00000,1.68547,3
0.08031,0.54658,46.68335,1.00000,0.34783,2
0.01302,0.05361,44.35371,0.00000,1.64448,1
0.08362,0.54124,7.63095,1.00000,0.13979,4
0.00987,0.09335,44.21390,1.00000,1.68871,1
0.01510,0.15675,45.69367,1.00000,1.71003,1
0.06134,0.82197,8.30219,1.00000,0.13804,4
0.00739,0.16144,45.56449,0.00000,1.65611,1
0.02430,0.03434,45.82772,0.00000,1.63885,1
0.09431,0.43380,45.59178,1.00000,1.55552,3
0.00035,1.00000,45.35537,1.00000,1.73591,0
0.09883,0.65946,9.92481,1.00000,0.18887,4
0.08581,0.86301,50.72455,1.00000,0.83169,2
0.09306,0.54348,12.93968,1.00000,0.20539,4
0.00406,0.77451,46.49461,0.00000,1.61418,0
0.06344,0.99187,50.60960,1.00000,0.61927,2
0.07923,0.47475,45.45889,1.00000,1.61385,3
0.07386,0.63830,7.90966,1.00000,0.14864,4
0.06161,0.84388,46.33375,1.00000,1.61685,3
0.08155,0.54225,45.49238,1.00000,1.62184,3
0.00008,1.00000,45.56512,1.00000,1.78387,0
0.07674,0.98095,44.51040,1.00000,1.35484,3
0.10170,0.69912,9.02674,1.00000,0.15517,4
0.09126,0.48170,44.30962,1.00000,1.72729,3
0.02879,0.06702,45.83775,0.00000,1.62603,1
0.05172,0.02605,44.31955,0.00000,1.69554,1
0.03312,0.03337,45.98710,0.00000,1.66336,1
0.11993,0.04713,44.91616,0.00000,1.66943,1
0.08937,0.62565,40.07075,1.00000,0.27774,2
0.00022,1.00000,45.43844,1.00000,1.62905,0
0.07806,0.54148,10.09071,1.00000,0.18919,4
0.00015,1.00000,44.78863,1.00000,1.65408,0
0.08537,0.67005,9.49698,1.00000,0.15051,4
0.01821,0.03647,45.63148,1.00000,1.69635,1
0.02411,0.07233,44.56961,0.00000,1.65718,1
0.00005,1.00000,45.55482,1.00000,1.66491,0
0.00027,0.80749,44.59139,0.00000,1.68885,0
0.07102,0.57269,45.25410,1.00000,1.61522,3
0.00040,0.76238,46.06433,0.00000,1.63866,0
0.02679,0.05366,45.36470,0.00000,1.67218,1
0.04466,0.04499,44.88701,1.00000,1.68570,1
0.04404,0.63255,49.35282,1.00000,0.57897,2
0.10248,0.63073,44.83866,1.00000,0.43783,2
0.09335,0.44602,45.05327,1.00000,1.61675,3
0.05104,0.05155,45.04870,1.00000,1.67930,1
0.05443,0.47399,48.53551,1.00000,0.63165,2
0.06214,0.99074,31.90587,1.00000,0.12658,2
0.00062,0.79695,44.83166,0.00000,1.63363,0
0.09163,0.44346,45.18802,1.00000,1.60351,3
0.07899,0.57075,10.13764,1.00000,0.18806,4
0.06949,0.67208,8.39862,1.00000,0.13725,4
0.00013,1.00000,45.16250,1.00000,1.71591,0
0.04762,0.61682,44.58021,1.00000,0.50544,2
0.09475,0.39252,50.55179,1.00000,0.54549,2
0.01978,0.06127,45.19990,0.00000,1.68514,1
0.02126,0.05895,44.43965,1.00000,1.71258,1
0.08266,0.76863,8.95636,1.00000,0.13588,4
0.03713,0.04816,45.91278,1.00000,1.68646,1
0.10284,0.48875,43.97719,1.00000,1.56862,3
0.08549,0.50763,44.91439,1.00000,1.51618,3
0.04607,0.65217,8.96733,1.00000,0.16479,4
0.08875,0.65839,9.12567,1.00000,0.18863,4
0.07449,0.72787,45.51944,1.00000,1.43116,3
0.04383,0.03543,45.34776,0.00000,1.66118,1
0.07372,0.50318,9.31834,1.00000,0.19610,4
0.08995,0.68766,48.96967,1.00000,0.89495,2
0.02903,0.98913,55.82721,1.00000,0.47213,2
0.00005,1.00000,45.54389,1.00000,1.59181,0
0.08841,0.57909,6.71689,1.00000,0.14234,4
0.09341,0.53803,8.17603,1.00000,0.16196,4
0.10130,0.86957,8.06486,1.00000,0.12739,4
0.00075,1.00000,45.67618,1.00000,1.61637,0
0.03264,0.03967,45.49319,0.00000,1.65508,1
0.02968,0.05350,45.25299,1.00000,1.71618,1
0.00009,1.00000,45.14955,1.00000,1.70611,0
0.08090,0.63659,44.51004,1.00000,1.32038,3
0.02651,0.08157,43.94005,1.00000,1.67146,1
0.06326,0.77186,10.14301,1.00000,0.19169,4
0.08799,0.65123,45.91196,1.00000,1.47653,3
0.07099,0.87943,10.85766,1.00000,0.15359,4
0.09471,0.77015,51.46530,1.00000,0.28470,2
0.08596,0.44138,43.23405,1.00000,1.69646,3
0.09146,0.52857,8.18105,1.00000,0.18968,4
0.03810,0.77966,17.80254,1.00000,0.17760,4
0.10313,0.47059,45.72520,1.00000,1.52597,3
0.06429,0.81651,45.68078,1.00000,1.37430,3
0.00004,1.00000,44.85345,1.00000,1.72024,0
0.08667,0.65046,45.61268,1.00000,1.45963,3
0.08974,0.47201,46.40998,1.00000,0.67083,2
0.06642,0.94444,45.27280,1.00000,0.94957,3
0.07655,0.64134,8.35327,1.00000,0.16471,4
0.00906,0.08770,45.82001,1.00000,1.69261,1
0.07559,0.46226,44.13704,1.00000,1.58626,3
0.05450,0.54359,7.46332,1.00000,0.13649,4
0.08185,0.57399,43.72384,1.00000,0.66539,2
0.02529,0.03749,45.33088,0.00000,1.68303,1
0.00024,1.00000,45.24739,1.00000,1.81199,0
0.06046,0.04392,45.98243,0.00000,1.64043,1
0.06507,0.71088,47.40401,1.00000,0.76312,2
0.09187,0.47610,46.09172,1.00000,1.56148,3
0.05727,1.00000,13.18082,1.00000,0.24973,4
0.08574,0.59132,44.66659,1.00000,1.54378,3
0.00004,1.00000,45.42600,1.00000,1.67700,0
0.00003,1.00000,46.18646,1.00000,1.44615,0
0.06324,0.68085,10.78662,1.00000,0.15617,4
0.05806,0.56115,8.44503,1.00000,0.12554,4
0.08003,0.90991,56.45156,1.00000,0.27667,2
0.06087,0.41774,43.42323,1.00000,0.62039,2
0.07225,0.73913,48.06021,1.00000,0.67711,2
0.02511,0.12639,44.90692,1.00000,1.69880,1
0.07263,0.83271,7.88032,1.00000,0.15005,4
0.08515,0.53200,45.21046,1.00000,1.66488,3
0.03648,0.05682,46.50836,1.00000,1.72888,1
0.02867,0.04388,45.13454,0.00000,1.65052,1
0.02810,0.06576,45.47568,1.00000,1.68904,1
0.08196,0.61954,7.99240,1.00000,0.12622,4
0.06568,0.54741,8.89881,1.00000,0.15147,4
0.08462,0.62871,52.46842,1.00000,0.44009,2
0.07828,0.68802,9.41601,1.00000,0.16894,4
0.08537,0.78210,48.49851,1.00000,0.70446,2
0.10083,0.55819,10.11062,1.00000,0.22357,4
0.08478,0.66914,7.19049,1.00000,0.15562,4
0.10351,0.63158,9.66344,1.00000,0.17328,4
0.07889,0.41489,44.45213,1.00000,1.63120,3
0.07767,0.55610,10.11385,1.00000,0.16651,4
0.01060,0.11341,45.42453,1.00000,1.72120,1
0.07922,0.94675,47.34412,1.00000,0.69315,2
0.00016,1.00000,43.91326,1.00000,1.72724,0
0.05894,0.67486,9.39089,1.00000,0.16688,4
0.09734,0.51967,44.93787,1.00000,1.68552,3
0.06291,0.69969,45.39399,1.00000,1.74053,3
0.00017,1.00000,44.65526,1.00000,1.65225,0
0.00694,0.10543,45.95600,0.00000,1.68025,1
0.07907,0.52632,43.80596,1.00000,0.45884,2
0.04442,0.91034,46.16463,1.00000,1.12121,3
0.07839,0.89712,45.56975,1.00000,1.48967,3
0.08280,0.51852,45.29425,1.00000,0.40098,2
0.05999,0.97849,56.54065,1.00000,0.00000,2
0.06910,0.49420,7.75845,1.00000,0.16521,4
0.09886,0.84281,51.32545,1.00000,0.46129,2
0.01157,0.20681,44.22769,1.00000,1.72466,1
0.00537,0.31994,46.90817,1.00000,1.70923,1
0.00042,1.00000,44.71878,1.00000,1.78005,0
0.04782,0.58553,45.51803,1.00000,1.49871,3
0.00008,1.00000,44.57332,1.00000,1.64595,0
0.05623,0.41695,45.52235,1.00000,1.61864,3
0.02714,0.97753,47.17457,1.00000,0.44450,2
0.08391,0.41333,44.96004,1.00000,1.60981,3
0.01424,0.98039,19.87138,1.00000,0.16042,4
0.08885,0.49903,49.32996,1.00000,0.58639,2
0.00591,0.32959,45.15191,1.00000,1.67920,1
0.02384,0.03018,45.14008,0.00000,1.67561,1
0.07339,0.58777,10.55865,1.00000,0.18691,4
0.00063,1.00000,16.17966,1.00000,0.22987,4
0.06796,0.58851,45.07431,1.00000,1.63908,3
0.08746,0.60989,9.29860,1.00000,0.15922,4
0.00004,1.00000,44.66864,1.00000,1.81374,0
0.01275,0.08770,45.76658,1.00000,1.70397,1
0.08441,0.70764,11.31433,1.00000,0.18780,4
0.04503,0.79085,45.20236,1.00000,1.52759,3
0.06248,0.03226,45.55171,0.00000,1.66718,1
0.07671,0.62542,10.20554,1.00000,0.15288,4
0.09729,0.21894,44.95968,1.00000,1.68140,1
0.07795,0.63049,9.30245,1.00000,0.15281,4
0.06435,0.20782,45.61618,0.00000,1.64420,1
0.06355,0.05470,45.27549,1.00000,1.69529,1
0.10310,0.56857,7.95438,1.00000,0.15348,4
0.07356,0.59130,9.38960,1.00000,0.17313,4
0.01267,0.05803,46.05796,0.00000,1.64853,1
0.09830,0.98101,45.56107,1.00000,1.36648,3
0.00747,0.15262,45.55845,1.00000,1.70794,1
0.08902,0.49799,43.18795,1.00000,0.51209,2
0.08676,0.47495,45.38071,1.00000,1.64433,3
0.00043,0.86207,45.39731,0.00000,1.64056,0
0.02545,0.04494,45.44444,0.00000,1.64582,1
0.08819,0.64267,41.94373,1.00000,0.60405,2
0.01587,0.04286,45.68395,1.00000,1.69771,1
0.06247,0.77895,45.36299,1.00000,1.45508,3
0.09380,0.50211,46.64107,1.00000,1.59565,3
0.08643,0.74691,46.98609,1.00000,0.61631,2
0.08762,0.85714,45.11437,1.00000,1.75459,3
0.01781,0.04388,44.31630,1.00000,1.70997,1
0.06673,0.57907,8.61092,1.00000,0.14351,4
0.33194,0.05584,45.62233,1.00000,1.71685,1
0.07124,0.73874,45.76208,1.00000,0.74701,2
0.05790,0.98795,51.07234,1.00000,0.62985,2
0.09826,0.23333,45.38492,1.00000,1.70303,1
0.06384,0.51984,52.98338,1.00000,0.45099,2
0.00845,0.17274,45.66390,1.00000,1.69338,1
0.27910,0.04077,45.63311,0.00000,1.67687,1
0.06664,0.68871,8.29560,1.00000,0.13425,4
0.00934,0.10293,45.24691,0.00000,1.66429,1
0.06168,0.59124,9.05952,1.00000,0.17540,4
0.02482,0.08556,43.95279,0.00000,1.66031,1
0.07984,0.85772,44.87254,1.00000,1.76090,3
0.07570,0.60274,46.07721,1.00000,1.65201,3
0.03999,0.07256,45.33279,1.00000,1.66327,1
0.00008,1.00000,45.00018,1.00000,1.75829,0
0.09858,0.80858,31.22371,1.00000,0.24776,2
0.01840,0.08042,44.42316,1.00000,1.71380,1
0.02988,0.04611,45.83082,0.00000,1.64889,1
0.18468,0.05269,45.19795,0.00000,1.66147,1
0.06128,0.56637,10.74251,1.00000,0.19018,4
0.08635,0.58371,47.33025,1.00000,0.36089,2
0.08943,0.52049,46.77714,1.00000,0.41733,2
0.08836,0.69369,46.91533,1.00000,0.80700,2
0.08767,0.13647,45.30592,1.00000,1.70204,1
0.08173,0.73958,8.17590,1.00000,0.13615,4
0.00411,0.28141,45.30540,1.00000,1.72993,1
0.05728,0.92623,43.71295,1.00000,1.13766,3
0.08442,0.74503,11.14066,1.00000,0.19246,4
0.05289,0.04597,44.91878,0.00000,1.65936,1
0.00289,1.00000,44.91379,1.00000,1.75412,0
0.08780,0.43050,49.32420,1.00000,0.33342,2
0.09436,0.41776,45.19771,1.00000,1.62018,3
0.00598,0.23288,46.15390,1.00000,1.72830,1
0.00010,1.00000,45.19132,1.00000,1.78021,0
0.09037,0.58315,46.38850,1.00000,0.23002,2
0.07407,0.80769,51.56316,1.00000,0.72872,2
0.09469,0.87931,8.99017,1.00000,0.14879,4
0.02491,0.03441,44.97817,0.00000,1.65960,1
0.08194,0.94144,45.83063,1.00000,1.64372,3
0.06921,0.91775,44.59079,1.00000,0.99627,3
0.09910,0.43333,45.58096,1.00000,1.60316,3
0.07069,0.68634,44.16856,1.00000,1.55829,3
0.08477,0.82028,44.17177,1.00000,1.43930,3
0.09885,0.46935,49.53525,1.00000,0.33249,2
0.00362,0.38586,43.60322,1.00000,1.70037,1
0.00004,1.00000,46.19794,1.00000,1.66879,0
0.00141,1.00000,44.96122,1.00000,1.73575,0
0.09022,0.71429,8.57097,1.00000,0.16544,4
0.05736,1.00000,54.89166,1.00000,0.52371,2
0.00006,1.00000,44.86267,1.00000,1.71458,0
0.03168,0.87952,12.62928,1.00000,0.13487,4
0.08861,0.38699,48.93520,1.00000,0.51679,2
0.07997,0.48880,8.27755,1.00000,0.17008,4
0.08911,0.64387,47.41515,1.00000,1.41090,3
0.08885,0.64412,46.30041,1.00000,1.57041,3
0.00030,1.00000,45.35868,1.00000,1.74505,0
0.00231,0.79279,44.38877,0.00000,1.63862,0
0.10395,0.61140,8.41412,1.00000,0.13109,4
0.08155,0.46654,44.41985,1.00000,1.69731,3
0.07183,0.60789,9.70806,1.00000,0.15109,4
0.02662,0.07368,44.65781,0.00000,1.65489,1
0.08283,0.56057,38.23131,1.00000,0.43478,2
0.08952,0.50410,42.94663,1.00000,0.35895,2
0.00008,1.00000,45.72137,1.00000,1.78626,0
0.01379,0.13535,44.86057,1.00000,1.69880,1
0.04790,0.04494,45.35770,0.00000,1.65817,1
0.01643,0.06023,46.00423,0.00000,1.65805,1
0.03410,0.98630,11.43909,1.00000,0.17034,4
0.06837,0.05247,45.74108,0.00000,1.68544,1
0.00008,1.00000,44.74028,1.00000,1.77440,0
0.02767,0.05258,46.31026,0.00000,1.67048,1
0.05028,0.86508,45.26760,1.00000,1.50042,3
0.00003,1.00000,44.98710,1.00000,1.48432,0
0.06108,1.00000,50.55747,1.00000,0.42064,2
0.08872,0.56598,8.38763,1.00000,0.17276,4
0.08744,0.46589,45.49147,1.00000,1.50428,3
0.07083,0.76632,8.58903,1.00000,0.11721,4
0.06739,0.57103,8.02732,1.00000,0.13961,4
0.07763,0.62595,45.36601,1.00000,1.57431,3
0.07247,0.57944,9.92815,1.00000,0.15766,4
0.07695,0.83128,45.31370,1.00000,1.24524,3
0.00780,0.10195,45.43859,0.00000,1.65322,1
0.00763,0.09935,45.15265,1.00000,1.70887,1
0.09151,0.51422,47.81140,1.00000,0.49271,2
0.08962,0.50602,45.45039,1.00000,0.74324,2
0.05702,0.65982,45.87853,1.00000,1.66662,3
0.00852,0.10458,45.35667,1.00000,1.67488,1
0.07897,0.57895,45.65088,1.00000,1.53672,3
0.00334,0.27748,44.11803,0.00000,1.67703,1
0.08289,0.54762,46.02652,1.00000,1.67072,3
0.08338,0.68942,8.34050,1.00000,0.16784,4
0.07878,0.82418,45.23682,1.00000,1.47297,3
0.00027,0.88000,45.42132,0.00000,1.62072,0
0.06791,0.64571,45.26152,1.00000,0.28750,2
0.10458,0.81212,10.43783,1.00000,0.17641,4
0.10313,0.70126,42.85153,1.00000,0.63611,2
0.01052,0.14270,45.24588,1.00000,1.71471,1
0.00126,0.82609,46.33749,0.00000,1.65210,0
0.06276,0.98387,43.56255,1.00000,1.32468,3
0.02129,0.06681,44.23844,0.00000,1.67018,1
0.08847,0.60265,42.48871,1.00000,0.52172,2
0.08063,0.73684,10.32140,1.00000,0.20044,4
0.08619,0.54118,11.38465,1.00000,0.19508,4
0.00009,1.00000,46.26044,1.00000,1.70707,0
0.00007,0.84848,44.09838,0.00000,1.68773,0
0.00010,1.00000,45.15059,1.00000,1.67922,0
0.09903,0.55257,44.35656,1.00000,1.64225,3
0.06255,0.63897,8.05317,1.00000,0.15998,4
0.00006,1.00000,44.81754,1.00000,1.69265,0
0.08378,0.62963,8.95590,1.00000,0.17914,4
0.01364,0.06583,45.04956,0.00000,1.64252,1
0.08433,0.50947,44.88457,1.00000,0.48064,2
0.08785,0.59701,48.50839,1.00000,0.84542,2
0.19761,0.05785,46.56222,0.00000,1.68064,1
0.08209,0.82645,8.31112,1.00000,0.14742,4
0.08610,0.67541,8.91305,1.00000,0.16276,4
0.07228,0.66587,47.09115,1.00000,0.63451,2
0.00003,1.00000,45.30777,1.00000,1.80854,0
0.02095,0.05573,44.53662,0.00000,1.64421,1
0.01090,0.09838,44.81174,1.00000,1.69046,1
0.00528,0.42439,45.54139,0.00000,1.62902,1
0.09594,0.46667,39.37068,1.00000,0.28098,2
0.08943,0.53928,9.54062,1.00000,0.18941,4
0.00049,1.00000,44.58374,1.00000,1.77631,0
0.06004,0.87671,10.38615,1.00000,0.15078,4
0.06343,0.62924,7.11499,1.00000,0.12826,4
0.02564,0.03232,45.18877,0.00000,1.66671,1
0.01366,0.06224,46.18946,0.00000,1.65226,1
0.07086,0.61369,40.05015,1.00000,0.59004,2
0.00017,1.00000,46.13901,1.00000,1.73877,0
0.00208,0.46962,44.92308,1.00000,1.70421,1
0.00096,0.80108,45.24588,0.00000,1.66232,0
0.07896,0.65110,44.92566,1.00000,1.60489,3
0.12334,0.52546,9.10259,1.00000,0.14579,4
0.08949,0.58473,45.27178,1.00000,1.51481,3
0.08281,0.95973,9.27134,1.00000,0.18132,4
0.08330,0.48485,40.89301,1.00000,0.64225,2
0.00009,1.00000,46.62799,1.00000,1.76794,0
0.10095,0.47523,45.26740,1.00000,1.59975,3
0.09549,0.59420,7.30632,1.00000,0.13495,4
0.00010,1.00000,45.04655,1.00000,1.73441,0
0.00495,0.15103,44.72458,0.00000,1.65339,1
0.09628,0.57143,44.73833,1.00000,1.60218,3
0.08232,0.58894,46.41612,1.00000,1.45340,3
0.07729,0.64776,9.88713,1.00000,0.18202,4
0.08029,0.51190,8.23454,1.00000,0.14809,4
0.04086,0.04383,44.79722,0.00000,1.64931,1
0.00013,1.00000,46.06694,1.00000,1.71268,0
0.10394,0.90452,48.83737,1.00000,0.58205,2
0.00011,1.00000,45.84485,1.00000,1.67693,0
0.07056,0.81498,8.90330,1.00000,0.19032,4
0.01163,0.12695,45.29969,0.00000,1.65590,1
0.24452,0.04918,44.87867,1.00000,1.69818,1
0.08556,0.44923,44.60098,1.00000,1.64663,3
0.03698,0.04065,45.61203,0.00000,1.65260,1
0.08699,0.55667,8.00386,1.00000,0.14260,4
0.06824,1.00000,55.81876,1.00000,0.35821,2
0.10493,0.73519,8.56338,1.00000,0.14033,4
0.02038,0.06257,44.86576,1.00000,1.70798,1
0.07247,0.82264,46.12277,1.00000,0.90630,2
0.07964,0.53531,45.18082,1.00000,1.62600,3
0.00219,0.55186,45.42701,0.00000,1.66696,1
0.00108,1.00000,44.73158,1.00000,1.78741,0
0.09646,0.44015,47.78404,1.00000,0.52610,2
0.00017,1.00000,44.02821,1.00000,1.65809,0
0.08472,0.97297,44.99591,1.00000,1.03827,3
0.07482,0.52597,45.21642,1.00000,1.70110,3
0.08926,0.58056,9.36409,1.00000,0.19894,4
0.03985,0.02503,45.56451,0.00000,1.63678,1
0.01660,0.08547,45.28658,1.00000,1.72773,1
0.02744,0.07016,45.60359,1.00000,1.68994,1
0.07344,1.00000,55.92763,1.00000,0.47171,2
0.07781,0.48866,45.40233,1.00000,1.63981,3
0.00008,1.00000,45.25996,1.00000,1.68108,0
0.07871,0.60723,9.00896,1.00000,0.16414,4
0.07610,0.51500,9.34071,1.00000,0.16860,4
0.05943,0.61756,8.23926,1.00000,0.12897,4
0.09584,0.46911,52.07825,1.00000,0.51323,2
0.08563,1.00000,12.10099,1.00000,0.14773,4
0.08156,0.82297,50.78489,1.00000,0.72219,2
0.00046,0.78808,44.61437,0.00000,1.60206,0
0.01331,0.07497,44.62884,1.00000,1.69998,1
0.00741,0.22963,45.29094,1.00000,1.67980,1
0.07195,0.47529,48.59121,1.00000,0.66291,2
0.00795,1.00000,10.98582,1.00000,0.12772,4
0.11313,0.04606,44.58442,0.00000,1.65901,1
0.00287,0.35841,44.79156,0.00000,1.71116,1
0.07702,0.47984,44.58061,1.00000,1.60958,3
0.07954,0.61364,8.04265,1.00000,0.14061,4
0.07250,0.50674,10.71174,1.00000,0.19443,4
0.09369,0.58294,45.11692,1.00000,1.64709,3
0.06766,0.90498,45.86856,1.00000,1.42036,3
0.05361,0.04065,45.35982,0.00000,1.64633,1
0.03641,0.93976,11.49446,1.00000,0.26013,4
0.00678,0.12835,45.23694,0.00000,1.69690,1
0.08207,0.90062,46.08860,1.00000,1.30259,3
0.00674,0.12376,44.89323,0.00000,1.61522,1
0.06805,0.02811,45.29866,0.00000,1.67926,1
0.00282,0.30590,45.76663,1.00000,1.69695,1
0.09251,0.67470,9.06105,1.00000,0.17181,4
0.00017,1.00000,46.51668,1.00000,1.61177,0
0.00001,1.00000,44.40703,1.00000,1.76641,0
0.09769,0.62535,46.62834,1.00000,0.75662,2
0.05820,0.97183,9.80608,1.00000,0.11078,4
0.08361,0.77132,9.71590,1.00000,0.18465,4
0.08127,0.53715,45.48635,1.00000,1.53602,3
0.22661,0.02505,45.33868,0.00000,1.64311,1
0.04138,1.00000,17.72489,1.00000,0.26330,4
0.01433,0.06017,45.22423,1.00000,1.68294,1
0.08352,0.59267,45.16938,1.00000,1.61325,3
0.08030,0.53614,44.50672,1.00000,1.55710,3
0.00021,1.00000,45.22135,1.00000,1.75160,0
0.08474,0.39964,45.32648,1.00000,1.57264,3
0.10469,0.82677,7.82607,1.00000,0.15549,4
0.05186,0.02298,45.73125,0.00000,1.64165,1
0.00004,0.95238,46.33748,0.00000,1.58437,0
0.08575,0.59569,8.84687,1.00000,0.17284,4
0.03834,0.96581,10.50460,1.00000,0.17123,4
0.08659,0.58424,9.25047,1.00000,0.13258,4
0.09438,0.60094,44.37611,1.00000,0.67572,2
0.06460,0.70000,13.68947,1.00000,0.18599,4
0.00838,0.08974,46.04477,1.00000,1.69480,1
0.07660,0.58161,44.65538,1.00000,1.57867,3
0.00019,0.86842,44.43000,0.00000,1.65341,0
0.03457,0.16151,46.62300,1.00000,1.71815,1
0.08708,0.62195,49.12466,1.00000,0.66379,2
0.10773,0.64205,45.49210,1.00000,1.55078,3
0.00003,1.00000,44.82097,1.00000,1.54938,0
0.08744,0.97861,45.45134,1.00000,1.04220,3
0.02061,0.03333,44.66873,0.00000,1.66552,1
0.09389,0.44669,45.65891,1.00000,1.71926,3
0.00005,1.00000,44.70995,1.00000,1.79130,0
0.08934,0.69004,39.31279,1.00000,0.41460,2
0.00002,1.00000,45.25851,1.00000,1.75432,0
0.09108,0.65435,44.24697,1.00000,1.60212,3
0.09484,0.45000,8.72181,1.00000,0.17041,4
0.01321,0.19544,44.38199,0.00000,1.64706,1
0.00011,1.00000,45.12186,1.00000,1.63489,0
0.05524,0.90141,42.89304,1.00000,0.15448,2
0.08903,0.51406,44.53303,1.00000,0.70969,2
0.09159,0.51188,45.21075,1.00000,1.59801,3
0.00029,0.84211,45.34587,0.00000,1.67129,0
0.06538,0.86082,7.58191,1.00000,0.15388,4
0.06184,0.69501,44.87482,1.00000,1.59899,3
0.00068,0.75490,45.85487,0.00000,1.69073,0
0.00008,1.00000,45.34578,1.00000,1.68024,0
0.00050,0.80526,45.96576,0.00000,1.64166,0
0.00371,0.20905,45.82358,1.00000,1.71409,1
0.17443,0.08131,45.27477,1.00000,1.70947,1
0.09818,0.07700,46.61782,1.00000,1.68381,1
0.01472,0.06702,45.92619,1.00000,1.72377,1
0.07192,0.64865,9.02259,1.00000,0.14560,4
0.02586,0.04606,46.32195,0.00000,1.65625,1
0.08386,0.53904,9.71601,1.00000,0.19944,4
0.00884,0.10532,45.52497,0.00000,1.63473,1
0.07687,0.56584,43.96208,1.00000,0.49152,2
0.07895,0.47850,52.79081,1.00000,0.65773,2
0.00522,0.25631,45.42305,1.00000,1.70655,1
0.09589,0.67178,45.65759,1.00000,0.85596,2
0.00030,0.97727,45.08703,1.00000,1.72330,0
0.01144,0.09924,44.10871,1.00000,1.70130,1
0.11924,0.64474,8.31559,1.00000,0.15844,4
0.03841,1.00000,45.32784,1.00000,1.36749,3
0.12385,0.82008,48.25264,1.00000,0.78301,2
0.06077,0.97802,51.91442,1.00000,0.55808,2
0.08589,0.78756,8.29146,1.00000,0.18966,4
0.09048,0.64308,9.04492,1.00000,0.16049,4
0.08910,0.56751,42.44904,1.00000,0.48180,2
0.09783,0.62843,10.12649,1.00000,0.16394,4
0.10018,0.56550,44.64743,1.00000,1.61906,3
0.10163,0.70182,8.84407,1.00000,0.18040,4
0.00076,1.00000,44.79956,1.00000,1.68423,0
0.06498,0.95862,8.61538,1.00000,0.14434,4
0.00004,1.00000,45.45946,1.00000,1.77116,0
0.06488,0.68451,47.00425,1.00000,0.26182,2
0.00013,1.00000,45.98969,1.00000,1.71429,0
0.01386,0.22005,45.88647,1.00000,1.70360,1
0.06947,0.66854,9.11557,1.00000,0.16374,4
0.07728,0.61957,46.28510,1.00000,0.48105,2
0.04380,0.37887,45.59929,1.00000,1.72037,3
0.07901,0.45269,50.17067,1.00000,0.42866,2
0.02438,0.07135,45.38516,1.00000,1.68196,1
0.06760,0.56793,8.52089,1.00000,0.15717,4
0.08225,0.46473,41.78634,1.00000,0.66181,2
0.09573,0.44760,52.27972,1.00000,0.45224,2
0.09732,0.50096,45.05989,1.00000,1.55694,3
0.08404,0.50205,49.71824,1.00000,0.41924,2
0.00013,0.86316,44.87883,0.00000,1.64854,0
0.09233,0.45205,47.28351,1.00000,0.65516,2
0.04450,0.98020,47.76207,1.00000,0.74248,2
0.09285,0.03434,45.05468,0.00000,1.63593,1
0.08723,0.61995,45.14618,1.00000,0.49096,2
0.08046,0.78824,44.51364,1.00000,1.58956,3
0.00246,0.55578,45.65928,0.00000,1.66386,1
0.03003,0.96629,8.87561,1.00000,0.20726,4
0.06469,0.63443,41.92322,1.00000,0.42783,2
0.00012,1.00000,45.46912,1.00000,1.65926,0
0.09693,0.43128,47.16520,1.00000,1.56287,3
0.00072,0.62155,45.56195,0.00000,1.64161,1
0.07569,0.44533,51.68571,1.00000,0.47060,2
0.06838,0.98020,46.00201,1.00000,1.36063,3
0.08592,0.72404,43.94754,1.00000,0.86900,2
0.02258,0.04065,46.55018,0.00000,1.67078,1
0.10416,0.43978,45.45900,1.00000,1.57233,3
0.00439,0.16511,45.56959,0.00000,1.67775,1
0.08583,0.46197,44.69873,1.00000,0.38890,2
0.00003,0.88462,44.69303,0.00000,1.62587,0
0.10308,0.85463,44.73643,1.00000,1.61964,3
0.00008,1.00000,46.11300,1.00000,1.67120,0
0.07094,0.77714,9.72944,1.00000,0.15901,4
0.01502,0.13672,45.03213,0.00000,1.68945,1
0.04717,0.86957,45.55515,1.00000,1.67410,3
0.02622,0.06029,45.04330,1.00000,1.70199,1
0.03842,0.97600,10.75369,1.00000,0.17572,4
0.00858,0.12721,45.49158,1.00000,1.67316,1
0.00013,1.00000,46.32243,1.00000,1.40054,0
0.00552,0.30759,45.10586,1.00000,1.67301,1
0.00016,1.00000,46.08930,1.00000,1.63920,0
0.08263,0.61607,47.80403,1.00000,0.66094,2
0.06016,0.49287,48.51295,1.00000,0.32312,2
0.08364,0.68378,47.11894,1.00000,0.81082,2
0.09100,0.56322,8.82430,1.00000,0.14098,4
0.08210,0.64497,7.04894,1.00000,0.17769,4
0.08854,0.66165,44.79424,1.00000,1.67782,3
0.00943,0.75641,45.70569,1.00000,1.69174,1
0.09694,0.82653,45.14596,1.00000,1.72909,3
0.05481,0.91584,10.01316,1.00000,0.25586,4
0.06758,0.90761,8.73166,1.00000,0.19123,4
0.05783,0.82308,8.15215,1.00000,0.15024,4
0.00005,1.00000,44.13786,1.00000,1.50907,0
0.02943,0.10043,45.06672,1.00000,1.69416,1
0.08392,0.45640,46.28063,1.00000,1.67762,3
0.09557,0.52211,44.65061,1.00000,1.51713,3
0.00014,1.00000,46.01358,1.00000,1.73848,0
0.10754,0.73180,9.39922,1.00000,0.16207,4
0.02975,0.02196,45.86194,0.00000,1.65325,1
0.08826,0.44324,44.29530,1.00000,1.67879,3
0.01471,0.06716,46.01822,1.00000,1.72605,1
0.09123,0.97403,8.83564,1.00000,0.18243,4
0.00288,0.27727,46.08290,1.00000,1.69864,1
0.00068,0.87179,44.65443,0.00000,1.59873,0
0.05603,0.46781,8.80100,1.00000,0.11314,4
0.00001,1.00000,45.13320,1.00000,1.08919,0
0.08922,0.58511,43.64258,1.00000,0.55013,2
0.07275,0.50826,45.20282,1.00000,1.63290,3
0.05681,0.51613,50.77475,1.00000,0.50977,2
0.08455,0.49787,52.03153,1.00000,0.40899,2
0.07720,0.45956,49.63251,1.00000,0.31037,2
0.09472,0.46606,46.52872,1.00000,0.62395,2
0.03617,1.00000,53.36826,1.00000,0.39056,2
0.08196,0.59112,44.88489,1.00000,1.67372,3
0.34354,0.02708,45.27545,0.00000,1.65077,1
0.00003,1.00000,45.94246,1.00000,1.76099,0
0.09039,0.79188,12.07105,1.00000,0.23095,4
0.08489,0.45865,47.21063,1.00000,0.46996,2
0.00026,1.00000,45.98868,1.00000,1.73794,0
0.09016,0.62559,45.85701,1.00000,1.55968,3
0.11683,0.82847,44.64700,1.00000,1.49836,3
0.09618,0.39698,50.03220,1.00000,0.66471,2
0.00000,1.00000,0.00000,1.00000,0.00000,0
0.06022,0.43548,45.67991,1.00000,1.59794,3
0.04305,0.74522,9.68219,1.00000,0.16462,4
0.00001,1.00000,45.32993,1.00000,1.08202,0
0.09197,0.76206,44.69615,1.00000,1.43595,3
0.00003,1.00000,44.69571,1.00000,1.60304,0
0.00029,1.00000,46.14537,1.00000,1.62824,0
0.07490,0.69825,9.73931,1.00000,0.16204,4
0.07826,0.53865,9.75074,1.00000,0.17150,4
0.06175,0.56904,46.25623,1.00000,1.52263,3
0.07656,0.47581,44.27592,1.00000,1.61515,3
0.08450,0.86245,45.74327,1.00000,1.52820,3
0.05214,0.84112,44.64482,1.00000,1.35704,3
0.01522,0.08691,45.12047,0.00000,1.65000,1
0.07530,0.74460,9.38721,1.00000,0.19000,4
0.07458,0.62028,45.20824,1.00000,1.69552,3
0.00590,0.21149,45.04927,1.00000,1.69334,1
0.00009,1.00000,45.95336,1.00000,1.67438,0
0.05865,0.60883,8.64868,1.00000,0.17667,4
0.02312,1.00000,8.34847,1.00000,0.12680,4
0.01437,0.10664,45.93145,0.00000,1.65031,1
0.00003,1.00000,44.96282,1.00000,1.51566,0
0.00452,0.95980,45.26384,1.00000,1.71079,1
0.07633,0.55120,10.03335,1.00000,0.15114,4
0.08534,0.55422,10.06299,1.00000,0.17643,4
0.07821,0.40177,49.07912,1.00000,0.61877,2
0.01262,0.06458,45.45157,0.00000,1.63989,1
0.09307,0.50216,50.26959,1.00000,0.56937,2
0.00011,1.00000,45.07182,1.00000,1.72197,0
0.00047,1.00000,45.45436,1.00000,1.74897,0
0.00876,0.10509,44.70515,1.00000,1.71434,1
0.01220,0.06904,45.53989,1.00000,1.70805,1
0.09091,0.46655,44.53027,1.00000,1.65063,3
0.09962,0.57845,46.71874,1.00000,1.56046,3
0.09112,0.43902,45.83790,1.00000,1.70121,3
0.21609,0.05913,46.08796,1.00000,1.69023,1
0.07739,0.55315,8.70050,1.00000,0.17477,4
0.08792,0.52830,44.39688,1.00000,1.64108,3
0.00006,1.00000,45.12425,1.00000,1.73585,0
0.06831,0.38682,51.58492,1.00000,0.42289,2
0.10323,0.81624,44.16504,1.00000,1.54527,3
0.08782,0.53768,50.02280,1.00000,0.43968,2
0.04722,0.05475,45.94394,1.00000,1.69500,1
0.08122,0.78676,8.90960,1.00000,0.18697,4
0.08447,0.60519,47.80296,1.00000,0.45853,2
0.05973,0.93548,51.54008,1.00000,0.58425,2
0.00013,1.00000,44.82862,1.00000,1.79330,0
0.08760,0.50101,48.05839,1.00000,0.67749,2
0.06991,0.63610,9.44685,1.00000,0.16786,4
0.09776,0.90052,9.11929,1.00000,0.11179,4
0.00669,0.14512,44.09223,1.00000,1.69611,1
0.08625,0.92742,50.54717,1.00000,0.92890,2
0.05812,0.11713,44.34294,1.00000,1.70929,1
0.11707,0.65919,8.14428,1.00000,0.14248,4
0.07266,0.49802,46.38370,1.00000,0.29758,2
0.00012,1.00000,45.01809,1.00000,1.63223,0
0.06776,0.70482,44.98473,1.00000,1.68440,3
0.00755,0.11075,45.67316,0.00000,1.64284,1
0.04309,0.02198,44.41763,0.00000,1.67954,1
0.05222,0.46984,44.81314,1.00000,1.69093,3
0.00008,1.00000,44.64523,1.00000,1.83081,0
0.10759,0.66256,44.25907,1.00000,1.50312,3
0.00032,1.00000,45.57387,1.00000,1.64585,0
0.06890,0.73969,48.81869,1.00000,0.79108,2
0.10085,0.71031,43.22385,1.00000,0.31330,2
0.00079,0.63805,45.47060,0.00000,1.66973,1
0.02426,0.04938,44.53723,0.00000,1.66953,1
0.00798,0.11002,44.01589,1.00000,1.68496,1
0.00942,0.37130,44.69657,1.00000,1.69903,1
0.07219,0.80070,10.52684,1.00000,0.16120,4
0.08528,0.66579,45.38193,1.00000,1.53262,3
0.00011,1.00000,44.10525,1.00000,1.71163,0
0.08845,0.83471,44.33647,1.00000,1.54278,3
0.00014,1.00000,45.12697,1.00000,1.78556,0
0.01043,0.17668,46.04808,1.00000,1.70253,1
0.08244,0.81188,46.29749,1.00000,0.78733,2
0.00049,0.86000,45.89053,0.00000,1.64607,0
0.11386,0.90476,50.05103,1.00000,0.78505,2
0.07283,0.52144,46.11381,1.00000,1.66939,3
0.05563,0.60140,10.12105,1.00000,0.20176,4
0.10654,0.43672,45.22343,1.00000,1.52028,3
0.00007,1.00000,45.49015,1.00000,1.59971,0
0.00005,1.00000,43.50166,1.00000,1.47184,0
0.03998,0.02708,45.37716,0.00000,1.65876,1
0.00016,1.00000,45.46079,1.00000,1.69281,0
0.08833,0.57241,48.55698,1.00000,0.28647,2
0.01358,0.10195,46.05507,1.00000,1.70955,1
0.05921,0.93865,45.97701,1.00000,1.08511,3
0.01297,0.07384,45.30089,0.00000,1.64637,1
0.00315,0.34726,46.50934,0.00000,1.68540,1
0.09419,0.55527,9.62963,1.00000,0.15234,4
0.00133,0.49652,45.67983,1.00000,1.68583,1
0.02834,0.05031,46.07880,1.00000,1.68363,1
0.06231,0.88079,11.01536,1.00000,0.20158,4
0.00692,0.11921,45.81658,0.00000,1.63832,1
0.09131,0.69029,47.91499,1.00000,0.67867,2
0.00075,1.00000,45.55342,1.00000,1.62611,0
0.00012,1.00000,46.07492,1.00000,1.61597,0
0.07582,0.81860,9.77598,1.00000,0.15482,4
0.02084,0.04928,45.60622,0.00000,1.64472,1
0.09208,0.53213,45.49326,1.00000,1.66742,3
0.00027,1.00000,45.97454,1.00000,1.76876,0
0.02238,0.05682,45.41123,1.00000,1.66735,1
0.00005,0.96667,44.13052,1.00000,1.70131,0
0.06928,0.96429,45.21626,1.00000,1.34144,3
0.08623,0.56796,9.21032,1.00000,0.18572,4
0.05117,0.83401,47.73491,1.00000,0.12602,2
0.00990,0.10652,45.54244,1.00000,1.70447,1
0.02090,0.04383,45.60942,0.00000,1.63938,1
0.02518,0.06257,43.50121,0.00000,1.64221,1
0.10450,0.93600,47.31062,1.00000,0.65600,2
0.07751,0.81900,46.49054,1.00000,0.58407,2
0.02669,1.00000,10.24041,1.00000,0.11772,4
0.09152,0.53593,45.69580,1.00000,0.42745,2
0.03617,1.00000,11.13754,1.00000,0.13502,4
0.00002,1.00000,46.18876,1.00000,1.26984,0
0.00782,0.28235,44.45089,1.00000,1.69802,1
0.00897,0.08770,45.08760,1.00000,1.69766,1
0.07162,0.67500,9.31130,1.00000,0.16742,4
0.00019,1.00000,44.76066,1.00000,1.69969,0
0.09459,0.78947,45.03382,1.00000,1.33357,3
0.03148,0.08298,44.74685,1.00000,1.70580,1
0.10603,0.51385,8.38564,1.00000,0.15667,4
0.08537,0.61687,45.77872,1.00000,1.50559,3
0.04610,0.46098,44.71790,1.00000,0.56107,2
0.01648,0.05350,45.34900,0.00000,1.65293,1
0.06765,0.90431,45.77248,1.00000,1.62042,3
0.00936,0.12320,45.87927,1.00000,1.67310,1
0.00006,1.00000,45.83493,1.00000,1.77897,0
0.00023,0.83158,45.32742,0.00000,1.62534,0
0.05781,0.75460,8.92925,1.00000,0.18822,4
0.00631,0.14790,45.55791,1.00000,1.70725,1
0.08337,0.75180,46.77476,1.00000,0.41984,2
0.10828,0.72493,8.77758,1.00000,0.12984,4
0.00009,1.00000,45.57122,1.00000,1.70540,0
0.02540,0.04825,45.99012,1.00000,1.71319,1
0.02016,0.11921,45.30063,0.00000,1.67064,1
0.09252,0.79098,45.82648,1.00000,1.61137,3
0.06274,0.97391,45.22022,1.00000,1.29201,3
0.06845,0.77586,10.03508,1.00000,0.15217,4
0.00993,1.00000,55.21772,1.00000,0.52442,2
0.07069,0.90441,13.39306,1.00000,0.17706,4
0.00691,0.23396,45.10204,0.00000,1.67834,1
0.09727,0.54192,46.23453,1.00000,1.61470,3
0.08013,0.84983,51.52935,1.00000,0.19785,2
0.03100,0.07143,45.41675,0.00000,1.67902,1
0.00147,0.55186,45.13332,0.00000,1.66154,1
0.08186,0.58095,8.25541,1.00000,0.15550,4
0.05746,0.99038,8.93768,1.00000,0.08771,4
0.08656,0.48356,39.22180,1.00000,0.59666,2
0.00032,0.86822,46.10018,0.00000,1.69048,0
0.09182,0.83137,7.01988,1.00000,0.13173,4
0.10109,0.62440,45.05800,1.00000,1.59035,3
0.10488,0.44649,43.87711,1.00000,0.76281,2
0.00967,0.07505,47.09835,0.00000,1.67176,1
0.00043,0.82051,45.29243,0.00000,1.66951,0
0.08406,0.53984,43.44690,1.00000,1.51769,3
0.08382,0.59155,7.89989,1.00000,0.15194,4
0.09969,0.59868,40.42423,1.00000,0.51536,2
0.08712,0.50595,44.69154,1.00000,0.76585,2
0.09304,0.44737,47.37420,1.00000,0.64070,2
0.06538,1.00000,11.66902,1.00000,0.14484,4
0.08020,0.77528,49.44999,1.00000,0.44614,2
0.02206,0.13029,45.32764,1.00000,1.67545,1
0.06281,0.57635,7.12254,1.00000,0.12692,4
0.08810,0.57477,47.90503,1.00000,0.79742,2
0.05390,0.58592,51.08154,1.00000,0.36526,2
0.00006,1.00000,45.59067,1.00000,1.71336,0
0.07036,0.61243,7.92278,1.00000,0.15934,4
0.10712,0.52747,47.43191,1.00000,0.68209,2
0.00020,1.00000,44.64637,1.00000,1.72681,0
0.06314,0.88532,44.21172,1.00000,1.03082,3
0.08115,0.53499,46.28560,1.00000,1.66805,3
0.00006,1.00000,46.08486,1.00000,1.80649,0
0.05439,0.54651,45.06316,1.00000,1.58472,3
0.04708,0.05355,44.98769,0.00000,1.64363,1
0.04147,0.06472,44.51789,0.00000,1.65775,1
0.10701,0.70206,8.06969,1.00000,0.16658,4
0.01832,0.04923,46.45435,0.00000,1.67439,1
0.02731,0.02817,44.34616,0.00000,1.65807,1
0.00082,0.82759,46.34266,0.00000,1.64896,0
0.00022,0.89744,44.16424,0.00000,1.64561,0
0.00010,1.00000,46.63550,1.00000,1.65867,0
0.08247,0.93421,45.86072,1.00000,0.09215,2
0.00010,0.97826,45.61934,1.00000,1.77326,0
0.01587,0.07240,45.37604,1.00000,1.72890,1
0.06618,0.94737,46.06974,1.00000,1.30800,3
0.01876,0.06604,46.05733,1.00000,1.69916,1
0.04676,0.04175,45.34933,0.00000,1.67211,1
0.00017,0.82993,44.66190,0.00000,1.66387,0
0.08525,0.53173,45.71220,1.00000,1.51039,3
0.02073,0.12667,44.89876,1.00000,1.70018,1
0.00010,1.00000,43.35660,1.00000,1.61261,0
0.07820,0.58696,45.49739,1.00000,1.61612,3
0.00003,1.00000,44.32881,1.00000,1.56203,0
0.06771,0.95187,45.93117,1.00000,1.33586,3
0.00021,1.00000,44.44603,1.00000,1.70111,0
0.08590,0.37565,44.94215,1.00000,1.67046,3
0.01553,0.07143,45.32340,1.00000,1.70434,1
0.07916,0.62228,10.13578,1.00000,0.17449,4
0.09229,0.44536,40.74434,1.00000,0.61150,2
0.00005,1.00000,45.59537,1.00000,1.72675,0
0.00964,0.09013,44.15154,1.00000,1.68829,1
0.07294,0.97959,46.29725,1.00000,1.30272,3
0.07389,0.87379,7.52211,1.00000,0.16413,4
0.11132,0.71387,44.90499,1.00000,1.55217,3
0.08107,0.55609,7.95076,1.00000,0.13530,4
0.08490,0.54047,44.76745,1.00000,1.66621,3
0.03723,0.96970,47.17722,1.00000,0.23094,2
0.02609,0.05031,44.74710,1.00000,1.70099,1
0.00021,1.00000,45.59520,1.00000,1.78325,0
0.08174,1.00000,52.77851,1.00000,0.77510,2
0.04827,0.63733,9.72441,1.00000,0.13886,4
0.00012,1.00000,44.59587,1.00000,1.54039,0
0.08792,0.76325,8.22734,1.00000,0.14527,4
0.00149,0.78049,46.80292,0.00000,1.67120,0
0.03263,0.93966,46.05318,1.00000,1.56241,3
0.00001,1.00000,45.45514,1.00000,1.51925,0
0.05282,0.59690,8.78113,1.00000,0.15224,4
0.00003,1.00000,44.95969,1.00000,1.79080,0
0.00009,1.00000,45.97506,1.00000,1.70783,0
0.00014,1.00000,45.55566,1.00000,1.66084,0
0.00035,1.00000,45.69525,1.00000,1.74836,0
0.07450,0.52697,46.72741,1.00000,0.80489,2
0.00013,1.00000,45.33617,1.00000,1.78937,0
0.06358,0.60185,6.92376,1.00000,0.11734,4
0.08496,0.39866,45.31130,1.00000,1.66173,3
0.06636,0.78571,47.59115,1.00000,0.70052,2
0.00323,0.30283,45.42824,1.00000,1.70239,1
0.00001,1.00000,45.37665,1.00000,1.36131,0
0.08931,0.49346,45.69258,1.00000,1.63141,3
0.09829,0.56092,38.46218,1.00000,0.77802,2
0.00017,1.00000,45.01711,1.00000,1.83702,0
0.04126,0.05464,45.53889,1.00000,1.69226,1
0.10538,0.64560,46.13984,1.00000,0.49519,2
0.10249,0.44732,45.46717,1.00000,1.63294,3
0.07159,0.66118,8.50058,1.00000,0.15228,4
0.03933,0.07692,45.50978,1.00000,1.71201,1
0.00011,0.81319,44.85135,0.00000,1.69136,0
0.07956,0.88889,44.96467,1.00000,1.71000,3
0.06835,0.04928,45.06328,0.00000,1.66982,1
0.02636,0.08395,46.31815,1.00000,1.71036,1
0.05496,0.44094,50.80046,1.00000,0.31192,2
0.06159,0.59336,12.03483,1.00000,0.18016,4
0.07032,0.02198,45.08437,0.00000,1.63484,1
0.08225,0.64169,8.15202,1.00000,0.14189,4
0.05595,0.89617,45.03351,1.00000,1.34007,3
0.07911,0.87050,8.08834,1.00000,0.15397,4
0.06718,0.96471,44.63545,1.00000,1.36202,3
0.09246,0.45769,37.74423,1.00000,0.50746,2
0.09799,0.46050,48.56334,1.00000,0.79640,2
0.00006,1.00000,45.40126,1.00000,1.53314,0
0.00696,0.12472,45.07097,1.00000,1.69469,1
0.09045,0.49228,44.50192,1.00000,1.67833,3
0.07063,0.73626,45.02806,1.00000,1.62588,3
0.00003,1.00000,44.64374,1.00000,1.45103,0
0.08523,0.68293,45.05891,1.00000,1.53359,3
0.01005,0.12932,45.44304,1.00000,1.66502,1
0.00005,1.00000,45.51794,1.00000,1.83436,0
0.09290,0.63866,8.25199,1.00000,0.16784,4
0.09953,0.67868,9.15932,1.00000,0.16461,4
0.27812,0.06029,45.30652,1.00000,1.69085,1
0.00793,0.11636,44.65809,1.00000,1.68819,1
0.06705,0.73502,45.97483,1.00000,1.45638,3
0.08792,0.59637,43.68947,1.00000,0.88270,2
0.06437,0.96429,8.05805,1.00000,0.11825,4
0.07685,0.69437,53.83941,1.00000,0.67451,2
0.00009,1.00000,44.67560,1.00000,1.73770,0
0.09096,0.72752,44.55200,1.00000,1.65599,3
0.05349,0.77316,44.77581,1.00000,1.70513,3
0.02437,0.25032,44.76577,1.00000,1.69454,1
0.09204,0.82329,11.95098,1.00000,0.23080,4
0.04048,0.08984,45.43745,0.00000,1.66711,1
0.00044,1.00000,45.01060,1.00000,1.70217,0
0.09113,0.43470,46.12737,1.00000,1.56535,3
0.09475,0.50905,46.38473,1.00000,0.77853,2
0.10149,0.84252,45.38114,1.00000,1.51938,3
0.00004,1.00000,45.22554,1.00000,1.69057,0
0.08571,0.64879,46.51252,1.00000,0.49331,2
0.09527,0.57983,45.85977,1.00000,1.56648,3
0.13330,0.03438,45.40123,0.00000,1.66789,1
0.00020,1.00000,44.47930,1.00000,1.70663,0
0.00334,0.37174,45.53166,0.00000,1.64356,1
0.00010,1.00000,44.99297,1.00000,1.68866,0
0.00009,1.00000,45.47748,1.00000,1.71403,0
0.05740,0.76404,44.75160,1.00000,1.12303,3
0.09548,0.56849,51.98929,1.00000,0.22312,2
0.00032,1.00000,45.54656,1.00000,1.57633,0
0.08870,0.91257,44.17306,1.00000,1.51931,3
0.21011,0.02096,45.81352,0.00000,1.66307,1
0.00001,1.00000,44.77620,1.00000,1.41153,0
0.02214,0.10784,45.41101,0.00000,1.61761,1
0.00658,0.20782,46.01284,0.00000,1.65277,1
0.00001,1.00000,46.75737,1.00000,0.88064,0
0.08872,0.48879,45.40561,1.00000,0.43376,2
0.08574,0.46065,46.27123,1.00000,1.57561,3
0.09335,0.51659,8.75318,1.00000,0.19096,4
0.00001,0.87500,44.87033,0.00000,1.67782,0
0.00199,0.67191,45.92296,1.00000,1.69975,1
0.07217,0.61391,45.95042,1.00000,1.54284,3
0.05559,0.94949,46.31389,1.00000,1.04865,3
0.08331,0.45946,45.36898,1.00000,0.55129,2
0.02417,0.03651,46.63870,0.00000,1.65655,1
0.08642,0.52723,43.84642,1.00000,0.53086,2
0.08216,0.60000,8.22671,1.00000,0.16658,4
0.08031,0.83500,45.15079,1.00000,1.52798,3
0.07935,0.50448,7.56276,1.00000,0.12583,4
0.06726,0.07717,44.21779,1.00000,1.72310,1
0.00020,0.85714,45.34182,1.00000,1.67233,0
0.09387,0.54315,9.31567,1.00000,0.16553,4
0.09681,0.96403,7.95606,1.00000,0.14980,4
0.02976,0.02613,45.46795,0.00000,1.65406,1
0.01443,0.06897,45.33628,1.00000,1.69230,1
0.00278,0.29773,44.52114,0.00000,1.63977,1
0.09626,0.64833,50.03191,1.00000,0.64923,2
0.08060,0.62624,8.40084,1.00000,0.15928,4
0.09906,0.48367,45.16471,1.00000,1.58889,3
0.09473,0.63288,9.30472,1.00000,0.16010,4
0.00001,1.00000,46.15885,1.00000,1.72937,0
0.02416,0.05470,44.28514,1.00000,1.68736,1
0.08009,0.50000,44.18305,1.00000,1.65216,3
0.00928,0.30027,44.85085,0.00000,1.63969,1
0.10050,0.89048,51.29995,1.00000,0.73512,2
0.00021,0.83916,45.12071,0.00000,1.68711,0
0.04476,0.69377,44.81606,1.00000,1.56918,3
0.07735,0.51935,45.27351,1.00000,0.46784,2
0.00019,0.83871,44.96088,0.00000,1.60335,0
0.00245,1.00000,46.73050,1.00000,1.72194,0
0.02935,0.06479,45.57971,1.00000,1.71935,1
0.09138,0.39516,43.62128,1.00000,1.71000,3
0.08289,0.74462,45.80882,1.00000,1.63176,3
0.01111,0.15561,45.50946,1.00000,1.72173,1
0.01513,0.08042,45.09565,1.00000,1.71159,1
0.08504,0.85385,53.14918,1.00000,0.41089,2
0.03322,0.98742,45.73956,1.00000,1.36038,3
0.07557,0.48502,44.83164,1.00000,0.64437,2
0.01511,0.05579,44.78785,1.00000,1.70217,1
0.00038,1.00000,45.20170,1.00000,1.70515,0
0.12335,0.88816,9.21405,1.00000,0.18121,4
0.00003,0.90909,45.11278,0.00000,1.44541,0
0.00963,0.11475,45.61877,0.00000,1.67347,1
0.09131,0.52998,44.78199,1.00000,1.51384,3
0.07591,0.59948,44.82966,1.00000,1.57888,3
0.00276,0.36458,44.87233,0.00000,1.64942,1
0.03166,0.08386,46.76673,1.00000,1.73108,1
0.09675,0.75988,46.90438,1.00000,0.41955,2
0.10189,0.57188,8.88923,1.00000,0.17666,4
0.07048,0.87143,9.84611,1.00000,0.16620,4
0.00647,0.13483,45.48230,0.00000,1.67033,1
0.01697,0.12111,45.83710,1.00000,1.72405,1
0.01964,0.91000,19.99465,1.00000,0.17187,4
0.08701,0.50000,44.97784,1.00000,1.70273,3
0.00013,1.00000,44.57553,1.00000,1.73529,0
0.06710,0.60099,47.98426,1.00000,0.28781,2
0.07748,0.50505,9.14775,1.00000,0.18461,4
0.00037,0.83621,44.91638,0.00000,1.64744,0
0.06750,0.47478,45.31383,1.00000,1.60378,3
0.09857,0.53430,44.94423,1.00000,1.62282,3
0.08406,0.60329,45.20917,1.00000,0.20280,2
0.06632,0.57348,11.23410,1.00000,0.17095,4
0.04886,0.96907,46.09928,1.00000,0.30041,2
0.06510,0.94340,48.79692,1.00000,0.64933,2
0.00006,1.00000,44.61351,1.00000,1.55934,0
0.09113,0.44696,45.29465,1.00000,0.53424,2
0.04656,0.98837,9.88672,1.00000,0.11072,4
0.00010,0.89655,44.34885,0.00000,1.60551,0
0.02205,0.32451,44.51198,1.00000,1.69492,1
0.06908,0.77083,9.74263,1.00000,0.13407,4
0.08513,0.64217,8.37897,1.00000,0.13697,4
0.08498,0.81961,43.83812,1.00000,0.32972,2
0.07511,0.50716,45.09440,1.00000,1.58503,3
0.09373,0.53675,53.44202,1.00000,0.42350,2
0.09139,0.61343,45.53369,1.00000,1.54151,3
0.09524,0.56656,7.44620,1.00000,0.14571,4
0.00526,0.23221,45.70397,0.00000,1.64076,1
0.06614,0.93651,9.88216,1.00000,0.15525,4
0.00033,1.00000,45.45863,1.00000,1.75676,0
0.07374,0.54470,7.85109,1.00000,0.12731,4
0.00028,0.89655,44.98671,0.00000,1.70454,0
0.02670,0.03434,45.44393,0.00000,1.68217,1
0.08968,0.49409,45.26331,1.00000,1.62751,3
0.01000,0.31623,44.46216,1.00000,1.70840,1
0.09886,0.53105,45.24727,1.00000,1.49228,3
0.09750,0.53538,7.22529,1.00000,0.13368,4
0.04593,0.98551,10.90601,1.00000,0.19984,4
0.08745,0.99130,54.55731,1.00000,0.67387,2
0.00424,0.24020,45.31364,1.00000,1.71242,1
0.08631,0.62740,11.29745,1.00000,0.20545,4
0.08524,0.97260,47.41977,1.00000,0.10637,2
0.00012,1.00000,45.89909,1.00000,1.80480,0
0.08485,0.52342,51.87361,1.00000,0.19102,2
0.00259,0.80357,45.75222,0.00000,1.64945,0
0.00004,0.79167,44.05778,0.00000,1.47502,0
0.00033,0.90476,44.80904,0.00000,1.59905,0
0.01155,0.09924,44.71271,1.00000,1.68609,1
0.00001,1.00000,46.32913,1.00000,1.52428,0
0.08097,0.69156,6.91620,1.00000,0.13924,4
0.05926,0.71094,9.74454,1.00000,0.20514,4
0.08023,0.83071,44.36736,1.00000,0.58881,2
0.09369,0.41117,47.44945,1.00000,0.75197,2
0.07200,0.73065,50.40412,1.00000,0.41260,2
0.08303,0.57366,8.92306,1.00000,0.18734,4
0.02878,0.19928,45.47559,1.00000,1.67304,1
0.07873,0.18974,46.28477,0.00000,1.62384,1
0.00022,1.00000,45.82758,1.00000,1.73477,0
0.09005,0.62416,9.01109,1.00000,0.15704,4
0.08594,0.66242,9.94243,1.00000,0.16822,4
0.08349,0.57069,8.49463,1.00000,0.15860,4
0.08591,0.52117,11.03295,1.00000,0.17278,4
0.01996,0.06821,45.01348,1.00000,1.70331,1
0.00044,0.79891,44.05080,0.00000,1.65185,0
0.07955,0.58034,45.30222,1.00000,1.64827,3
0.05987,0.98039,12.35952,1.00000,0.17053,4
0.09168,0.49585,45.12573,1.00000,1.51935,3
0.04210,0.08617,44.91294,1.00000,1.70344,1
0.07932,0.61136,10.23871,1.00000,0.18051,4
0.00017,1.00000,45.26528,1.00000,1.53049,0
0.08387,0.41468,44.95418,1.00000,1.64656,3
0.07469,0.76562,9.52840,1.00000,0.15028,4
0.05563,0.80567,11.69473,1.00000,0.24628,4
0.08256,0.58221,8.73679,1.00000,0.17270,4
0.09242,0.71044,44.25542,1.00000,0.56082,2
0.08312,0.57003,9.80779,1.00000,0.18490,4
0.07510,0.67458,10.31002,1.00000,0.21293,4
0.09047,0.39075,44.45166,1.00000,1.61668,3
0.00841,0.15289,45.87934,1.00000,1.70478,1
0.08446,0.53000,8.00853,1.00000,0.14881,4
0.08905,0.91908,49.25144,1.00000,0.85887,2
0.00012,1.00000,45.27962,1.00000,1.70134,0
0.07826,0.49593,53.63692,1.00000,0.54598,2
0.07988,0.89247,48.08464,1.00000,0.36520,2
0.02133,0.06017,45.09691,0.00000,1.67342,1
0.06909,0.75676,44.91684,1.00000,1.61004,3
0.09621,0.48682,45.57975,1.00000,1.59114,3
0.08735,0.52756,45.21252,1.00000,1.62595,3
0.07506,0.03128,44.71733,0.00000,1.63517,1
0.08715,0.41897,44.50913,1.00000,1.64832,3
0.00898,0.08324,44.29792,0.00000,1.62134,1
0.08333,0.59234,46.71977,1.00000,1.50403,3
0.10984,0.80233,45.79439,1.00000,1.28207,3
0.06120,0.55628,46.25008,1.00000,1.58434,3
0.08997,0.55700,9.96123,1.00000,0.18129,4
0.06499,0.59200,9.60254,1.00000,0.16994,4
0.08359,0.53793,10.47914,1.00000,0.19370,4
0.04638,0.47059,46.92324,1.00000,0.52346,2
0.09774,0.03330,44.95482,0.00000,1.66370,1
0.00035,0.98246,46.26444,1.00000,1.72130,0
0.03213,0.04708,45.18113,0.00000,1.62045,1
0.07626,0.61111,8.59467,1.00000,0.16543,4
0.09163,0.46708,51.14168,1.00000,0.58731,2
0.00326,0.19557,45.08327,0.00000,1.62061,1
0.06850,0.69008,8.60310,1.00000,0.14989,4
0.00340,0.33761,44.89105,1.00000,1.68939,1
0.00018,1.00000,45.04200,1.00000,1.65805,0
0.09989,0.49149,41.64440,1.00000,0.37034,2
0.07235,0.63123,8.63434,1.00000,0.18734,4
0.08861,0.43225,45.01738,1.00000,1.68431,3
0.09062,0.66864,51.47909,1.00000,0.54624,2
0.09374,0.70937,7.57260,1.00000,0.16639,4
0.08715,0.61975,46.28944,1.00000,0.43103,2
0.13180,0.13820,45.26795,1.00000,1.69914,1
0.00014,1.00000,46.67755,1.00000,1.75549,0
0.24525,0.05464,44.59098,0.00000,1.66769,1
0.08688,0.79348,10.53551,1.00000,0.15644,4
0.00016,0.86066,45.27815,0.00000,1.68558,0
0.09894,0.42518,45.50940,1.00000,1.59063,3
0.05449,0.90303,11.72565,1.00000,0.17024,4
0.04154,0.76012,46.39174,1.00000,0.85138,2
0.08663,0.87004,44.60582,1.00000,0.78160,2
0.11071,0.76923,8.49363,1.00000,0.15153,4
0.00208,0.84848,46.18097,0.00000,1.69281,0
0.08465,0.60622,9.31687,1.00000,0.17120,4
0.01314,0.05797,44.39529,1.00000,1.72622,1
0.06560,0.93122,46.23997,1.00000,0.63009,2
0.09487,0.52063,45.17941,1.00000,1.59337,3
0.06572,0.58005,8.05992,1.00000,0.14616,4
0.08346,0.65152,45.70746,1.00000,1.66341,3
0.00023,0.83333,44.29062,0.00000,1.64650,0
0.08402,0.59664,7.74999,1.00000,0.16480,4
0.01660,0.98701,9.73279,1.00000,0.17247,4
0.07240,0.56156,43.86496,1.00000,1.72717,3
0.09316,0.68421,44.90625,1.00000,1.42660,3
0.10467,0.69945,36.22554,1.00000,0.47983,2
0.00146,1.00000,19.46651,1.00000,0.45450,4
0.08949,0.50659,44.28895,1.00000,0.65328,2
0.00012,1.00000,44.62181,1.00000,1.72383,0
0.00009,1.00000,44.85805,1.00000,1.59069,0
0.09024,0.74227,45.21952,1.00000,1.58845,3
0.00003,1.00000,44.95003,1.00000,1.68816,0
0.05929,0.74540,7.61336,1.00000,0.17952,4
0.08593,0.87054,45.52561,1.00000,1.51312,3
0.09229,0.45090,51.01170,1.00000,0.39729,2
0.07341,0.96133,45.13335,1.00000,0.95444,3
0.08226,0.47368,43.90621,1.00000,0.45244,2
0.09910,0.49666,51.41040,1.00000,0.69501,2
0.07905,0.70294,8.78344,1.00000,0.13673,4
0.03555,0.97015,15.54714,1.00000,0.14517,4
0.00007,1.00000,45.31849,1.00000,1.65498,0
0.08051,0.73994,51.29555,1.00000,0.27978,2
0.08813,0.73438,45.38304,1.00000,1.44806,3
0.08945,0.52991,9.28243,1.00000,0.15299,4
0.08618,0.47099,43.16243,1.00000,0.58231,2
0.00811,0.15438,43.60297,1.00000,1.70621,1
0.00014,0.84034,45.72074,0.00000,1.68390,0
0.02015,0.14092,43.44037,1.00000,1.70732,1
0.08948,0.46380,53.73120,1.00000,0.39709,2
0.05979,0.57524,47.59069,1.00000,0.45700,2
0.07417,0.53955,10.63014,1.00000,0.22589,4
0.09137,0.43532,36.35887,1.00000,0.47678,2
0.06075,0.50459,43.47887,1.00000,0.68057,2
0.00019,1.00000,46.04629,1.00000,1.67341,0
0.09124,1.00000,57.74342,1.00000,0.55492,2
0.04706,0.74359,45.20435,1.00000,1.72337,3
0.07811,0.69653,44.09294,1.00000,1.51668,3
0.00045,0.80899,46.49844,0.00000,1.62809,0
0.11584,0.03333,44.86626,0.00000,1.66129,1
0.01589,0.10173,45.42955,0.00000,1.65015,1
0.03624,0.42970,44.95907,1.00000,1.69060,1
0.09474,0.85714,50.47932,1.00000,0.60782,2
0.00008,0.97436,43.95900,1.00000,1.64634,0
0.07186,0.57939,9.01065,1.00000,0.15401,4
0.08717,0.51943,44.77016,1.00000,0.57714,2
0.00501,0.17133,45.54146,1.00000,1.68395,1
0.02095,0.06458,45.17445,1.00000,1.70104,1
0.00011,1.00000,45.75335,1.00000,1.58778,0
0.01081,0.33333,46.00951,1.00000,1.72972,1
0.00014,1.00000,45.87068,1.00000,1.77404,0
0.09275,0.50664,48.78388,1.00000,0.65614,2
0.01797,0.16763,44.22917,1.00000,1.72825,1
0.00008,1.00000,45.36189,1.00000,1.78218,0
0.07273,0.62827,44.75180,1.00000,1.51661,3
0.06839,0.58515,49.93858,1.00000,0.51512,2
0.00013,1.00000,44.49325,1.00000,1.70580,0
0.10037,0.75701,44.98812,1.00000,1.54958,3
0.00547,0.13184,44.88102,1.00000,1.68900,1
0.00022,1.00000,44.22793,1.00000,1.66968,0
0.00003,1.00000,44.50963,0.00000,1.20748,0
0.10246,0.54386,9.53408,1.00000,0.19504,4
0.09536,0.88182,48.51241,1.00000,0.43916,2
0.01880,0.05263,44.48182,0.00000,1.64428,1
0.08605,0.51627,44.64142,1.00000,0.54816,2
0.06195,0.60174,11.29080,1.00000,0.15018,4
0.08165,0.86275,45.65481,1.00000,1.54501,3
0.09211,0.96234,44.61976,1.00000,1.56178,3
0.08803,0.49692,43.84678,1.00000,1.62099,3
0.07289,0.58055,10.33693,1.00000,0.16806,4
0.06944,0.75850,8.88527,1.00000,0.16333,4
0.08557,0.56876,49.04575,1.00000,0.33175,2
0.01375,0.07806,46.03907,1.00000,1.68780,1
0.09845,0.45688,41.29840,1.00000,0.80834,2
0.00005,0.83333,46.51498,0.00000,1.69752,0
0.08605,0.58734,7.80537,1.00000,0.14898,4
0.07352,0.68466,45.79063,1.00000,1.51926,3
0.09162,0.51777,45.80011,1.00000,1.65757,3
0.02237,0.16939,45.09398,0.00000,1.65922,1
0.09562,0.49683,45.57312,1.00000,1.61441,3
0.34527,0.06270,46.04580,1.00000,1.71215,1
0.00052,0.98361,46.38359,1.00000,1.67587,0
0.00031,1.00000,44.62944,1.00000,1.78482,0
0.07858,0.59178,45.77139,1.00000,0.49129,2
0.01469,0.06933,44.90977,1.00000,1.67271,1
0.07957,0.09677,45.78701,1.00000,1.72474,1
0.00006,1.00000,45.44066,1.00000,1.75376,0
0.07436,0.98198,49.02883,1.00000,0.83410,2
0.00017,1.00000,45.96098,1.00000,1.62582,0
0.03843,0.78523,9.83371,1.00000,0.14847,4
0.07642,0.57798,47.84712,1.00000,0.46180,2
0.07205,0.59385,10.08356,1.00000,0.16060,4
0.08592,0.01994,45.50408,0.00000,1.63965,1
0.10515,0.46931,46.01420,1.00000,1.49173,3
0.09374,0.75591,8.98577,1.00000,0.15225,4
0.01309,0.17786,44.44905,0.00000,1.62668,1
0.00028,1.00000,44.96354,1.00000,1.76404,0
0.05504,0.81041,7.69647,1.00000,0.13952,4
0.00004,1.00000,45.17336,1.00000,1.50268,0
0.00006,1.00000,45.78515,1.00000,1.78977,0
0.08339,0.73099,48.39481,1.00000,0.78326,2
0.00020,1.00000,45.92645,1.00000,1.75679,0
0.08520,0.62997,8.85303,1.00000,0.15022,4
0.09058,0.52871,45.35217,1.00000,0.39167,2
0.10709,0.68634,8.24627,1.00000,0.15783,4
0.06419,0.95238,41.43982,1.00000,0.27780,2
0.00315,0.34326,45.23653,1.00000,1.65847,1
0.09399,0.63218,8.73944,1.00000,0.18142,4
0.06536,0.72835,7.72006,1.00000,0.15471,4
0.07129,0.54635,45.57286,1.00000,1.68897,3
0.00027,1.00000,44.92466,1.00000,1.66414,0
0.01022,0.07458,45.09972,1.00000,1.71385,1
0.10100,0.49177,8.66145,1.00000,0.15262,4
0.09991,0.45421,43.38500,1.00000,0.60767,2
0.01022,0.30811,44.17407,1.00000,1.72278,1
0.09697,0.54634,47.53862,1.00000,0.54318,2
0.06021,0.53863,49.28174,1.00000,0.66373,2
0.09531,0.95135,48.24077,1.00000,0.79907,2
0.08784,0.46503,45.08939,1.00000,1.58422,3
0.11607,0.60825,10.40916,1.00000,0.17691,4
0.07939,0.67879,10.76232,1.00000,0.17871,4
0.00118,1.00000,45.87619,1.00000,1.68991,0
0.08795,0.51786,44.32312,1.00000,1.56887,3
0.00005,1.00000,45.04538,1.00000,1.82617,0
0.00155,0.49670,46.04157,1.00000,1.71260,1
0.05251,0.22924,43.91688,1.00000,1.70572,1
0.06975,0.95652,45.24983,1.00000,1.54634,3
0.08055,0.58124,9.33871,1.00000,0.15427,4
0.08327,0.97802,55.25699,1.00000,0.23037,2
0.07624,0.89427,49.91886,1.00000,0.63580,2
0.10773,0.75096,45.28293,1.00000,0.54799,2
0.08868,0.48638,45.59493,1.00000,1.65606,3
0.10030,0.49367,45.50971,1.00000,1.45642,3
0.00622,0.27851,46.17861,0.00000,1.62144,1
0.06236,0.83396,43.80140,1.00000,1.36183,3
0.02806,0.05694,46.16040,1.00000,1.70130,1
0.05724,0.57895,45.25600,1.00000,1.54246,3
0.06549,0.60550,9.86299,1.00000,0.19315,4
0.03965,0.06127,45.45325,1.00000,1.69518,1
0.09959,0.85405,7.17362,1.00000,0.17576,4
0.01003,0.10664,44.34386,1.00000,1.71164,1
0.04325,1.00000,32.72167,1.00000,0.19785,2
0.05261,0.97561,8.94779,1.00000,0.09606,4
0.09530,0.74132,10.11798,1.00000,0.17302,4
0.00010,1.00000,44.09029,1.00000,1.82354,0
0.08166,0.53319,8.61844,1.00000,0.14190,4
0.08628,0.65653,10.29916,1.00000,0.21507,4
0.09447,0.55476,10.99014,1.00000,0.20183,4
0.10026,0.51834,11.49472,1.00000,0.18295,4
0.08534,0.62629,46.65249,1.00000,0.67904,2
0.08828,0.75194,47.71489,1.00000,0.84285,2
0.10175,0.90000,45.94983,1.00000,0.50294,2
0.07685,0.60686,8.89954,1.00000,0.15425,4
0.02730,0.03655,45.54751,0.00000,1.64987,1
0.00465,0.52995,44.54549,1.00000,1.71818,1
0.07675,0.67500,48.10894,1.00000,0.76859,2
0.00650,0.14836,45.89187,1.00000,1.69649,1
0.09491,0.62212,48.91155,1.00000,0.79130,2
0.08622,0.49449,45.74501,1.00000,1.68426,3
0.09730,0.51716,8.30300,1.00000,0.12895,4
0.10626,0.83026,44.43331,1.00000,1.47681,3
0.05632,0.60444,8.31330,1.00000,0.14120,4
0.08888,0.45781,48.35979,1.00000,0.76036,2
0.00033,0.76733,43.27754,0.00000,1.66381,0
0.09662,0.56235,9.65490,1.00000,0.17676,4
0.06493,0.84112,9.11849,1.00000,0.16865,4
0.07104,0.77558,46.15181,1.00000,1.37889,3
0.09618,0.58747,9.23354,1.00000,0.16372,4
0.10403,0.51815,50.46087,1.00000,0.73130,2
0.09459,0.41741,45.18962,1.00000,1.66076,3
0.00019,0.98333,46.06284,1.00000,1.66024,0
0.00004,1.00000,44.53842,1.00000,1.79536,0
0.00059,0.79885,44.79320,0.00000,1.63946,0
0.00003,1.00000,46.30737,1.00000,1.82212,0
0.06852,0.75124,10.29511,1.00000,0.13825,4
0.04504,0.03333,45.02444,0.00000,1.67024,1
0.06711,0.56971,45.16155,1.00000,1.61976,3
0.09196,0.53509,49.14883,1.00000,0.44646,2
0.07699,0.51064,46.53511,1.00000,0.57457,2
0.16376,0.03226,45.16722,0.00000,1.64025,1
0.07554,0.81752,44.18840,1.00000,1.42099,3
0.00046,1.00000,44.91692,1.00000,1.74348,0
0.04918,1.00000,52.50888,1.00000,0.75571,2
0.05625,0.68103,45.63002,1.00000,1.50825,3
0.00006,1.00000,43.66015,1.00000,1.61095,0
0.02155,0.05031,46.15872,1.00000,1.67257,1
0.09346,0.55012,45.63498,1.00000,1.63099,3
0.08066,0.44839,45.21259,1.00000,1.62829,3
0.00013,1.00000,46.00889,1.00000,1.75498,0
0.00400,0.20219,46.83945,0.00000,1.63805,1
0.09145,0.57753,9.31377,1.00000,0.19607,4
0.08451,0.87895,9.07747,1.00000,0.13462,4
0.06065,0.49810,46.97585,1.00000,1.61780,3
0.08068,0.99286,46.18740,1.00000,0.25205,2
0.02753,0.08965,45.89583,0.00000,1.68677,1
0.00006,1.00000,43.87811,1.00000,1.75966,0
0.02591,0.04388,46.60515,1.00000,1.69309,1
0.07708,0.56355,45.75293,1.00000,1.64153,3
0.00037,0.79730,44.78205,0.00000,1.67633,0
0.00679,0.12849,45.63269,0.00000,1.66278,1
0.07787,0.95968,45.07757,1.00000,1.02910,3
0.08510,0.59491,44.82593,1.00000,0.49879,2
0.00002,1.00000,45.38850,1.00000,0.92006,0
0.09612,0.44149,44.84847,1.00000,1.71470,3
0.03314,0.93443,13.86526,1.00000,0.21489,4
0.00006,1.00000,44.87025,1.00000,1.74613,0
0.01697,0.08984,44.93192,0.00000,1.66280,1
0.00004,1.00000,45.96807,1.00000,1.80966,0
0.08588,0.42634,45.09057,1.00000,1.63092,3
0.09096,0.76620,49.15252,1.00000,0.53029,2
0.10023,0.56388,45.23921,1.00000,1.45887,3
0.09395,0.47544,47.85796,1.00000,0.72533,2
0.08660,0.50794,53.90875,1.00000,0.71175,2
0.09422,0.68195,44.29475,1.00000,1.76172,3
0.00005,1.00000,45.22069,1.00000,1.81954,0
0.09744,0.52339,45.83775,1.00000,1.56977,3
0.00005,0.82979,44.93827,0.00000,1.61506,0
0.02657,0.07717,45.83060,1.00000,1.70401,1
0.00043,1.00000,45.02145,1.00000,1.71979,0
0.09783,0.62376,10.51185,1.00000,0.18773,4
0.08296,0.05797,44.55877,0.00000,1.66342,1
0.08894,0.70294,12.96387,1.00000,0.20465,4
0.08599,0.53452,45.56355,1.00000,1.69310,3
0.07475,0.67372,9.40236,1.00000,0.17320,4
0.10751,0.72697,7.65340,1.00000,0.16840,4
0.09316,0.77358,45.41380,1.00000,1.59916,3
0.00669,0.19903,45.33550,1.00000,1.72955,1
0.00135,0.73737,46.10070,0.00000,1.63214,0
0.00011,1.00000,45.16684,1.00000,1.63060,0
0.00005,1.00000,45.64692,1.00000,1.56292,0
0.01511,0.05785,43.70718,1.00000,1.70164,1
0.09811,0.69604,10.33689,1.00000,0.20658,4
0.09020,0.62981,48.80520,1.00000,0.81700,2
0.00011,1.00000,45.56917,1.00000,1.68520,0
0.08505,0.38915,44.46795,1.00000,1.59788,3
0.09569,0.59050,44.67883,1.00000,1.71001,3
0.02841,0.05155,46.13331,1.00000,1.71545,1
0.00012,1.00000,44.40412,1.00000,1.71365,0
0.07557,0.46211,46.31713,1.00000,0.78128,2
0.00012,1.00000,45.85540,1.00000,1.76731,0
0.09051,0.05464,43.92290,1.00000,1.67692,1
0.09307,0.45065,44.66588,1.00000,1.70658,3
0.09624,0.57895,45.14021,1.00000,1.44600,3
0.08224,0.57927,10.03599,1.00000,0.20436,4
0.08626,0.54386,45.45193,1.00000,1.49621,3
0.00009,1.00000,46.09148,1.00000,1.82694,0
0.02425,0.03226,45.34179,0.00000,1.63703,1
0.00214,0.35949,45.38140,1.00000,1.69431,1
0.07810,0.46167,45.87855,1.00000,1.62507,3
0.04903,0.91667,10.45151,1.00000,0.18766,4
0.09652,0.76901,46.12800,1.00000,1.55116,3
0.09509,0.87013,12.10485,1.00000,0.27542,4
0.09508,0.52485,43.05783,1.00000,0.21884,2
0.07574,0.45586,45.49977,1.00000,1.71436,3
0.05809,0.39649,50.76395,1.00000,0.81232,2
0.10024,0.63081,7.64176,1.00000,0.14178,4
0.00024,0.86047,45.43900,0.00000,1.69305,0
0.00040,0.85075,45.13427,0.00000,1.63655,0
0.07484,0.56022,9.61857,1.00000,0.18562,4
0.08652,0.66577,9.31440,1.00000,0.17118,4
0.07269,0.64865,8.68619,1.00000,0.15121,4
0.09308,0.57202,8.95215,1.00000,0.12530,4
0.04101,0.05160,45.53813,0.00000,1.65953,1
0.07759,0.77429,45.98772,1.00000,1.58187,3
0.02683,0.03644,45.88364,0.00000,1.63917,1
0.07488,0.69585,10.00188,1.00000,0.21728,4
0.00011,1.00000,44.77117,1.00000,1.72969,0
0.00016,0.84810,45.66898,0.00000,1.64465,0
0.08909,0.50287,42.39000,1.00000,0.40077,2
0.00002,1.00000,46.25338,1.00000,1.78553,0
0.10914,0.64506,9.32500,1.00000,0.17473,4
0.02421,0.99000,48.00796,1.00000,0.79211,2
0.08189,0.56854,45.29430,1.00000,1.57807,3
0.05976,0.84375,13.11131,1.00000,0.15864,4
0.09192,0.82326,10.29924,1.00000,0.20683,4
0.09302,0.58781,9.75942,1.00000,0.18269,4
0.10434,0.85903,44.59584,1.00000,0.72529,2
0.08300,0.49194,44.77968,1.00000,1.71829,3
0.08540,0.77350,10.74872,1.00000,0.21779,4
0.08515,0.48707,42.14479,1.00000,0.70086,2
0.09851,0.43958,43.56358,1.00000,1.63934,3
0.06657,0.98667,19.56257,1.00000,0.27236,4
0.10016,0.58173,47.41465,1.00000,0.29740,2
0.03523,0.06576,45.03812,0.00000,1.63970,1
0.00005,1.00000,46.09997,1.00000,1.55537,0
0.00012,1.00000,45.12422,1.00000,1.48248,0
0.38791,0.03644,45.36904,0.00000,1.67184,1
0.07474,0.91534,44.27186,1.00000,1.52396,3
0.09707,0.50984,46.28469,1.00000,1.54832,3
0.08199,0.95187,46.35047,1.00000,1.31614,3
0.01430,0.11026,44.53393,1.00000,1.72924,1
0.02858,1.00000,51.22682,1.00000,0.54255,2
0.07250,0.55041,9.67509,1.00000,0.18778,4
0.03475,0.02918,45.26856,0.00000,1.64566,1
0.07558,0.45161,8.09917,1.00000,0.14144,4
0.02435,0.04611,45.10728,1.00000,1.69196,1
0.09898,0.49554,45.81353,1.00000,1.55969,3
0.09928,0.78543,7.99078,1.00000,0.19361,4
0.01198,0.09120,45.24096,0.00000,1.65191,1
0.00001,1.00000,46.15051,1.00000,1.52216,0
0.00006,1.00000,46.83399,1.00000,1.72701,0
0.05427,0.76250,11.39465,1.00000,0.22596,4
0.00024,1.00000,45.50336,1.00000,1.74072,0
0.06180,0.71218,9.74752,1.00000,0.11411,4
0.00012,1.00000,45.97236,1.00000,1.65080,0
0.08130,0.53373,45.59438,1.00000,1.62452,3
0.08251,0.59596,52.65171,1.00000,0.61239,2
0.00008,1.00000,45.18628,1.00000,1.73973,0
0.00964,0.08868,45.23703,0.00000,1.64805,1
0.07974,0.58974,52.07475,1.00000,0.35654,2
0.00001,0.85714,45.54359,0.00000,1.30286,0
0.09569,0.70833,8.76660,1.00000,0.15381,4
0.07282,0.62924,41.49317,1.00000,0.27653,2
0.07694,0.48795,45.20559,1.00000,1.68382,3
0.00838,0.17053,43.70569,0.00000,1.67571,1
0.06873,0.64010,46.04620,1.00000,1.55733,3
0.08643,0.55097,45.91717,1.00000,1.65338,3
0.01228,1.00000,54.95771,1.00000,0.52054,2
0.00133,0.55717,45.53092,1.00000,1.67434,1
0.00193,0.41014,44.63886,1.00000,1.72817,1
0.07304,0.77039,43.43124,1.00000,0.81919,2
0.00025,0.80137,45.77296,0.00000,1.65768,0
0.05668,0.90566,45.95970,1.00000,1.31464,3
0.00920,0.39728,45.93087,1.00000,1.68332,1
0.09130,0.54237,45.81002,1.00000,1.61062,3
0.01780,0.13229,46.27744,1.00000,1.72722,1
0.10127,0.75667,44.89816,1.00000,1.46901,3
0.02456,0.02605,45.35325,0.00000,1.66100,1
0.00005,1.00000,44.16242,1.00000,1.42441,0
0.08485,0.79464,45.51179,1.00000,1.57027,3
0.09155,0.45383,44.64852,1.00000,1.59860,3
0.00009,1.00000,44.27418,1.00000,1.77439,0
0.09011,0.43872,46.59515,1.00000,1.64161,3
0.04818,0.80224,44.21659,1.00000,1.67699,3
0.00945,0.10509,44.80433,0.00000,1.64444,1
0.02034,0.04615,45.49583,1.00000,1.68871,1
0.05887,0.49367,9.71087,1.00000,0.17338,4
0.09543,0.78862,45.82670,1.00000,1.49533,3
0.10157,0.49615,44.51463,1.00000,0.55768,2
0.00110,0.81034,44.84093,0.00000,1.70861,0
0.08062,0.55348,10.27796,1.00000,0.15787,4
0.09178,0.43158,45.64271,1.00000,1.59890,3
0.00008,1.00000,44.99206,1.00000,1.63333,0
0.01851,0.06237,45.26357,1.00000,1.71455,1
0.08594,0.63986,7.09701,1.00000,0.15546,4
0.07202,0.44991,46.96558,1.00000,0.65179,2
0.01130,0.10304,45.43969,1.00000,1.69090,1
0.08562,0.49254,45.27291,1.00000,1.70185,3
0.03494,0.03858,44.85654,0.00000,1.70246,1
0.00693,0.21437,45.15090,0.00000,1.64881,1
0.09940,0.53390,42.82919,1.00000,0.57235,2
0.05546,0.49265,7.44138,1.00000,0.14295,4
0.06419,0.85333,44.77065,1.00000,1.23053,3
0.09524,0.54767,50.87068,1.00000,0.40496,2
0.08892,0.56912,40.93979,1.00000,0.60948,2
0.01661,0.07361,45.32279,1.00000,1.70578,1
0.10296,0.63063,45.11496,1.00000,1.55542,3
0.06702,0.45273,40.34108,1.00000,0.48257,2
0.08887,0.49489,53.27855,1.00000,0.34531,2
0.08951,0.76852,46.00187,1.00000,1.50862,3
0.10011,0.62383,7.86234,1.00000,0.16906,4
0.00006,1.00000,45.99849,1.00000,1.80542,0
0.06446,0.08077,45.17877,1.00000,1.72560,1
0.06723,0.54824,42.40082,1.00000,0.65714,2
0.09315,1.00000,44.64070,1.00000,1.36572,3
0.03634,0.07709,45.81005,1.00000,1.71360,1
0.00004,1.00000,45.90593,1.00000,1.66080,0
0.03320,0.10929,45.63483,0.00000,1.65459,1
0.04661,0.75839,44.66688,1.00000,1.45823,3
0.09696,0.57705,9.08956,1.00000,0.13791,4
0.10328,0.45720,43.06794,1.00000,0.51523,2
0.07643,0.42539,48.87015,1.00000,0.41277,2
0.06167,0.75000,14.49617,1.00000,0.20276,4
0.08966,0.84281,37.87068,1.00000,0.61554,2
0.07890,0.79204,43.94516,1.00000,0.54225,2
0.03512,0.06017,46.00706,1.00000,1.72724,1
0.09368,0.72384,44.75132,1.00000,1.62450,3
0.00004,0.96000,45.84040,0.00000,1.57467,0
0.05717,0.99048,45.11860,1.00000,1.56008,3
0.05873,0.86875,10.21965,1.00000,0.19582,4
0.03208,0.07474,44.99736,1.00000,1.70009,1
0.00005,1.00000,44.48779,1.00000,1.71541,0
0.00012,1.00000,44.88569,1.00000,1.74104,0
0.08223,0.40549,44.78686,1.00000,1.66255,3
0.00009,1.00000,45.92173,1.00000,1.70204,0
0.00021,0.86667,44.23802,0.00000,1.67548,0
0.14122,0.03229,45.81761,0.00000,1.68272,1
0.07157,0.68437,8.94416,1.00000,0.17432,4
0.08616,0.93571,48.06106,1.00000,0.75596,2
0.10070,0.77160,9.05657,1.00000,0.16733,4
0.08135,0.66134,39.02817,1.00000,0.68800,2
0.09830,0.60052,8.64386,1.00000,0.16138,4
0.08453,0.91398,45.56021,1.00000,1.49731,3
0.03154,0.06911,44.81251,0.00000,1.63964,1
0.07682,0.70846,9.89956,1.00000,0.18455,4
0.06033,0.49538,45.31114,1.00000,1.61656,3
0.03891,0.10652,44.00144,1.00000,1.68669,1
0.00082,1.00000,45.41481,1.00000,1.65004,0
0.08169,0.60345,44.65579,1.00000,1.54121,3
0.02496,0.05252,45.83212,1.00000,1.71842,1
0.00103,0.84076,46.17894,0.00000,1.65024,0
0.08829,0.44487,45.96313,1.00000,1.58534,3
0.08066,0.50716,45.54539,1.00000,1.60178,3
0.00716,0.15940,45.24515,1.00000,1.71343,1
0.10059,0.57940,44.95136,1.00000,1.65517,3
0.07633,0.65426,41.93440,1.00000,0.36920,2
0.09210,0.88446,45.40216,1.00000,1.37611,3
0.07828,0.57570,43.75727,1.00000,0.63175,2
0.08644,0.72727,10.50662,1.00000,0.17408,4
0.00016,1.00000,45.11455,1.00000,1.69027,0
0.09213,0.54265,44.81785,1.00000,1.59885,3
0.09245,0.72800,9.29349,1.00000,0.14591,4
0.06200,0.90756,57.42737,1.00000,0.13823,2
0.01568,0.05797,44.60554,1.00000,1.72706,1
0.10149,0.49795,46.94735,1.00000,1.57298,3
0.09310,0.57269,9.44263,1.00000,0.16481,4
0.08265,0.43540,47.59920,1.00000,0.33021,2
0.00103,0.78273,44.51206,1.00000,1.71727,1
0.09258,0.57771,9.42371,1.00000,0.19288,4
0.00677,0.21612,45.45938,1.00000,1.71543,1
0.00083,0.79048,45.77151,0.00000,1.66493,0
0.00021,1.00000,42.98629,1.00000,1.81515,0
0.06775,0.85854,47.70939,1.00000,0.60916,2
0.11139,0.83904,8.92368,1.00000,0.16894,4
0.09161,0.47619,45.50470,1.00000,0.61499,2
0.00003,1.00000,45.93969,1.00000,1.61507,0
0.08020,0.73156,38.61991,1.00000,0.35204,2
0.07692,0.62644,7.88534,1.00000,0.13291,4
0.41822,0.03236,46.44056,0.00000,1.66495,1
0.07603,0.48160,10.73963,1.00000,0.17597,4
0.07980,0.73958,10.08291,1.00000,0.19832,4
0.10578,0.44755,45.58488,1.00000,1.49851,3
0.01631,0.04933,45.38393,0.00000,1.65402,1
0.00003,1.00000,45.28580,1.00000,1.75552,0
0.09899,0.51553,46.44516,1.00000,1.50908,3
0.07903,0.67342,43.70472,1.00000,1.48763,3
0.08731,0.43643,46.06018,1.00000,0.72173,2
0.03049,0.97000,46.56919,1.00000,1.50491,3
0.03659,0.80427,46.51252,1.00000,1.33634,3
0.00001,1.00000,44.23144,1.00000,1.29351,0
0.00882,0.13723,45.18193,0.00000,1.66219,1
0.07511,0.53659,8.39390,1.00000,0.17289,4
0.08851,0.47297,45.23034,1.00000,1.67055,3
0.12740,0.04277,44.65965,0.00000,1.63960,1
0.48410,0.05676,44.84107,1.00000,1.72458,1
0.06765,0.56048,44.48898,1.00000,1.68234,3
0.00018,1.00000,44.78353,1.00000,1.76211,0
0.06741,0.82773,43.73296,1.00000,0.56600,2
0.08745,0.62125,8.22078,1.00000,0.15124,4
0.08580,0.53680,45.53299,1.00000,0.61144,2
0.07421,0.70755,47.28911,1.00000,0.79721,2
0.01091,0.07953,45.42283,0.00000,1.64926,1
0.07736,0.48762,46.20416,1.00000,1.63002,3
0.08511,0.46538,47.62668,1.00000,0.80626,2
0.00052,0.95694,44.78675,1.00000,1.71124,1
0.08787,0.44256,45.57973,1.00000,1.65314,3
0.07540,0.54527,45.38572,1.00000,1.70757,3
0.00044,1.00000,47.10873,1.00000,1.61268,0
0.09120,0.57680,8.93209,1.00000,0.14826,4
0.09772,0.48665,51.83944,1.00000,0.42685,2
0.07593,0.63798,11.37886,1.00000,0.17717,4
0.02188,0.09032,44.85693,1.00000,1.71879,1
0.10529,0.91018,45.43210,1.00000,1.12740,3
0.07548,0.69741,45.43967,1.00000,1.61675,3
0.08397,0.83691,43.88790,1.00000,1.75231,3
0.05204,0.58667,44.92403,1.00000,1.52382,3
0.07223,0.61461,7.94647,1.00000,0.15045,4
0.04181,0.93103,45.13642,1.00000,1.49972,3
0.06883,0.91096,44.51883,1.00000,1.51655,3
0.08445,0.45809,45.23552,1.00000,1.65458,3
0.09678,0.45741,46.49833,1.00000,1.59048,3
0.05528,0.98305,14.46523,1.00000,0.13268,4
0.06711,0.63520,8.18829,1.00000,0.15403,4
0.05611,0.81569,48.06329,1.00000,0.33449,2
0.09334,0.40966,49.11202,1.00000,0.69635,2
0.09118,0.51451,46.91826,1.00000,0.58546,2
0.00037,1.00000,45.73005,1.00000,1.80518,0
0.00014,0.82222,45.11595,0.00000,1.60218,0
0.00827,0.19686,44.40791,1.00000,1.71036,1
0.10029,0.60488,45.24729,1.00000,1.49997,3
0.00080,0.85366,46.33138,0.00000,1.61725,0
0.21078,0.03226,44.89491,0.00000,1.65931,1
0.09582,0.41869,45.15976,1.00000,1.61812,3
0.02172,0.05139,44.43569,0.00000,1.67446,1
0.09109,0.44041,44.43120,1.00000,0.51763,2
0.08515,0.50210,44.50099,1.00000,1.49341,3
0.02138,0.13378,45.99820,1.00000,1.71649,1
0.08999,0.43347,48.50638,1.00000,0.64068,2
0.09034,0.63142,44.71171,1.00000,0.55799,2
0.08079,0.84810,45.38911,1.00000,1.45383,3
0.06939,0.89922,53.80072,1.00000,0.46754,2
0.07700,0.61250,45.12638,1.00000,1.54232,3
0.06261,0.63736,9.23391,1.00000,0.20990,4
0.01114,0.07839,44.90234,0.00000,1.61638,1
0.09059,0.54032,8.81400,1.00000,0.13669,4
0.06279,0.70288,9.35930,1.00000,0.16812,4
0.05081,0.92391,10.95807,1.00000,0.12970,4
0.09545,0.68927,10.48041,1.00000,0.19149,4
0.09052,0.50395,48.05897,1.00000,0.75033,2
0.00020,1.00000,44.94952,1.00000,1.68805,0
0.08553,0.43210,46.71240,1.00000,1.63766,3
0.09594,0.50379,46.00237,1.00000,1.59866,3
0.07852,0.57534,7.83518,1.00000,0.13062,4
0.00011,1.00000,44.22202,1.00000,1.76655,0
0.06507,0.73973,46.43065,1.00000,1.58102,3
0.08921,0.53362,8.48734,1.00000,0.15237,4
0.07658,0.63559,8.46928,1.00000,0.13122,4
0.08770,0.61942,7.44544,1.00000,0.13881,4
0.08825,0.61567,8.24901,1.00000,0.12981,4
0.07579,0.87739,46.26020,1.00000,1.60762,3
0.06649,0.58378,8.32990,1.00000,0.13714,4
0.00004,1.00000,44.45477,1.00000,1.81265,0
0.01311,0.12225,45.21216,1.00000,1.70962,1
0.01164,0.09978,43.59359,1.00000,1.71468,1
0.06270,0.96970,46.51022,1.00000,1.50694,3
0.00021,0.79096,45.86623,0.00000,1.66408,0
0.08331,0.50280,46.64759,1.00000,0.61545,2
0.07635,0.63712,48.12903,1.00000,0.37824,2
0.00006,1.00000,45.80473,1.00000,1.65751,0
0.08876,0.72180,11.11720,1.00000,0.19787,4
0.00001,1.00000,44.98776,1.00000,1.05889,0
0.00007,1.00000,44.61674,1.00000,1.72895,0
0.00189,0.78431,46.03009,0.00000,1.63304,0
0.01427,0.13998,45.07612,1.00000,1.70844,1
0.02162,0.14334,46.38609,0.00000,1.68818,1
0.09729,0.52039,45.05660,1.00000,1.51111,3
0.00006,0.97059,46.46465,1.00000,1.73335,0
0.00012,1.00000,45.30536,1.00000,1.53339,0
0.08731,0.79200,9.32755,1.00000,0.17782,4
0.09229,0.97794,45.25751,1.00000,1.30961,3
0.00028,0.80838,44.29135,0.00000,1.64469,0
0.00007,1.00000,44.92946,1.00000,1.74219,0
0.09554,0.41216,42.25220,1.00000,0.66681,2
0.00093,1.00000,45.80556,1.00000,1.77101,0
0.08933,0.55584,8.08334,1.00000,0.14052,4
0.05916,0.54004,44.66039,1.00000,1.41078,3
0.05858,1.00000,44.79522,1.00000,0.51232,2
0.00001,0.85714,45.97785,1.00000,1.64025,0
0.00032,0.97872,47.43257,1.00000,1.76331,0
0.07245,0.62614,8.91974,1.00000,0.16088,4
0.09104,0.50881,45.04099,1.00000,1.65648,3
0.08921,0.43828,47.72201,1.00000,0.77322,2
0.08841,0.56863,45.72793,1.00000,0.84529,2
0.08762,0.69077,46.09069,1.00000,0.31979,2
0.08536,0.55076,9.04226,1.00000,0.18962,4
0.05862,0.94928,46.29620,1.00000,1.04742,3
0.07880,0.69498,9.20637,1.00000,0.20395,4
0.10452,0.72078,45.02062,1.00000,1.51163,3
0.08604,0.66197,9.33611,1.00000,0.18232,4
0.02687,0.04933,44.89289,1.00000,1.72879,1
0.00089,0.85000,45.35490,0.00000,1.68278,0
0.06553,0.06341,44.15380,1.00000,1.68694,1
0.08375,0.03434,45.41910,0.00000,1.68478,1
0.08257,0.65836,8.58643,1.00000,0.12981,4
0.05521,0.89080,11.78965,1.00000,0.24463,4
0.07493,0.52355,10.83932,1.00000,0.19850,4
0.07680,0.61950,6.56837,1.00000,0.13418,4
0.06098,0.51230,45.49353,1.00000,1.67377,3
0.07210,0.65068,44.97163,1.00000,1.61357,3
0.08589,0.51435,39.06885,1.00000,0.59096,2
0.07156,0.03644,43.65989,0.00000,1.63476,1
0.09100,0.78440,9.79312,1.00000,0.18836,4
0.10160,0.54545,8.94713,1.00000,0.18510,4
0.10661,0.94611,45.63439,1.00000,1.04949,3
0.04404,0.90541,11.52392,1.00000,0.17129,4
0.07759,0.62865,10.53145,1.00000,0.18851,4
0.07041,0.57746,45.18003,1.00000,1.67751,3
0.03181,0.06492,44.76938,1.00000,1.70727,1
0.02574,0.06563,44.03318,1.00000,1.71021,1
0.10808,0.60174,8.90033,1.00000,0.15161,4
0.04256,0.76364,13.05483,1.00000,0.16262,4
0.06898,0.80935,46.28560,1.00000,0.43919,2
0.07165,0.87215,46.89594,1.00000,0.49619,2
0.09778,0.64508,44.99136,1.00000,1.64683,3
0.00010,0.98039,45.97876,1.00000,1.67647,0
0.00109,1.00000,45.42998,1.00000,1.70088,0
0.03076,0.04499,45.45665,0.00000,1.64286,1
0.09864,0.56393,43.50977,1.00000,1.63064,3
0.01159,0.08877,45.19363,1.00000,1.72363,1
0.00157,0.82273,44.24087,0.00000,1.66536,0
0.01343,0.07489,44.74586,0.00000,1.65460,1
0.07242,0.12389,44.02329,1.00000,1.70153,1
0.07447,0.73746,45.83192,1.00000,1.20740,3
0.06293,0.56763,45.48675,1.00000,1.66032,3
0.00012,0.87931,45.44958,0.00000,1.62019,0
0.09964,0.94340,8.84408,1.00000,0.21685,4
0.10022,1.00000,50.12738,1.00000,0.78634,2
0.04474,1.00000,16.79420,1.00000,0.16393,4
0.09230,0.50885,45.74077,1.00000,0.44182,2
0.01735,0.06231,45.41410,1.00000,1.70526,1
0.08643,0.55412,8.76103,1.00000,0.15598,4
0.06714,0.98148,53.71675,1.00000,0.49918,2
0.00003,1.00000,46.00901,1.00000,1.68875,0
0.09744,0.49722,46.95041,1.00000,0.54927,2
0.00013,1.00000,45.34195,1.00000,1.75963,0
0.04458,0.07345,45.47774,0.00000,1.65094,1
0.08855,0.70811,48.43889,1.00000,0.64612,2
0.08064,0.48571,45.73353,1.00000,1.57418,3
0.05747,0.59413,9.55919,1.00000,0.14430,4
0.00488,0.16999,46.48249,1.00000,1.68211,1
0.06389,0.53886,9.11421,1.00000,0.15649,4
0.07665,0.62973,48.79444,1.00000,0.38658,2
0.07412,0.60769,8.97502,1.00000,0.17314,4
0.00029,1.00000,46.14321,1.00000,1.71449,0
0.01448,0.07489,45.99429,1.00000,1.71453,1
0.09380,0.59796,48.69565,1.00000,0.38687,2
0.08350,0.48660,43.85616,1.00000,0.75849,2
0.07277,0.54108,9.77577,1.00000,0.18091,4
0.00007,1.00000,44.61177,1.00000,1.75375,0
0.04851,0.71318,11.47998,1.00000,0.19112,4
0.01044,0.23354,46.46336,1.00000,1.67117,1
0.06481,0.74126,52.17841,1.00000,0.73614,2
0.00061,0.85034,44.84967,0.00000,1.66205,0
0.09427,0.67925,8.78510,1.00000,0.16294,4
0.00001,1.00000,46.15194,1.00000,0.63256,0
0.09246,0.43310,52.76093,1.00000,0.76837,2
0.00052,1.00000,45.14425,1.00000,1.58829,0
0.09090,0.87132,45.42139,1.00000,1.44793,3
0.00020,1.00000,44.96706,1.00000,1.70430,0
0.01574,0.05579,46.78157,1.00000,1.69420,1
0.05921,0.70229,9.87261,1.00000,0.18637,4
0.00027,0.95455,44.99336,0.00000,1.62951,0
0.07051,0.57359,11.83088,1.00000,0.19862,4
0.00001,1.00000,46.43220,1.00000,1.66894,0
0.02014,0.05139,44.77923,1.00000,1.70771,1
0.00005,1.00000,45.57784,1.00000,1.67472,0
0.06825,0.55035,45.03975,1.00000,1.60094,3
0.07409,0.73054,43.73165,1.00000,1.64963,3
0.07660,0.55760,49.80955,1.00000,0.38057,2
0.07665,0.56233,10.43365,1.00000,0.18374,4
0.00018,1.00000,45.53725,1.00000,1.46489,0
0.08887,0.40902,45.94587,1.00000,1.64958,3
0.00003,1.00000,46.42938,1.00000,1.82388,0
0.00080,0.79370,46.10153,1.00000,1.71975,1
0.06577,0.38640,41.47348,1.00000,0.64404,2
0.06268,0.68912,42.17615,1.00000,0.09274,2
0.08218,0.49194,48.40706,1.00000,0.58899,2
0.00013,1.00000,46.26394,1.00000,1.72396,0
0.09060,0.44862,46.12703,1.00000,0.46760,2
0.00010,1.00000,46.16576,1.00000,1.71380,0
0.09200,0.65495,9.80040,1.00000,0.16885,4
0.10042,0.46237,47.78339,1.00000,0.40426,2
0.10475,0.41786,45.76187,1.00000,1.53031,3
0.09633,0.58726,8.43270,1.00000,0.18715,4
0.05556,0.04703,45.37755,0.00000,1.65069,1
0.02686,0.04494,45.52278,0.00000,1.61155,1
0.00966,0.10326,45.88841,1.00000,1.69408,1
0.09875,0.42832,45.47438,1.00000,0.76590,2
0.01241,0.11294,44.67929,0.00000,1.64847,1
0.05207,0.72250,44.68716,1.00000,1.41997,3
0.08561,0.40132,46.66502,1.00000,1.72071,3
0.08280,0.50201,45.81312,1.00000,1.40405,3
0.06583,0.60241,8.55522,1.00000,0.17300,4
0.02575,0.12459,44.48956,1.00000,1.70493,1
0.02665,0.04718,46.22844,1.00000,1.71673,1
0.02552,0.11111,45.44040,0.00000,1.66962,1
0.01692,0.05258,44.96125,1.00000,1.71865,1
0.08433,0.43772,45.19612,1.00000,1.65330,3
0.09690,0.47093,42.40681,1.00000,0.31596,2
0.08649,0.51789,45.71355,1.00000,1.70090,3
0.02810,0.73889,11.03895,1.00000,0.17727,4
0.02063,0.04388,44.44562,0.00000,1.65194,1
0.06590,0.60411,10.44208,1.00000,0.19822,4
0.07792,0.49459,8.74244,1.00000,0.20224,4
0.00879,0.40147,46.28483,1.00000,1.70843,1
0.00599,0.51309,45.92814,1.00000,1.72454,1
0.00372,0.20550,43.69956,1.00000,1.72577,1
0.07216,0.61961,9.17278,1.00000,0.15833,4
0.04153,0.92593,45.08769,1.00000,1.14803,3
0.04925,1.00000,50.87906,1.00000,0.69542,2
0.00026,1.00000,45.73719,1.00000,1.69818,0
0.08508,0.64087,36.31659,1.00000,0.61416,2
0.08509,0.58577,44.81337,1.00000,1.52305,3
0.07253,0.62168,45.89872,1.00000,1.58784,3
0.03437,0.05464,44.65087,1.00000,1.69336,1
0.07107,0.56667,44.93185,1.00000,1.66393,3
0.06123,0.26573,45.68120,1.00000,1.71521,1
0.09420,0.55584,46.89207,1.00000,0.29137,2
0.01467,0.08714,45.59415,1.00000,1.69976,1
0.08444,0.74912,9.03145,1.00000,0.15357,4
0.05910,0.61558,9.99013,1.00000,0.17811,4
0.08341,0.67702,9.55759,1.00000,0.17513,4
0.05801,0.48000,45.34000,1.00000,1.70603,3
0.00006,1.00000,45.80929,1.00000,1.57501,0
0.00018,1.00000,45.14799,1.00000,1.61162,0
0.08659,0.86192,45.90871,1.00000,1.68266,3
0.00023,0.86508,45.57205,0.00000,1.68314,0
0.00008,1.00000,45.30180,1.00000,1.65361,0
0.08478,0.61168,51.63246,1.00000,0.37445,2
0.00006,1.00000,45.61554,1.00000,1.68004,0
0.25229,0.10401,46.18822,1.00000,1.69490,1
0.00005,1.00000,45.68561,1.00000,1.75420,0
0.00018,1.00000,44.31284,1.00000,1.61975,0
0.06631,0.87558,45.37171,1.00000,1.49687,3
0.00107,0.63466,45.33565,0.00000,1.66655,1
0.10258,0.71148,8.68986,1.00000,0.16406,4
0.08197,0.49904,45.30895,1.00000,0.54640,2
0.00044,0.80660,45.48944,0.00000,1.63119,0
0.09996,0.50429,45.89266,1.00000,1.56137,3
0.02037,0.05682,44.36966,1.00000,1.69738,1
0.05132,0.58314,45.24573,1.00000,1.57453,3
0.08871,0.54646,44.54098,1.00000,1.57968,3
0.09306,0.57589,45.53553,1.00000,1.65924,3
0.08154,0.03539,45.75972,0.00000,1.63895,1
0.04562,0.56766,9.43809,1.00000,0.12932,4
0.00005,1.00000,45.02859,1.00000,1.68765,0
0.06876,0.54390,44.44683,1.00000,1.68464,3
0.04451,0.06695,44.29606,1.00000,1.69753,1
0.08607,0.61250,6.68828,1.00000,0.11712,4
0.02392,0.04918,45.47376,1.00000,1.70503,1
0.00004,1.00000,44.74626,1.00000,1.78180,0
0.01460,0.06341,45.34720,1.00000,1.71667,1
0.00912,0.40916,46.54632,1.00000,1.68077,1
0.08931,0.92562,44.00748,1.00000,1.53090,3
0.04370,0.07038,44.20970,1.00000,1.70012,1
0.01319,0.07143,46.00088,1.00000,1.70713,1
0.05682,0.73448,47.65594,1.00000,0.76600,2
0.08843,0.49900,39.58859,1.00000,0.51123,2
0.01277,0.10543,45.43829,1.00000,1.70389,1
0.06320,0.49287,43.65785,1.00000,1.63237,3
0.00690,0.19290,44.86772,1.00000,1.70794,1
0.07715,0.58594,8.92570,1.00000,0.13384,4
0.08836,0.80205,46.06542,1.00000,0.11586,2
0.07141,0.69582,9.78812,1.00000,0.14436,4
0.08929,0.48924,46.01576,1.00000,1.72073,3
0.18284,0.07627,45.05546,0.00000,1.65258,1
0.00097,1.00000,44.43975,1.00000,1.74894,0
0.04274,0.87379,10.47662,1.00000,0.14032,4
0.00765,0.19570,45.10657,1.00000,1.69380,1
0.08233,0.53988,44.60358,1.00000,1.60412,3
0.06589,0.43561,43.61652,1.00000,0.45256,2
0.00044,0.82682,46.24284,0.00000,1.68508,0
0.08352,0.55635,8.18011,1.00000,0.15789,4
0.09561,0.51829,46.93503,1.00000,0.61812,2
0.06903,0.56468,9.04257,1.00000,0.14106,4
0.04489,0.85833,11.52245,1.00000,0.18188,4
0.00001,1.00000,44.81379,1.00000,0.69246,0
0.07127,0.95652,46.25828,1.00000,1.04443,3
0.00013,1.00000,45.05330,1.00000,1.65351,0
0.04101,0.98795,51.53623,1.00000,0.55653,2
0.06661,0.82879,45.13789,1.00000,1.48346,3
0.01212,0.05590,44.30226,0.00000,1.66177,1
0.08533,0.44673,46.12151,1.00000,1.66857,3
0.00008,1.00000,46.20438,1.00000,1.51109,0
0.06534,0.44366,45.54557,1.00000,1.58227,3
0.04496,0.98387,53.61181,1.00000,0.47168,2
0.08803,0.54234,8.38007,1.00000,0.17463,4
0.09583,0.43455,46.06242,1.00000,1.51064,3
0.08961,0.85714,9.55722,1.00000,0.19674,4
0.05398,0.60471,45.60605,1.00000,1.65404,3
0.09019,0.93711,45.78293,1.00000,1.50846,3
0.08508,0.47571,44.78964,1.00000,0.41821,2
0.06716,0.97484,46.32707,1.00000,0.49037,2
0.03734,0.09003,44.46132,1.00000,1.71307,1
0.00006,1.00000,44.93012,1.00000,1.55293,0
0.00298,0.43653,44.80755,1.00000,1.69941,1
0.00041,0.84444,45.23615,0.00000,1.57772,0
0.00007,1.00000,43.91361,1.00000,1.74044,0
0.06026,0.75529,7.73059,1.00000,0.17766,4
0.07013,0.05361,45.08465,1.00000,1.71415,1
0.00005,1.00000,44.95009,1.00000,1.81369,0
0.00001,1.00000,44.55556,1.00000,0.99403,0
0.02130,0.14576,45.62163,1.00000,1.69718,1
0.02035,0.04517,44.44202,0.00000,1.62298,1
0.00760,0.32094,46.08197,1.00000,1.71630,1
0.00007,0.96875,45.53888,1.00000,1.73379,0
0.07826,0.79853,52.20042,1.00000,0.82621,2
0.07397,0.47368,47.84942,1.00000,0.43626,2
0.08862,0.56738,52.13577,1.00000,0.43997,2
0.06608,0.43414,51.59330,1.00000,0.53487,2
0.00013,1.00000,45.51466,1.00000,1.62051,0
0.17841,0.03226,45.88145,0.00000,1.65392,1
0.00005,1.00000,44.85341,1.00000,1.74786,0
0.04026,0.86466,45.71148,1.00000,1.50873,3
0.10480,0.50439,45.06602,1.00000,0.66627,2
0.08642,0.51533,46.66536,1.00000,0.57422,2
0.10064,0.47249,45.08156,1.00000,1.51434,3
0.05700,0.61353,42.59262,1.00000,0.59650,2
0.01756,0.05144,44.69459,0.00000,1.63527,1
0.25910,0.04171,46.77928,0.00000,1.61809,1
0.09382,0.58333,45.64134,1.00000,1.59808,3
0.07052,0.20848,45.42620,1.00000,1.70104,1
0.00036,1.00000,45.17754,1.00000,1.59979,0
0.04050,0.58667,9.80745,1.00000,0.16451,4
0.07077,1.00000,10.17982,1.00000,0.11387,4
0.00002,1.00000,46.28207,1.00000,1.35622,0
0.07832,0.66480,53.11470,1.00000,0.20375,2
0.10160,0.43455,46.04298,1.00000,1.50397,3
0.05450,0.59233,10.24450,1.00000,0.16097,4
0.04617,0.84896,44.21614,1.00000,1.55269,3
0.09592,0.66940,47.66635,1.00000,0.65264,2
0.00009,1.00000,44.87149,1.00000,1.71573,0
0.06550,0.67147,45.25007,1.00000,1.39209,3
0.05001,0.90452,45.77056,1.00000,1.73045,3
0.07218,0.76448,9.06173,1.00000,0.17143,4
0.09753,0.62648,44.59858,1.00000,1.65791,3
0.07728,0.58879,44.82052,1.00000,1.62126,3
0.09562,0.49400,45.16532,1.00000,1.66025,3
0.01913,0.05470,44.01821,0.00000,1.64077,1
0.10305,0.45741,45.47528,1.00000,1.50923,3
0.10109,0.47808,45.35877,1.00000,1.48623,3
0.01350,0.15034,44.34713,1.00000,1.66775,1
0.06083,0.55446,8.30551,1.00000,0.14964,4
0.06365,0.78154,47.47558,1.00000,0.49257,2
0.01432,0.06695,45.69343,1.00000,1.72959,1
0.10536,0.73333,9.62916,1.00000,0.17277,4
0.08265,0.96319,50.92000,1.00000,0.72042,2
0.00011,1.00000,44.01950,1.00000,1.68922,0
0.02920,0.76190,11.28824,1.00000,0.23302,4
0.06107,0.88477,51.11824,1.00000,0.44669,2
0.03582,0.02708,44.54756,0.00000,1.69222,1
0.07819,0.66114,45.71938,1.00000,1.65860,3
0.06658,0.05913,43.90935,1.00000,1.71143,1
0.00012,1.00000,46.13677,1.00000,1.75539,0
0.08346,0.66216,44.76204,1.00000,1.32505,3
0.04633,0.57317,9.97131,1.00000,0.15483,4
0.02872,0.02605,45.32091,0.00000,1.61786,1
0.07428,0.71661,43.51249,1.00000,0.25965,2
0.08345,0.80498,7.76137,1.00000,0.16267,4
0.00244,0.40061,45.60412,1.00000,1.66320,1
0.09193,0.51243,42.75745,1.00000,0.63167,2
0.01471,0.09570,45.45917,1.00000,1.74191,1
0.00989,0.26772,46.32967,0.00000,1.65100,1
0.08570,0.43167,45.50961,1.00000,1.69973,3
0.04503,0.76375,44.69020,1.00000,1.30366,3
0.06716,0.78439,45.19659,1.00000,0.38565,2
0.08241,0.48771,48.54943,1.00000,0.47654,2
0.06896,0.63279,46.34367,1.00000,0.70118,2
0.09133,0.52103,42.04414,1.00000,0.26967,2
0.06573,0.41975,43.90192,1.00000,0.46358,2
0.02869,0.11172,45.37103,1.00000,1.69199,1
0.09102,0.54466,45.37043,1.00000,1.69892,3
0.00002,1.00000,45.74819,1.00000,1.55862,0
0.01992,0.06465,43.71495,1.00000,1.70166,1
0.09639,0.52229,45.90170,1.00000,0.62613,2
0.00008,1.00000,44.11521,1.00000,1.79736,0
0.00041,1.00000,43.84092,1.00000,1.75749,0
0.09596,0.70765,44.49935,1.00000,0.70111,2
0.06941,0.87619,9.93520,1.00000,0.14712,4
0.04315,0.02505,45.50385,0.00000,1.66221,1
0.00009,1.00000,43.98684,1.00000,1.65877,0
0.04930,0.02400,44.86566,0.00000,1.65878,1
0.09931,0.40970,44.64717,1.00000,1.62451,3
0.08767,0.73444,9.85126,1.00000,0.16543,4
0.00013,0.82609,46.47346,0.00000,1.62649,0
0.00002,1.00000,45.56941,1.00000,1.78121,0
0.09446,0.73047,10.61574,1.00000,0.17526,4
0.06806,0.65598,6.68634,1.00000,0.13187,4
0.08221,0.65579,44.22428,1.00000,0.68467,2
0.10957,0.76833,47.94978,1.00000,0.55262,2
0.00033,1.00000,45.13362,1.00000,1.69145,0
0.01424,0.06263,45.95344,0.00000,1.64683,1
0.00705,0.10262,44.77570,1.00000,1.67692,1
0.09396,0.59031,10.34102,1.00000,0.18294,4
0.00011,1.00000,45.46421,1.00000,1.70711,0
0.10574,0.62899,7.00078,1.00000,0.12004,4
0.09638,0.59557,8.59215,1.00000,0.16250,4
0.08950,0.52929,43.48839,1.00000,0.63978,2
0.00021,1.00000,43.92487,1.00000,1.77198,0
0.08377,0.70000,9.91438,1.00000,0.19421,4
0.00837,0.18300,45.42953,1.00000,1.72607,1
0.06104,0.91509,14.53591,1.00000,0.20393,4
0.00049,0.81395,45.76222,0.00000,1.63539,0
0.08503,0.48819,45.80418,1.00000,1.56553,3
0.09662,0.41584,45.26619,1.00000,1.66154,3
0.00077,0.79882,44.60816,0.00000,1.65692,0
0.07620,0.07709,46.19212,0.00000,1.65527,1
0.00032,1.00000,46.06245,1.00000,1.66095,0
0.01878,0.05682,46.25582,1.00000,1.72469,1
0.07250,0.79851,44.43373,1.00000,1.51416,3
0.07994,0.64159,9.62183,1.00000,0.13616,4
0.00737,0.14857,45.47651,1.00000,1.69981,1
0.03787,0.87097,11.05317,1.00000,0.16650,4
0.00009,1.00000,44.83511,1.00000,1.65165,0
0.03207,0.05579,46.22265,0.00000,1.65984,1
0.07492,0.72340,7.83863,1.00000,0.15325,4
0.00059,1.00000,45.95038,1.00000,1.64253,0
0.08622,0.44182,44.95903,1.00000,1.62760,3
0.08358,0.72185,9.77353,1.00000,0.16573,4
0.10153,0.66556,44.03298,1.00000,1.37879,3
0.08932,0.42471,46.57550,1.00000,0.55181,2
0.00554,0.15155,45.55197,0.00000,1.66498,1
0.00011,1.00000,45.33977,1.00000,1.65748,0
0.09078,0.52390,45.24305,1.00000,1.56483,3
0.07936,0.60085,50.97347,1.00000,0.69894,2
0.02056,0.32645,45.60388,1.00000,1.70913,1
0.01995,0.49376,45.19522,0.00000,1.63774,1
0.00764,0.10846,46.24573,1.00000,1.72320,1
0.08302,0.61782,7.30182,1.00000,0.13607,4
0.00007,1.00000,46.18699,1.00000,1.78668,0
0.09247,0.57389,44.99458,1.00000,0.82407,2
0.07335,0.89600,9.06401,1.00000,0.11329,4
0.02203,0.04281,44.28328,0.00000,1.65964,1
0.00002,1.00000,46.18613,1.00000,1.75446,0
0.08395,0.75588,46.24539,1.00000,1.52308,3
0.01264,0.70309,44.94651,1.00000,1.73484,1
0.08105,0.48244,44.27364,1.00000,0.39669,2
0.08174,0.49798,47.81993,1.00000,0.56051,2
0.05782,0.76573,7.99956,1.00000,0.15084,4
0.08398,0.60804,43.12202,1.00000,0.67220,2
0.00026,0.82915,46.14120,0.00000,1.64751,0
0.08108,0.79868,44.83280,1.00000,1.45550,3
0.00021,1.00000,44.20138,1.00000,1.66499,0
0.06258,0.56555,9.88329,1.00000,0.20212,4
0.09194,0.62779,45.20437,1.00000,1.68610,3
0.11023,0.58986,48.31646,1.00000,0.36039,2
0.09170,0.57442,9.39234,1.00000,0.18336,4
0.00013,1.00000,45.64285,1.00000,1.80631,0
0.00029,0.88889,44.82140,0.00000,1.63177,0
0.02146,0.07150,45.15950,1.00000,1.74245,1
0.07759,0.55446,9.01826,1.00000,0.15275,4
0.09293,0.40313,45.19497,1.00000,1.54036,3
0.00075,1.00000,46.05146,1.00000,1.77436,0
0.09310,0.62341,9.59823,1.00000,0.18600,4
0.07734,0.71975,45.95917,1.00000,1.49183,3
0.01467,0.06799,46.72711,0.00000,1.65054,1
0.10069,0.60412,44.54095,1.00000,1.58744,3
0.08941,0.40687,43.96113,1.00000,0.74220,2
0.08433,0.04286,45.63849,0.00000,1.64836,1
0.01205,0.11331,44.06041,0.00000,1.64412,1
0.05707,0.68000,40.46619,1.00000,0.21884,2
0.00012,1.00000,44.63383,1.00000,1.77906,0
0.08471,0.46838,46.04791,1.00000,1.61357,3
0.08733,0.61026,45.46776,1.00000,1.63068,3
0.10613,0.50564,45.04564,1.00000,1.52898,3
0.06895,0.86364,9.68976,1.00000,0.15586,4
0.10721,0.57452,9.58969,1.00000,0.18205,4
0.07990,0.81061,45.03831,1.00000,1.73888,3
0.09657,0.66667,9.53202,1.00000,0.19149,4
0.06097,0.74306,8.73562,1.00000,0.17205,4
0.00001,1.00000,44.32624,1.00000,1.75701,0
0.02799,0.11823,45.74338,0.00000,1.65063,1
0.08467,0.70242,9.56549,1.00000,0.19823,4
0.00022,1.00000,46.53784,1.00000,1.60403,0
0.06828,0.43069,45.78502,1.00000,1.68837,3
0.01132,0.06250,45.03791,1.00000,1.73331,1
0.06276,0.95283,8.41163,1.00000,0.11687,4
0.11627,0.94565,50.76636,1.00000,0.85620,2
0.08368,0.52355,9.85093,1.00000,0.15864,4
0.00422,0.98333,12.84495,1.00000,0.25099,4
0.09993,0.75684,8.85028,1.00000,0.18692,4
0.00012,1.00000,44.34822,1.00000,1.69710,0
0.08656,0.56158,45.55347,1.00000,1.55555,3
0.00003,1.00000,44.64237,1.00000,1.80265,0
0.02822,0.06231,45.34624,1.00000,1.72338,1
0.03622,1.00000,54.44346,1.00000,0.48147,2
0.07060,0.03441,45.48880,0.00000,1.64248,1
0.09073,0.56164,7.68857,1.00000,0.16623,4
0.07985,0.72254,45.49757,1.00000,1.56581,3
0.07157,0.83857,10.24373,1.00000,0.12971,4
0.06228,0.64238,7.12803,1.00000,0.14794,4
0.04292,0.04494,44.32174,0.00000,1.66135,1
0.05626,0.75940,8.51084,1.00000,0.20926,4
0.06315,0.85830,46.43569,1.00000,1.19069,3
0.07950,0.46111,44.98688,1.00000,1.67913,3
0.00040,1.00000,45.30336,1.00000,1.74024,0
0.00004,1.00000,44.43388,1.00000,1.69847,0
0.01418,0.06452,44.41847,1.00000,1.69451,1
0.00007,1.00000,44.76081,1.00000,1.69415,0
0.09807,0.51738,43.80874,1.00000,1.55196,3
0.07529,0.50924,51.98168,1.00000,0.34122,2
0.00493,0.20240,44.49424,1.00000,1.69767,1
0.01678,0.05579,45.86688,1.00000,1.71667,1
0.07884,0.72013,46.20000,1.00000,1.39298,3
0.09664,0.40519,45.04677,1.00000,1.52117,3
0.00701,0.13550,43.64398,1.00000,1.68877,1
0.02129,0.30459,44.72858,0.00000,1.64894,1
0.07183,0.78295,44.45807,1.00000,1.45943,3
0.00008,1.00000,45.03990,1.00000,1.75637,0
0.04229,0.03963,45.12081,0.00000,1.65629,1
0.10259,0.93571,10.06783,1.00000,0.24297,4
0.08352,0.41986,46.13385,1.00000,1.66440,3
0.08407,0.83737,46.17127,1.00000,0.67741,2
0.06778,0.44597,9.51053,1.00000,0.18871,4
0.01281,0.10043,46.13191,0.00000,1.64589,1
0.06016,0.81720,14.25795,1.00000,0.22730,4
0.09230,0.77083,52.38191,1.00000,0.43149,2
0.08157,0.71831,10.08780,1.00000,0.24330,4
0.09690,0.53659,47.36811,1.00000,0.53063,2
0.07142,0.60811,7.46026,1.00000,0.13853,4
0.06422,0.94828,46.06649,1.00000,0.69872,2
0.09181,0.65584,9.56979,1.00000,0.17471,4
0.07864,0.64912,55.41730,1.00000,0.24393,2
0.49179,0.05355,44.65891,1.00000,1.68514,1
0.05710,0.63835,46.37055,1.00000,1.43051,3
0.07971,0.50336,46.69099,1.00000,0.70567,2
0.01574,0.09140,45.49933,1.00000,1.68240,1
0.07631,0.55250,9.44086,1.00000,0.16086,4
0.08462,0.72753,52.15801,1.00000,0.51299,2
0.07834,0.64474,8.00963,1.00000,0.14027,4
0.00029,1.00000,45.93825,1.00000,1.62934,0
0.00142,1.00000,45.52367,1.00000,1.78337,0
0.10334,0.61976,8.70814,1.00000,0.12060,4
0.06050,0.57919,11.68998,1.00000,0.18478,4
0.07346,0.75945,7.97956,1.00000,0.17719,4
0.07167,0.58216,9.73352,1.00000,0.15479,4
0.06678,0.49891,9.43240,1.00000,0.16335,4
0.09440,0.98214,44.45984,1.00000,1.56065,3
0.06359,0.98261,45.22063,1.00000,1.36625,3
0.00003,1.00000,46.19607,1.00000,1.61470,0
0.00574,0.54479,44.86356,1.00000,1.70337,1
0.07208,0.85714,45.60477,1.00000,0.96564,3
0.04023,0.04816,44.51087,1.00000,1.71107,1
0.08457,0.87857,45.19823,1.00000,1.26920,3
0.00001,1.00000,45.07315,1.00000,1.32580,0
0.09476,0.63861,45.99856,1.00000,0.38962,2
0.07832,0.78618,45.42985,1.00000,1.31081,3
0.04828,0.90640,45.32080,1.00000,1.53538,3
0.09514,0.48837,44.73635,1.00000,1.58534,3
0.03160,0.98630,9.15494,1.00000,0.09953,4
0.08565,0.58038,45.75432,1.00000,1.59175,3
0.08127,0.73010,46.64099,1.00000,0.81117,2
0.01750,0.16088,44.85452,1.00000,1.69597,1
0.09438,0.62935,45.81245,1.00000,1.50406,3
0.05646,0.95238,44.27753,1.00000,1.29691,3
0.08392,0.51653,44.80182,1.00000,1.67581,3
0.09117,0.53537,46.47937,1.00000,0.68154,2
0.09624,0.97959,53.47292,1.00000,0.69271,2
0.05432,0.72515,54.98519,1.00000,0.35361,2
0.00181,0.49306,45.86731,0.00000,1.66787,1
0.09801,0.56425,9.02665,1.00000,0.20466,4
0.09114,0.57869,46.07698,1.00000,1.68670,3
0.00063,0.81333,46.40025,0.00000,1.62208,0
0.08445,0.45868,46.02061,1.00000,1.62727,3
0.00026,1.00000,47.04307,1.00000,1.76435,0
0.14147,0.08183,45.21149,1.00000,1.71035,1
0.09649,0.51338,8.30368,1.00000,0.13727,4
0.07050,0.60360,45.05516,1.00000,1.70162,3
0.08601,0.87446,46.58019,1.00000,1.47139,3
0.08480,0.67733,45.80792,1.00000,1.56893,3
0.00303,0.58157,45.50290,1.00000,1.70958,1
0.00005,1.00000,45.86023,1.00000,1.72042,0
0.08783,0.63585,47.36119,1.00000,0.81244,2
0.08097,0.51732,45.46310,1.00000,1.56714,3
0.09229,0.58629,44.39305,1.00000,1.60145,3
0.00008,1.00000,44.90342,1.00000,1.64818,0
0.08852,0.89143,45.68914,1.00000,1.60115,3
0.09386,0.94350,45.45495,1.00000,1.31711,3
0.02433,0.06702,46.54215,0.00000,1.63564,1
0.09442,0.43523,45.33953,1.00000,0.83720,2
0.10536,0.76780,45.56361,1.00000,0.94322,2
0.07448,0.77049,10.41538,1.00000,0.16985,4
0.08594,0.82686,44.15301,1.00000,1.44343,3
0.00391,0.20773,45.05544,0.00000,1.65623,1
0.00015,1.00000,44.31219,1.00000,1.70565,0
0.00003,1.00000,43.93017,1.00000,1.60965,0
0.00005,1.00000,45.22559,1.00000,1.63620,0
0.05295,0.08896,45.54347,1.00000,1.67578,1
0.10020,0.48440,45.65369,1.00000,1.56192,3
0.09368,0.88119,46.41396,1.00000,0.78374,2
0.00023,0.91954,45.38577,0.00000,1.67556,0
0.07231,0.71625,46.86573,1.00000,0.35433,2
0.06167,0.57311,45.40441,1.00000,1.42378,3
0.00004,1.00000,44.55800,1.00000,1.63127,0
0.09240,0.80586,45.69855,1.00000,1.32752,3
0.00042,1.00000,46.09863,1.00000,1.75729,0
0.05347,0.93151,45.77193,1.00000,1.32911,3
0.09570,0.45794,45.03304,1.00000,1.64038,3
0.00012,1.00000,44.62477,1.00000,1.77873,0
0.01164,0.08839,45.96249,0.00000,1.69730,1
0.07425,0.93421,43.28787,1.00000,0.78097,2
0.00002,1.00000,45.49511,1.00000,1.53337,0
0.07542,0.81955,53.23454,1.00000,0.27541,2
0.09738,0.47669,44.49181,1.00000,0.63580,2
0.09236,0.41667,46.85021,1.00000,0.62957,2
0.18575,0.06237,44.59862,0.00000,1.62153,1
0.00197,0.81471,45.21929,1.00000,1.71707,1
0.06694,0.81498,49.71444,1.00000,0.75473,2
0.00014,0.98276,44.81172,1.00000,1.75476,0
0.08729,0.49513,38.21157,1.00000,0.42529,2
0.08143,0.84091,50.21553,1.00000,0.52888,2
0.00042,0.77660,45.95493,0.00000,1.64710,0
0.06690,0.93443,48.31236,1.00000,0.00000,2
0.00012,1.00000,45.33892,1.00000,1.65275,0
0.10385,0.60064,8.34702,1.00000,0.18545,4
0.10001,0.52079,45.67057,1.00000,1.53004,3
0.06307,0.83152,9.55529,1.00000,0.15042,4
0.05391,0.59796,45.13431,1.00000,1.51673,3
0.09296,0.60050,44.94756,1.00000,1.55548,3
0.00040,0.91228,44.95131,0.00000,1.69879,0
0.08553,0.70000,45.20370,1.00000,1.52565,3
0.05561,0.95385,50.72578,1.00000,0.51718,2
0.09901,0.44190,45.74784,1.00000,1.62707,3
0.08282,0.67315,7.99610,1.00000,0.15004,4
0.09934,0.58891,44.53309,1.00000,1.61624,3
0.01555,0.06231,43.47937,1.00000,1.70059,1
0.10151,0.54201,7.90530,1.00000,0.14504,4
0.02752,0.04494,45.58922,0.00000,1.64521,1
0.07669,0.43080,43.27491,1.00000,0.46001,2
0.08663,0.69394,44.83414,1.00000,0.27514,2
0.00007,0.90000,44.87923,0.00000,1.67369,0
0.06070,0.79000,6.22933,1.00000,0.14168,4
0.07297,0.85778,55.72641,1.00000,0.36645,2
0.01052,0.11196,44.82259,1.00000,1.71362,1
0.09382,0.63830,41.67455,1.00000,0.70757,2
0.00936,0.23125,44.95542,1.00000,1.69821,1
0.08036,0.96850,50.17902,1.00000,0.39597,2
0.03940,0.23529,44.62004,0.00000,1.64690,1
0.00006,1.00000,45.14029,1.00000,1.62352,0
0.00005,1.00000,45.49871,1.00000,1.69328,0
0.04295,0.07240,44.79206,0.00000,1.62701,1
0.09524,0.51920,48.22335,1.00000,0.67457,2
0.01029,0.09806,44.76916,0.00000,1.66208,1
0.06689,0.84264,10.99100,1.00000,0.20086,4
0.08004,0.90058,45.27971,1.00000,1.74887,3
0.10117,1.00000,10.83396,1.00000,0.19221,4
0.08997,0.79672,45.91656,1.00000,1.50754,3
0.08731,0.48799,46.15977,1.00000,1.62591,3
0.10470,0.71831,9.00707,1.00000,0.16834,4
0.08442,0.43727,44.96579,1.00000,1.64316,3
0.09071,0.70760,7.81901,1.00000,0.13996,4
0.09698,0.66578,10.80987,1.00000,0.18270,4
0.07190,0.82374,45.21513,1.00000,1.61853,3
0.00562,0.17305,46.38861,1.00000,1.69573,1
0.09531,0.59569,44.99431,1.00000,1.51563,3
0.08535,0.05913,45.67508,1.00000,1.74656,1
0.09920,0.53673,44.28075,1.00000,1.57732,3
0.07143,0.53846,44.45738,1.00000,0.27847,2
0.00003,1.00000,44.74433,1.00000,1.72232,0
0.07005,0.59227,45.03917,1.00000,1.61676,3
0.00025,0.79024,44.92516,0.00000,1.65402,0
0.01287,0.29178,44.06610,1.00000,1.70448,1
0.08853,0.81743,11.37859,1.00000,0.17007,4
0.05254,0.67624,46.39550,1.00000,1.70198,3
0.07702,0.53003,45.01565,1.00000,1.66108,3
0.00051,1.00000,45.84481,1.00000,1.73555,0
0.08893,0.46141,50.27259,1.00000,0.65165,2
0.08959,0.46923,45.01511,1.00000,1.65246,3
0.00014,1.00000,45.02555,1.00000,1.69364,0
0.08305,0.69801,46.15679,1.00000,1.56495,3
0.09333,0.47145,47.49515,1.00000,0.32182,2
0.09081,0.63768,8.10497,1.00000,0.16681,4
0.09383,0.88406,49.69497,1.00000,0.54144,2
0.04843,0.79121,7.87295,1.00000,0.13226,4
0.06539,0.51186,44.61717,1.00000,1.67812,3
0.07516,0.64371,7.48296,1.00000,0.14211,4
0.00002,1.00000,45.14807,1.00000,1.50362,0
0.00222,0.81714,44.74126,0.00000,1.65220,0
0.07334,0.52328,45.01347,1.00000,0.60244,2
0.10084,0.66308,7.99548,1.00000,0.16312,4
0.04968,0.51293,45.02716,1.00000,1.65684,3
0.09675,0.56051,45.64691,1.00000,1.61056,3
0.07822,0.92258,47.73700,1.00000,0.61256,2
0.08945,0.50090,45.78997,1.00000,1.58594,3
0.06855,0.78571,10.92013,1.00000,0.18479,4
0.02189,0.09806,45.59996,1.00000,1.69798,1
0.08170,1.00000,10.43654,1.00000,0.11748,4
0.10841,0.81416,8.89646,1.00000,0.15415,4
0.08790,0.51778,44.35367,1.00000,1.62833,3
0.08913,0.41877,45.68000,1.00000,1.70665,3
0.06433,0.81122,45.45874,1.00000,0.67762,2
0.06676,0.97059,8.20046,1.00000,0.06593,4
0.07426,0.86047,9.26331,1.00000,0.14912,4
0.09844,0.80921,8.55051,1.00000,0.19050,4
0.09381,0.64524,9.20339,1.00000,0.15228,4
0.04609,0.88485,45.06953,1.00000,1.54015,3
0.00180,0.36953,45.09492,0.00000,1.63527,1
0.02745,0.13423,44.81854,1.00000,1.71440,1
0.07363,0.58610,9.07962,1.00000,0.17985,4
0.09580,0.55527,10.19559,1.00000,0.14520,4
0.05134,0.99115,46.55845,1.00000,0.75071,2
0.05965,0.73443,46.24914,1.00000,0.52087,2
0.01198,0.06813,46.28545,0.00000,1.66890,1
0.00867,0.10206,44.32542,0.00000,1.66660,1
0.00003,0.84000,44.92250,0.00000,1.50372,0
0.09512,0.68435,50.49498,1.00000,0.32868,2
0.00070,1.00000,46.33733,1.00000,1.72185,0
0.05631,0.10390,46.39845,1.00000,1.70400,1
0.08287,0.57729,41.90726,1.00000,0.46395,2
0.00015,1.00000,44.88714,1.00000,1.57354,0
0.07163,0.82018,45.92093,1.00000,1.65348,3
0.09086,0.66864,10.25547,1.00000,0.18084,4
0.07276,0.67486,9.61141,1.00000,0.18958,4
0.00001,1.00000,44.63782,1.00000,1.41613,0
0.06933,0.82883,44.92633,1.00000,1.55306,3
0.08003,0.68481,46.68538,1.00000,0.70999,2
0.07181,0.88043,42.90210,1.00000,0.27623,2
0.06683,0.75510,10.44304,1.00000,0.19093,4
0.07097,0.62779,9.02643,1.00000,0.16538,4
0.00004,1.00000,46.27819,1.00000,1.78435,0
0.00110,1.00000,45.72486,1.00000,1.72638,0
0.00001,1.00000,44.68648,1.00000,1.73296,0
0.09276,0.84234,48.85107,1.00000,0.10705,2
0.09217,0.52419,44.17817,1.00000,1.61175,3
0.09241,0.58177,8.26361,1.00000,0.16721,4
0.00022,0.85714,44.52823,0.00000,1.68891,0
0.09980,0.57927,8.65530,1.00000,0.14767,4
0.00088,0.85714,44.84186,0.00000,1.64329,0
0.05936,0.87500,16.65565,1.00000,0.31477,4
0.06524,0.51533,46.70554,1.00000,0.73294,2
0.09298,0.48846,45.92384,1.00000,0.64763,2
0.03099,0.09946,46.02443,1.00000,1.69522,1
0.05299,0.76331,15.00666,1.00000,0.16111,4
0.08004,0.79385,45.61266,1.00000,1.43835,3
0.10228,0.43486,45.19129,1.00000,1.65694,3
0.04740,0.58407,9.41778,1.00000,0.17965,4
0.00012,1.00000,44.76504,1.00000,1.66968,0
0.02210,0.12376,45.53775,1.00000,1.68643,1
0.00043,0.88372,46.01435,0.00000,1.66158,0
0.03233,0.95536,8.10547,1.00000,0.11761,4
0.09917,0.62640,9.54596,1.00000,0.17863,4
0.07187,0.52569,49.26387,1.00000,0.57399,2
0.08412,0.69178,46.43343,1.00000,0.57685,2
0.11394,0.86096,45.07629,1.00000,1.53717,3
0.03756,0.08820,45.64157,0.00000,1.64956,1
0.01577,0.05355,43.12101,1.00000,1.69288,1
0.02789,0.05809,43.74102,1.00000,1.68100,1
0.00181,1.00000,45.56110,1.00000,1.67025,0
0.07050,0.76678,43.98412,1.00000,1.58534,3
0.02555,0.05907,45.73789,1.00000,1.74319,1
0.02084,0.04615,45.66258,1.00000,1.69483,1
0.00006,1.00000,45.01602,1.00000,1.80112,0
0.08586,0.46786,45.81852,1.00000,0.64489,2
0.10098,0.87023,43.27421,1.00000,0.61693,2
0.00056,0.85093,46.30676,0.00000,1.66977,0
0.09427,0.40885,42.95072,1.00000,0.44974,2
0.09326,0.47932,44.79392,1.00000,1.58367,3
0.08781,0.68103,44.87287,1.00000,1.64666,3
0.07114,0.73219,37.31292,1.00000,0.08672,2
0.09173,0.64402,8.26603,1.00000,0.17719,4
0.00017,1.00000,43.62495,1.00000,1.77362,0
0.00003,1.00000,45.91367,1.00000,1.66671,0
0.05553,0.45318,45.58115,1.00000,1.63222,3
0.04911,0.72398,11.37343,1.00000,0.18166,4
0.00014,1.00000,43.87137,1.00000,1.64415,0
0.07700,0.67218,49.06548,1.00000,0.88089,2
0.05341,1.00000,10.18216,1.00000,0.17608,4
0.05476,0.83784,8.05675,1.00000,0.11961,4
0.04908,0.87391,8.79370,1.00000,0.18070,4
0.05702,0.51193,50.02162,1.00000,0.66008,2
0.06607,0.70699,45.20835,1.00000,1.60537,3
0.08674,0.57616,45.38640,1.00000,1.57776,3
0.06751,0.59529,43.56745,1.00000,0.65456,2
0.08477,0.77941,43.93385,1.00000,1.52528,3
0.00017,1.00000,44.66057,1.00000,1.73109,0
0.03033,0.96985,46.13361,1.00000,1.35454,3
0.09751,0.51598,10.08587,1.00000,0.18557,4
0.01625,0.05361,46.66135,1.00000,1.72732,1
0.10023,0.77377,45.03507,1.00000,1.58251,3
0.06576,0.57273,9.95447,1.00000,0.17883,4
0.09349,0.69907,8.65213,1.00000,0.16635,4
0.05810,0.83721,49.33963,1.00000,0.57631,2
0.09719,0.64075,8.97096,1.00000,0.17687,4
0.00510,0.15438,45.54421,1.00000,1.69944,1
0.01856,0.06224,45.40263,1.00000,1.72919,1
0.01188,0.10566,44.82418,1.00000,1.69254,1
0.00006,1.00000,43.62433,1.00000,1.78010,0
0.08721,0.47451,44.85162,1.00000,1.69715,3
0.01874,0.04811,45.11581,1.00000,1.70207,1
0.03014,0.06472,45.52804,1.00000,1.70548,1
0.08547,0.60548,8.67555,1.00000,0.16757,4
0.09039,1.00000,12.50908,1.00000,0.19095,4
0.10588,0.66259,9.71570,1.00000,0.16045,4
0.05567,0.47710,45.49312,1.00000,0.32262,2
0.03113,0.02711,45.73577,0.00000,1.65752,1
0.40957,0.04933,44.19891,1.00000,1.70098,1
0.04873,0.49637,10.22245,1.00000,0.20589,4
0.09503,0.75536,10.71489,1.00000,0.19374,4
0.09801,0.68111,45.43001,1.00000,1.41062,3
0.08131,0.68389,8.09863,1.00000,0.16516,4
0.05964,0.88350,8.73319,1.00000,0.14103,4
0.00016,0.86364,43.77635,0.00000,1.58257,0
0.07278,0.79424,45.22952,1.00000,1.59256,3
0.08625,0.66389,45.09617,1.00000,0.60418,2
0.11790,0.73364,9.71682,1.00000,0.16445,4
0.02117,0.05584,44.96107,1.00000,1.70336,1
0.05151,1.00000,10.48493,1.00000,0.12116,4
0.01786,0.04938,44.33879,0.00000,1.64361,1
0.05506,0.72835,7.90655,1.00000,0.17109,4
0.00074,0.85714,45.34125,0.00000,1.64800,0
0.00008,1.00000,44.38939,1.00000,1.64771,0
0.08296,0.65976,8.51272,1.00000,0.12807,4
0.08544,0.48855,46.84697,1.00000,0.69547,2
0.09015,0.74517,49.15001,1.00000,0.09283,2
0.00011,1.00000,44.51493,1.00000,1.67787,0
0.08227,0.43898,44.86859,1.00000,1.72730,3
0.09387,0.84109,53.38706,1.00000,0.00000,2
0.06876,0.90446,44.47027,1.00000,1.29956,3
0.00011,1.00000,43.97745,1.00000,1.78706,0
0.00021,1.00000,46.13744,1.00000,1.71489,0
0.05612,0.98319,13.91260,1.00000,0.13476,4
0.12139,0.04821,46.75760,1.00000,1.70879,1
0.06631,0.93514,44.93538,1.00000,1.23608,3
0.07123,0.45818,46.00895,1.00000,1.59698,3
0.09287,0.56293,48.83744,1.00000,0.25511,2
0.00004,1.00000,45.10688,1.00000,1.76610,0
0.07151,0.70898,8.76974,1.00000,0.15014,4
0.07140,0.72364,10.96963,1.00000,0.19295,4
0.07449,0.71947,14.54594,1.00000,0.24796,4
0.07694,0.47103,45.17734,1.00000,1.60096,3
0.00006,1.00000,44.67343,1.00000,1.63712,0
0.09533,0.56364,45.58923,1.00000,1.43640,3
0.08387,0.96795,45.61393,1.00000,1.30865,3
0.00015,1.00000,45.65186,1.00000,1.76033,0
0.00768,0.13184,45.88367,1.00000,1.70382,1
0.00003,1.00000,44.56799,1.00000,1.69377,0
0.00017,1.00000,45.01956,1.00000,1.72488,0
0.01755,0.08617,45.87334,1.00000,1.70421,1
0.00005,1.00000,44.61697,1.00000,1.52096,0
0.00357,0.22372,44.77818,1.00000,1.69102,1
0.06876,0.59360,45.25179,1.00000,0.60314,2
0.05788,0.93289,12.92805,1.00000,0.22844,4
0.07102,0.95973,44.69806,1.00000,1.51985,3
0.04508,0.03756,45.06918,0.00000,1.64072,1
0.08664,0.84153,44.93650,1.00000,1.08621,3
0.09001,0.05036,44.94943,0.00000,1.65559,1
0.05673,0.86935,45.13760,1.00000,1.14651,3
0.08911,0.42539,45.22547,1.00000,1.62927,3
0.09634,0.63343,8.58711,1.00000,0.17922,4
0.00020,1.00000,45.73811,1.00000,1.64609,0
0.02569,0.04811,46.15993,0.00000,1.67190,1
0.00015,1.00000,44.72794,1.00000,1.67012,0
0.07312,0.67526,44.89696,1.00000,0.48172,2
0.09551,0.82895,9.38107,1.00000,0.14781,4
0.09326,0.49336,42.26070,1.00000,0.52433,2
0.08398,0.54359,8.55994,1.00000,0.15526,4
0.09072,0.85027,47.90739,1.00000,0.76623,2
0.00781,0.12849,44.54492,1.00000,1.69119,1
0.08235,0.46065,46.21073,1.00000,1.51526,3
0.00002,1.00000,45.07085,1.00000,1.68897,0
0.06308,0.90558,45.67637,1.00000,1.18212,3
0.08339,0.47705,45.11586,1.00000,1.64635,3
0.08737,0.48303,40.22590,1.00000,0.63935,2
0.06141,0.47550,49.90029,1.00000,0.53962,2
0.00022,0.80851,45.72466,0.00000,1.66053,0
0.08641,0.52849,49.40542,1.00000,0.27586,2
0.11025,0.97419,9.10349,1.00000,0.16386,4
0.08726,0.61224,51.85202,1.00000,0.37862,2
0.09688,0.40820,44.28782,1.00000,1.61173,3
0.08815,0.64130,9.24122,1.00000,0.21433,4
0.01227,0.10401,44.51844,1.00000,1.70159,1
0.00663,0.97826,18.90021,1.00000,0.28747,4
0.00686,0.12921,45.95420,0.00000,1.64805,1
0.07756,0.62087,47.28709,1.00000,1.47882,3
0.00008,1.00000,45.17303,1.00000,1.75061,0
0.09735,0.68354,7.53832,1.00000,0.12430,4
0.10270,0.70000,46.35701,1.00000,0.75598,2
0.01280,0.22537,44.98865,1.00000,1.70077,1
0.08750,0.87273,46.45176,1.00000,1.49860,3
0.01864,0.89091,10.84596,1.00000,0.19730,4
0.04690,1.00000,12.34481,1.00000,0.22150,4
0.07619,0.59245,8.84614,1.00000,0.13091,4
0.11723,0.63144,44.79466,1.00000,1.30046,3
0.07861,0.61276,8.04703,1.00000,0.18319,4
0.08552,0.61499,45.35540,1.00000,1.59119,3
0.00058,1.00000,44.89830,1.00000,1.61682,0
0.09731,0.47940,45.31290,1.00000,1.57605,3
0.06804,0.65646,40.20942,1.00000,0.36633,2
0.00005,1.00000,44.48203,1.00000,1.69105,0
0.03962,1.00000,16.40339,1.00000,0.17833,4
0.09150,0.96479,46.03853,1.00000,1.01906,3
0.08435,0.72861,44.88651,1.00000,1.59480,3
0.04255,0.94595,56.50223,1.00000,0.60115,2
0.07911,0.58838,38.54929,1.00000,0.69228,2
0.00185,1.00000,45.47024,1.00000,1.78557,0
0.09207,0.69869,8.49686,1.00000,0.15305,4
0.08732,0.59251,7.86817,1.00000,0.14189,4
0.08620,0.68713,8.97369,1.00000,0.14926,4
0.09733,0.63361,8.59386,1.00000,0.18299,4
0.09308,0.74011,45.43715,1.00000,0.23510,2
0.03264,0.98039,58.25949,1.00000,0.42022,2
0.00004,1.00000,43.98209,1.00000,1.66594,0
0.09302,0.64411,44.36370,1.00000,0.55768,2
0.00004,1.00000,44.31743,1.00000,1.79805,0
0.22346,0.05247,45.52692,1.00000,1.66051,1
0.10731,0.61139,45.27887,1.00000,1.58130,3
0.08990,0.41835,46.63599,1.00000,1.69575,3
0.00379,0.24780,44.68618,1.00000,1.69733,1
0.09230,0.79495,45.43390,1.00000,1.72974,3
0.09004,0.53057,45.05162,1.00000,1.50074,3
0.09047,0.95045,11.87085,1.00000,0.19071,4
0.00006,1.00000,45.37152,1.00000,1.79594,0
0.08233,0.55132,8.55429,1.00000,0.16702,4
0.00491,0.45827,45.99732,1.00000,1.69440,1
0.09403,0.57674,8.69551,1.00000,0.16677,4
0.11005,0.56265,7.91654,1.00000,0.16496,4
0.08597,0.55102,45.81066,1.00000,1.61467,3
0.02978,0.04069,45.40661,0.00000,1.66683,1
0.02978,0.05694,46.13612,1.00000,1.68112,1
0.00007,1.00000,44.65754,1.00000,1.65635,0
0.07312,0.75676,8.56934,1.00000,0.19205,4
0.00008,1.00000,44.76758,1.00000,1.66425,0
0.02189,0.05723,44.34492,0.00000,1.66443,1
0.06635,0.81349,8.34357,1.00000,0.13965,4
0.00005,1.00000,45.23238,1.00000,1.59098,0
0.00021,1.00000,45.07780,1.00000,1.62204,0
0.06442,0.98667,44.58310,1.00000,1.01957,3
0.09088,0.04277,43.96810,0.00000,1.65422,1
0.08273,0.56674,47.97332,1.00000,0.52521,2
0.00034,0.81915,46.49971,0.00000,1.66645,0
0.01709,0.06237,43.72315,1.00000,1.66762,1
0.10817,0.70278,9.51303,1.00000,0.18186,4
0.00008,1.00000,44.62825,1.00000,1.77619,0
0.05070,0.02298,45.32959,0.00000,1.64032,1
0.03107,0.06367,44.33231,0.00000,1.65960,1
0.08247,0.58065,8.59792,1.00000,0.18248,4
0.09457,0.50000,40.15429,1.00000,0.47732,2
0.09260,0.77273,45.82340,1.00000,1.54477,3
0.08085,0.61648,49.85506,1.00000,0.13486,2
0.06521,0.66058,10.50380,1.00000,0.22659,4
0.07994,0.85024,9.19673,1.00000,0.14584,4
0.00010,1.00000,44.78733,1.00000,1.75080,0
0.06730,0.91011,45.28655,1.00000,0.23037,2
0.09305,0.64489,9.74277,1.00000,0.16688,4
0.01321,0.08174,44.69710,0.00000,1.61085,1
0.10243,0.57944,7.49337,1.00000,0.14831,4
0.07233,0.57675,9.72174,1.00000,0.13912,4
0.06111,0.77941,11.32749,1.00000,0.19494,4
0.09549,0.96694,50.61558,1.00000,0.85859,2
0.05967,0.73684,49.46620,1.00000,0.16339,2
0.00010,1.00000,46.58494,1.00000,1.75995,0
0.07285,0.97849,10.07616,1.00000,0.13863,4
0.08593,0.57611,7.65336,1.00000,0.16804,4
0.07461,0.46098,44.80274,1.00000,1.53581,3
0.08244,0.97436,45.60710,1.00000,1.36429,3
0.06843,0.77177,43.79055,1.00000,1.54775,3
0.06729,0.42048,46.73336,1.00000,0.63611,2
0.00001,1.00000,44.44665,1.00000,0.92885,0
0.08767,0.59214,7.93289,1.00000,0.13742,4
0.09188,0.68210,46.38000,1.00000,1.62046,3
0.08468,0.50797,47.63529,1.00000,1.58711,3
0.06143,0.66925,9.69361,1.00000,0.13246,4
0.09094,0.48050,44.67715,1.00000,1.63625,3
0.08364,0.86957,47.11959,1.00000,0.18363,2
0.00029,1.00000,44.44673,1.00000,1.67570,0
0.00006,1.00000,45.48135,0.00000,1.47794,0
0.08191,0.61330,51.31592,1.00000,0.68640,2
0.08844,0.85971,44.59551,1.00000,1.31661,3
0.09311,0.54008,45.25888,1.00000,1.61553,3
0.09702,0.48317,45.27371,1.00000,1.48280,3
0.05725,0.05247,44.23197,0.00000,1.65489,1
0.07967,0.56552,45.86013,1.00000,1.63611,3
0.04176,0.98750,44.52281,1.00000,1.35994,3
0.08495,0.43952,46.06643,1.00000,1.68103,3
0.06940,0.97959,8.80955,1.00000,0.19563,4
0.08317,0.47940,44.53519,1.00000,1.62322,3
0.06483,0.57210,9.35011,1.00000,0.14697,4
0.10658,0.58104,8.48324,1.00000,0.17491,4
0.00012,1.00000,46.11224,1.00000,1.64038,0
0.02083,0.18310,45.66443,1.00000,1.68907,1
0.00975,0.34599,43.66976,1.00000,1.65026,1
0.11071,0.61233,45.97276,1.00000,0.59212,2
0.00002,1.00000,44.76839,1.00000,1.78415,0
0.08397,0.66391,44.62061,1.00000,1.59192,3
0.09649,0.63025,47.02244,1.00000,0.53855,2
0.09698,0.69890,44.31319,1.00000,0.67624,2
0.00028,1.00000,45.06458,1.00000,1.76841,0
0.09521,0.77972,45.12525,1.00000,1.46385,3
0.00014,1.00000,45.50168,1.00000,1.64902,0
0.00009,1.00000,43.83722,1.00000,1.69606,0
0.06445,0.03644,44.59479,0.00000,1.64238,1
0.00137,0.78846,45.26246,0.00000,1.64218,0
0.10327,0.48168,7.27590,1.00000,0.15919,4
0.00002,1.00000,44.57002,1.00000,0.58324,0
0.00012,1.00000,45.34951,1.00000,1.66192,0
0.07188,0.62388,8.94161,1.00000,0.17062,4
0.00029,0.78037,44.60589,0.00000,1.65629,0
0.00002,1.00000,46.24614,1.00000,1.74770,0
0.01685,0.11026,44.67776,1.00000,1.69434,1
0.03135,0.03967,43.95594,0.00000,1.62291,1
0.09075,0.53922,45.63984,1.00000,1.61412,3
0.09699,0.53264,10.80802,1.00000,0.20887,4
0.08066,0.95349,44.58233,1.00000,1.32763,3
0.03245,0.06243,43.84771,1.00000,1.70603,1
0.06269,0.30323,46.08366,1.00000,1.69945,1
0.07075,0.60538,45.48452,1.00000,1.56502,3
0.09189,0.76172,45.53311,1.00000,1.48196,3
0.00008,1.00000,45.84990,1.00000,0.83238,0
0.06880,0.67005,45.11371,1.00000,1.61503,3
0.06706,0.98551,44.99292,1.00000,1.35833,3
0.04881,0.68421,10.05617,1.00000,0.15660,4
0.09036,0.50106,45.48234,1.00000,1.60392,3
0.07342,0.45690,10.21634,1.00000,0.17876,4
0.08969,0.57906,46.56691,1.00000,0.58081,2
0.06992,0.99219,52.77332,1.00000,0.25420,2
0.00019,1.00000,45.54445,1.00000,1.67928,0
0.00009,1.00000,45.53185,1.00000,1.74262,0
0.05259,0.09335,43.99699,1.00000,1.72631,1
0.07333,0.05458,44.91378,0.00000,1.66512,1
0.07533,0.58629,44.89775,1.00000,1.68032,3
0.05820,0.83688,10.59583,1.00000,0.16996,4
0.07069,0.50499,45.62784,1.00000,1.50137,3
0.07606,0.63536,8.65587,1.00000,0.15070,4
0.08675,1.00000,53.51651,1.00000,0.47789,2
0.08042,0.62090,49.30436,1.00000,0.49582,2
0.02526,0.05584,45.41457,1.00000,1.68790,1
0.05178,0.77027,6.82333,1.00000,0.14389,4
0.06244,0.03122,45.00543,0.00000,1.62356,1
0.04434,0.03760,46.23519,0.00000,1.66748,1
0.08011,0.60465,8.37494,1.00000,0.12571,4
0.06400,0.66559,10.79332,1.00000,0.17839,4
0.06172,0.10022,45.43837,1.00000,1.71788,1
0.08079,0.65205,45.91446,1.00000,0.73533,2
0.00026,1.00000,45.44747,1.00000,1.50792,0
0.08772,0.63456,7.73890,1.00000,0.13988,4
0.00005,1.00000,45.89925,1.00000,1.59661,0
0.02297,0.07120,44.78427,1.00000,1.68281,1
0.07652,0.56885,43.71559,1.00000,0.59558,2
0.00149,1.00000,45.43044,1.00000,1.65769,0
0.05858,0.70863,10.33955,0.00000,0.15096,4
0.09858,0.47280,44.86377,1.00000,1.61982,3
0.00016,1.00000,45.09666,1.00000,1.70487,0
0.10126,0.65464,46.12956,1.00000,1.35565,3
0.11841,0.06257,45.27713,0.00000,1.68094,1
0.07556,0.91975,46.38796,1.00000,1.56289,3
0.02609,0.05901,46.08149,1.00000,1.69097,1
0.00004,1.00000,44.86974,1.00000,1.79187,0
0.10163,0.14011,45.07551,0.00000,1.67527,1
0.07685,0.97368,57.32067,1.00000,0.43464,2
0.00017,1.00000,44.81168,1.00000,1.72692,0
0.09577,0.55172,48.06359,1.00000,0.75457,2
0.04517,0.66093,45.92509,1.00000,1.66822,3
0.06762,0.56236,47.61970,1.00000,0.68732,2
0.00003,1.00000,45.39964,0.00000,1.65458,0
0.07215,0.72348,7.63258,1.00000,0.16955,4
0.00007,1.00000,44.74070,1.00000,1.69575,0
0.07231,0.52043,45.29972,1.00000,1.61580,3
0.01674,0.13948,45.12223,0.00000,1.67435,1
0.01137,0.11488,46.12471,1.00000,1.69559,1
0.06990,0.80460,8.61697,1.00000,0.15074,4
0.00001,1.00000,45.48038,1.00000,1.45755,0
0.08203,0.62238,45.62466,1.00000,1.61902,3
0.00002,1.00000,45.55949,1.00000,1.80705,0
0.07306,0.59690,44.74836,1.00000,1.63058,3
0.06140,0.78755,45.39857,1.00000,1.29351,3
0.01491,0.10423,45.19320,1.00000,1.69937,1
0.08981,0.43303,51.41194,1.00000,0.32981,2
0.00008,1.00000,45.08136,1.00000,1.69889,0
0.05464,0.94326,45.30416,1.00000,1.56929,3
0.01147,0.08174,46.28962,0.00000,1.62024,1
0.08534,0.64158,45.14177,1.00000,1.67206,3
0.00006,1.00000,45.31056,1.00000,1.63428,0
0.09796,0.56494,50.44840,1.00000,0.68422,2
0.01276,0.38326,45.86630,1.00000,1.69515,1
0.00025,0.80423,44.28769,0.00000,1.60576,0
0.05535,1.00000,9.16371,1.00000,0.11017,4
0.00882,0.10555,46.38410,0.00000,1.65622,1
0.01544,0.27527,44.54030,0.00000,1.65552,1
0.00006,1.00000,45.15175,1.00000,1.76437,0
0.00007,1.00000,44.69932,1.00000,1.63272,0
0.07902,0.79333,44.86720,1.00000,1.14155,3
0.06527,0.95152,49.94438,1.00000,0.34617,2
0.08988,0.66044,45.29562,1.00000,1.58357,3
0.09596,0.50000,47.78579,1.00000,0.71513,2
0.09850,0.48950,44.18651,1.00000,1.67778,3
0.00086,1.00000,45.75093,1.00000,1.69237,0
0.00108,1.00000,45.88099,1.00000,1.75152,0
0.00002,1.00000,45.39914,1.00000,1.01224,0
0.00019,1.00000,45.64443,1.00000,1.73599,0
0.00002,1.00000,45.86925,1.00000,1.79491,0
0.00008,1.00000,45.32142,1.00000,1.76737,0
0.01845,0.06904,45.75955,1.00000,1.69915,1
0.06573,0.59490,8.50387,1.00000,0.18007,4
0.02927,0.02708,45.97770,0.00000,1.65918,1
0.02588,0.11416,44.54542,0.00000,1.66637,1
0.08813,0.51639,47.61799,1.00000,0.53737,2
0.00022,1.00000,45.12011,1.00000,1.79492,0
0.00291,0.52753,43.34537,1.00000,1.71093,1
0.07245,0.58957,45.24993,1.00000,1.59866,3
0.01143,0.12115,45.51851,1.00000,1.66974,1
0.00090,0.86986,46.29741,0.00000,1.63960,0
0.00011,1.00000,45.55762,1.00000,1.78380,0
0.06381,0.99324,45.97323,1.00000,1.05518,3
0.07491,0.67826,12.34658,1.00000,0.15540,4
0.08141,0.47936,7.69922,1.00000,0.13677,4
0.00004,1.00000,46.15113,1.00000,1.75343,0
0.01563,0.20241,45.00342,1.00000,1.69738,1
0.00005,0.95238,44.32799,0.00000,1.55145,0
0.00014,1.00000,45.05057,1.00000,1.40626,0
0.10076,0.57178,44.53769,1.00000,1.61759,3
0.02278,0.07953,46.53941,1.00000,1.67681,1
0.00013,1.00000,44.78359,1.00000,1.65557,0
0.09142,0.53579,44.27491,1.00000,1.57548,3
0.05071,0.37400,45.39520,1.00000,1.59353,3
0.00026,0.87692,44.17465,0.00000,1.63125,0
0.08237,0.44784,45.61618,1.00000,1.66277,3
0.00004,1.00000,43.55216,1.00000,1.79263,0
0.06557,0.52604,6.87561,1.00000,0.14203,4
0.07321,0.54583,44.88435,1.00000,1.75609,3
0.01464,0.08887,45.58915,1.00000,1.70640,1
0.09204,0.74257,9.96908,1.00000,0.19772,4
0.08620,0.09698,46.36992,1.00000,1.70532,1
0.06578,0.74721,9.61305,1.00000,0.17132,4
0.02707,0.05252,44.80726,0.00000,1.66859,1
0.00004,1.00000,46.72303,1.00000,1.80583,0
0.00004,1.00000,45.21048,1.00000,1.80821,0
0.05183,0.16803,45.56698,0.00000,1.65634,1
0.06076,1.00000,10.95703,1.00000,0.21314,4
0.01574,0.05699,45.81413,1.00000,1.71905,1
0.08692,0.46777,38.24636,1.00000,0.57936,2
0.08066,0.52697,45.05170,1.00000,1.62153,3
0.05688,0.83704,9.76607,1.00000,0.21176,4
0.06276,0.67003,10.33329,1.00000,0.17401,4
0.06339,0.67196,9.54867,1.00000,0.17228,4
0.07453,0.63133,42.39660,1.00000,0.15990,2
0.01788,0.04816,45.53952,0.00000,1.62816,1
0.00003,1.00000,44.92524,1.00000,1.69584,0
0.05252,0.51269,8.14513,1.00000,0.17921,4
0.07870,0.85520,7.94147,1.00000,0.16493,4
0.00006,1.00000,44.96137,1.00000,1.52935,0
0.10258,0.87500,44.88518,1.00000,1.48823,3
0.08206,0.53469,10.43229,1.00000,0.20466,4
0.03939,0.86070,13.01799,1.00000,0.20023,4
0.07317,0.75000,9.43040,1.00000,0.15154,4
0.00048,0.75829,44.69782,0.00000,1.64510,0
0.00103,0.78761,44.92763,0.00000,1.65607,0
0.02858,0.03858,45.97630,0.00000,1.62505,1
0.00024,1.00000,45.72741,1.00000,1.67692,0
0.07942,0.59732,45.36953,1.00000,1.57016,3
0.00944,0.22032,45.06764,1.00000,1.71919,1
0.07215,0.76891,46.48021,1.00000,0.66890,2
0.09033,0.61408,50.88439,1.00000,0.33704,2
0.08237,0.96392,45.37694,1.00000,1.31869,3
0.00053,0.97436,45.81197,1.00000,1.66582,0
0.07379,0.49693,45.57365,1.00000,1.55619,3
0.01426,0.09120,45.55172,0.00000,1.65577,1
0.00000,1.00000,44.66608,1.00000,0.54407,0
0.05401,0.03229,45.67230,0.00000,1.66665,1
0.02050,0.04281,45.72579,0.00000,1.63408,1
0.08312,0.61962,48.30922,1.00000,0.67634,2
0.08708,0.54405,8.94531,1.00000,0.19516,4
0.08310,0.58398,45.63431,1.00000,1.62696,3
0.10965,0.63300,48.59393,1.00000,0.52769,2
0.00015,0.86585,45.64734,0.00000,1.67320,0
0.02335,0.04383,45.30858,0.00000,1.63422,1
0.05173,0.71556,13.57960,0.00000,0.15811,4
0.07994,0.55021,45.44057,1.00000,1.65568,3
0.06743,0.74825,11.06157,1.00000,0.16297,4
0.00049,1.00000,45.52690,1.00000,1.58628,0
0.00938,0.12044,46.06799,1.00000,1.70052,1
0.00001,0.80000,46.25792,0.00000,1.49527,0
0.11195,0.03330,44.92453,0.00000,1.65310,1
0.00002,0.92857,44.51689,1.00000,1.47425,0
0.09485,0.70213,44.60425,1.00000,1.57716,3
0.09809,0.83012,49.15813,1.00000,0.47642,2
0.00060,0.84892,44.22325,0.00000,1.69048,0
0.07933,0.53846,43.45267,1.00000,0.46169,2
0.06659,0.93836,45.59198,1.00000,1.30165,3
0.09615,0.78226,46.89002,1.00000,0.67101,2
0.00016,1.00000,44.86990,1.00000,1.76494,0
0.02186,0.08165,45.19906,1.00000,1.71976,1
0.01206,0.11674,45.29272,0.00000,1.63742,1
0.08331,0.93213,40.87324,1.00000,0.41352,2
0.01895,0.05901,45.82468,1.00000,1.73991,1
0.03520,0.12625,45.43854,1.00000,1.68366,1
0.00052,0.82569,45.18267,0.00000,1.65719,0
0.09353,0.51325,8.62646,1.00000,0.15109,4
0.00008,1.00000,46.67483,1.00000,1.61006,0
0.00143,0.63817,44.65014,1.00000,1.71359,1
0.02154,0.04388,44.62284,0.00000,1.64448,1
0.00010,1.00000,45.28954,1.00000,1.72645,0
0.07186,0.91534,44.75868,1.00000,1.29022,3
0.08112,0.54261,8.83610,1.00000,0.15484,4
0.05112,0.04179,45.11043,0.00000,1.63080,1
0.09550,0.84926,44.55956,1.00000,1.46043,3
0.10583,0.52577,10.38041,1.00000,0.19561,4
0.08493,0.73392,8.62593,1.00000,0.14646,4
0.00799,0.11713,45.85666,1.00000,1.71592,1
0.08776,0.66915,53.96615,1.00000,0.56308,2
0.08129,0.47409,43.15411,1.00000,0.60766,2
0.07998,0.66011,42.71050,1.00000,0.61825,2
0.09691,0.68210,8.22345,1.00000,0.15984,4
0.00006,1.00000,45.67577,1.00000,1.62605,0
0.08989,0.46855,49.01099,1.00000,0.67159,2
0.07769,0.63942,44.99775,1.00000,1.37266,3
0.01206,0.09277,46.43140,1.00000,1.68762,1
0.08183,0.94949,44.74769,1.00000,1.50433,3
0.09242,0.80625,48.41822,1.00000,0.61384,2
0.11910,0.59486,10.04930,1.00000,0.15074,4
0.02505,0.06695,46.27276,1.00000,1.71621,1
0.07368,0.62827,9.45920,1.00000,0.17733,4
0.00025,1.00000,45.97498,1.00000,1.69709,0
0.09331,0.73123,45.22367,1.00000,1.53788,3
0.00027,1.00000,45.30503,1.00000,1.64495,0
0.07780,0.57457,7.63841,1.00000,0.13483,4
0.09027,0.73927,46.09637,1.00000,1.30918,3
0.00017,1.00000,45.29920,1.00000,1.76276,0
0.09226,0.50000,44.56181,1.00000,0.67587,2
0.02397,0.06792,46.42833,1.00000,1.69705,1
0.00056,1.00000,44.83514,1.00000,1.76085,0
0.00024,1.00000,45.09492,1.00000,1.77323,0
0.07364,0.76604,44.97906,1.00000,0.27724,2
0.08619,0.54911,49.61746,1.00000,0.54658,2
0.00014,1.00000,43.65273,1.00000,1.64248,0
0.06407,0.82712,50.40758,1.00000,0.57013,2
0.06644,0.54279,8.48475,1.00000,0.15752,4
0.01809,0.05031,44.90295,1.00000,1.68146,1
0.00009,1.00000,45.32032,1.00000,1.78827,0
0.07650,0.77311,49.61047,1.00000,0.60325,2
0.00009,1.00000,43.14289,1.00000,1.72290,0
0.00737,0.18107,46.54688,1.00000,1.69889,1
0.05008,0.04601,45.47698,0.00000,1.67455,1
0.07887,0.03963,45.38346,0.00000,1.65415,1
0.09322,0.49580,9.70981,1.00000,0.18063,4
0.01433,0.07798,45.08569,1.00000,1.70247,1
0.08416,0.67341,8.72776,1.00000,0.19387,4
0.08948,0.75146,49.55447,1.00000,0.33891,2
0.03168,0.05907,44.89006,1.00000,1.69835,1
0.00001,1.00000,44.47583,1.00000,0.55696,0
0.07086,0.82464,11.19196,1.00000,0.13328,4
0.08516,0.48444,51.21944,1.00000,0.62624,2
0.01681,0.06133,45.20812,1.00000,1.68111,1
0.02594,0.03441,45.89473,0.00000,1.66632,1
0.04421,1.00000,52.26655,1.00000,0.45826,2
0.00603,0.22896,46.17685,1.00000,1.73911,1
0.00006,0.75000,45.11580,1.00000,1.08460,0
0.07972,0.96855,44.51034,1.00000,1.32353,3
0.00148,0.81579,44.95013,0.00000,1.62123,0
0.16784,0.02811,44.51307,1.00000,1.68546,1
0.00811,0.65485,45.74665,0.00000,1.67194,1
0.01471,0.09072,46.60450,1.00000,1.69922,1
0.08367,0.62676,45.10893,1.00000,1.51268,3
0.07970,0.51663,46.78667,1.00000,0.54194,2
0.00001,1.00000,45.00206,1.00000,1.53423,0
0.00240,0.30506,44.47575,0.00000,1.63456,1
0.09300,0.58637,44.90623,1.00000,1.52660,3
0.00005,1.00000,46.21918,1.00000,1.79197,0
0.10074,0.64045,9.00320,1.00000,0.15340,4
0.01058,0.08395,45.33936,1.00000,1.68685,1
0.02496,0.04938,45.20834,1.00000,1.70173,1
0.00013,1.00000,45.40484,1.00000,1.76582,0
0.08778,0.61125,31.51287,1.00000,0.24393,2
0.09477,0.72222,47.19480,1.00000,0.81410,2
0.06589,0.65875,45.65197,1.00000,0.32221,2
0.01540,0.05579,45.79252,1.00000,1.71369,1
0.06410,0.64543,9.21142,1.00000,0.15379,4
0.09418,0.93519,48.40692,1.00000,0.87396,2
0.04379,0.03330,46.24432,0.00000,1.64623,1
0.08825,0.84354,47.08543,1.00000,0.76185,2
0.09137,0.71207,42.92704,1.00000,0.45624,2
0.00003,1.00000,45.30132,1.00000,1.78941,0
0.09195,0.56645,46.05096,1.00000,1.60889,3
0.00007,1.00000,45.25190,1.00000,1.74123,0
0.09425,0.64234,7.26425,1.00000,0.11966,4
0.08060,0.52097,47.47312,1.00000,0.52645,2
0.08740,0.50144,9.66231,1.00000,0.19486,4
0.08343,0.70526,45.45296,1.00000,1.69584,3
0.00002,0.90476,44.30188,0.00000,1.54705,0
0.00000,1.00000,0.00000,1.00000,0.00000,0
0.00008,1.00000,44.77618,1.00000,1.81690,0
0.00001,0.87500,45.08268,0.00000,1.40056,0
0.07130,0.92920,50.30284,1.00000,0.78139,2
0.00002,1.00000,44.41307,1.00000,1.79077,0
0.04449,0.75000,45.77102,1.00000,1.53006,3
0.09311,0.87264,46.82758,1.00000,0.91153,2
0.08985,0.91975,45.23668,1.00000,1.49464,3
0.07637,0.81707,10.43239,1.00000,0.14544,4
0.09819,0.73099,8.82314,1.00000,0.13539,4
0.01671,0.06114,45.04162,1.00000,1.70113,1
0.10234,0.76752,44.63318,1.00000,1.40977,3
0.00010,0.83333,44.88845,0.00000,1.66028,0
0.01751,0.07928,44.90231,1.00000,1.71751,1
0.00011,1.00000,45.04949,1.00000,1.53922,0
0.07262,0.49174,44.92149,1.00000,1.56385,3
0.06087,0.83117,9.54709,1.00000,0.16677,4
0.00100,0.92105,46.27279,0.00000,1.65308,0
0.00401,0.63457,45.02821,0.00000,1.65609,1
0.10062,0.57561,45.44045,1.00000,1.75285,3
0.00059,1.00000,44.25650,1.00000,1.76029,0
0.02186,0.18483,45.76513,1.00000,1.74336,1
0.00009,1.00000,45.59696,1.00000,1.65729,0
0.07843,0.94624,45.46730,1.00000,1.55906,3
0.00002,1.00000,44.83925,1.00000,1.81176,0
0.16257,0.04918,46.09773,0.00000,1.66544,1
0.07463,0.74142,46.63067,1.00000,0.79872,2
0.04234,0.83217,44.69670,1.00000,1.71158,3
0.05983,0.85774,49.99618,1.00000,0.21275,2
0.06960,0.46023,46.43526,1.00000,1.36335,3
0.00002,0.93333,45.05225,0.00000,1.67798,0
0.09427,0.55102,7.09499,1.00000,0.13728,4
0.11600,0.90541,44.08357,1.00000,1.33021,3
0.00069,1.00000,46.65624,1.00000,1.75591,0
0.07093,0.45296,43.23550,1.00000,0.48996,2
0.04854,0.50508,9.43308,1.00000,0.17610,4
0.05142,0.45094,44.15269,1.00000,1.63386,3
0.07402,0.82297,10.89515,1.00000,0.18282,4
0.08604,0.51927,44.61001,1.00000,0.46089,2
0.20172,0.04811,44.82991,1.00000,1.69894,1
0.07260,0.64706,8.39479,1.00000,0.15556,4
0.09654,0.55069,7.59072,1.00000,0.18197,4
0.09288,0.60204,44.49564,1.00000,1.45086,3
0.07634,1.00000,49.03316,1.00000,0.75864,2
0.00010,1.00000,44.49763,1.00000,1.73334,0
0.10256,0.51626,45.54350,1.00000,1.43734,3
0.02119,0.44231,46.31576,1.00000,1.68225,1
0.09484,0.75701,9.08558,1.00000,0.17030,4
0.00019,1.00000,45.36418,1.00000,1.72816,0
0.01532,0.07001,45.61673,1.00000,1.68633,1
0.01078,0.16725,44.57564,0.00000,1.65508,1
0.05069,0.82684,40.74417,1.00000,0.31980,2
0.00415,0.19783,45.70821,0.00000,1.65493,1
0.08616,0.61290,8.47706,1.00000,0.16748,4
0.11001,0.69145,8.46762,1.00000,0.14475,4
0.09647,0.45291,46.02430,1.00000,1.72294,3
0.09534,0.49145,49.96900,1.00000,0.77253,2
0.00012,0.89474,44.75033,0.00000,1.59587,0
0.04296,0.05907,44.72108,0.00000,1.65505,1
0.00006,1.00000,45.44971,1.00000,1.76540,0
0.09076,0.59762,9.39553,1.00000,0.17379,4
0.05116,0.06583,45.52539,1.00000,1.69651,1
0.07482,0.62434,8.18683,1.00000,0.14830,4
0.02263,0.05907,45.11461,0.00000,1.65811,1
0.08314,0.56221,51.08348,1.00000,0.63111,2
0.00019,1.00000,45.65458,1.00000,1.77330,0
0.00539,0.22414,45.16667,0.00000,1.66598,1
0.07413,0.64894,10.35839,1.00000,0.19482,4
0.05490,0.66008,9.44157,1.00000,0.13233,4
0.08203,0.80969,44.88737,1.00000,1.44246,3
0.00038,1.00000,45.40973,1.00000,1.69319,0
0.05606,0.81522,9.17266,1.00000,0.14783,4
0.09695,0.56559,45.32175,1.00000,1.57955,3
0.09082,0.76027,45.43578,1.00000,1.42446,3
0.04833,1.00000,22.54773,1.00000,0.23946,4
0.09701,0.54664,43.77881,1.00000,1.49131,3
0.08597,0.58864,49.95806,1.00000,0.79093,2
0.01119,0.07717,46.26761,1.00000,1.70657,1
0.00005,1.00000,44.54991,1.00000,1.67787,0
0.06945,0.63793,46.43983,1.00000,1.55004,3
0.08832,0.08663,45.25464,1.00000,1.70844,1
0.10384,0.65653,44.33633,1.00000,1.65050,3
0.02005,0.04821,44.53585,0.00000,1.64476,1
0.08254,0.78977,46.23655,1.00000,1.42866,3
0.08829,0.40865,44.73619,1.00000,0.51043,2
0.00001,1.00000,45.59369,1.00000,0.61138,0
0.06905,0.73793,15.20797,1.00000,0.16727,4
0.00009,1.00000,44.66028,1.00000,1.74935,0
0.09315,0.61675,45.91242,1.00000,0.46100,2
0.07266,0.06778,46.21249,1.00000,1.71685,1
0.05615,0.05931,45.68145,1.00000,1.69051,1
0.09045,0.60138,50.28600,1.00000,0.75059,2
0.03164,0.03226,44.19122,0.00000,1.61745,1
0.05892,0.41000,46.01473,1.00000,1.57105,3
0.00003,1.00000,46.30315,1.00000,1.46508,0
0.00044,1.00000,45.42689,1.00000,1.62354,0
0.09461,0.57562,9.06521,1.00000,0.15203,4
0.09101,0.85780,54.47106,1.00000,0.52027,2
0.07911,0.51029,45.64208,1.00000,1.65504,3
0.08188,0.69697,48.45539,1.00000,0.13739,2
0.00008,1.00000,45.30883,1.00000,1.64870,0
0.00359,1.00000,12.21876,1.00000,0.23710,4
0.08592,0.50509,45.50319,1.00000,1.60305,3
0.08341,0.86977,47.62579,1.00000,0.83178,2
0.07799,0.74684,7.85310,1.00000,0.13051,4
0.08365,0.45988,49.13692,1.00000,0.64263,2
0.09292,0.53047,8.57693,1.00000,0.13950,4
0.08838,0.53846,10.33153,1.00000,0.18093,4
0.08805,0.52885,10.37855,1.00000,0.19255,4
0.08688,0.65421,8.80423,1.00000,0.13799,4
0.02706,0.07700,45.00459,0.00000,1.62595,1
0.07552,0.72355,9.72050,1.00000,0.15636,4
0.06480,0.76296,44.92656,1.00000,1.59104,3
0.07884,0.64965,51.57281,1.00000,0.32846,2
0.07755,0.60841,45.90025,1.00000,1.69581,3
0.02094,0.05688,45.94968,1.00000,1.64899,1
0.07235,0.88889,45.12092,1.00000,0.82371,2
0.00010,0.88732,44.69665,0.00000,1.63911,0
0.07217,0.62006,9.40754,1.00000,0.19006,4
0.08802,0.70915,11.25997,1.00000,0.22101,4
0.00011,1.00000,44.74063,1.00000,1.71334,0
0.03713,0.81410,10.54146,1.00000,0.17703,4
0.00057,1.00000,45.37616,1.00000,1.68896,0
0.08404,0.91057,11.60322,1.00000,0.15155,4
0.08825,0.63679,46.54459,1.00000,1.39291,3
0.01497,0.07579,44.68214,0.00000,1.63969,1
0.00018,1.00000,44.25487,1.00000,1.66688,0
0.10372,0.73077,9.68181,1.00000,0.20614,4
0.00130,0.50435,44.99413,1.00000,1.69818,1
0.09313,0.42202,45.15565,1.00000,1.59138,3
0.09883,0.57935,45.93646,1.00000,0.65650,2
0.01996,0.09442,45.82839,1.00000,1.68967,1
0.05944,1.00000,46.55851,1.00000,1.36516,3
0.09348,0.45681,44.86756,1.00000,1.68778,3
0.08490,0.49323,43.53579,1.00000,0.15995,2
0.05600,0.04171,45.51661,0.00000,1.68032,1
0.08836,0.61580,7.20938,1.00000,0.16344,4
0.07427,0.49388,43.61871,1.00000,0.47762,2
0.06750,0.64055,7.72160,1.00000,0.13073,4
0.09883,0.64602,8.37006,1.00000,0.14516,4
0.07220,0.45063,45.92817,1.00000,1.66610,3
0.00035,0.83333,44.67403,0.00000,1.64260,0
0.00010,1.00000,45.38991,1.00000,1.67305,0
0.00007,1.00000,45.08287,1.00000,1.55537,0
0.08285,0.39935,46.53898,1.00000,0.60067,2
0.08162,0.81100,48.06789,1.00000,0.52700,2
0.01559,0.04069,44.09273,1.00000,1.69342,1
0.01711,0.16338,45.98799,1.00000,1.69648,1
0.00010,1.00000,44.68595,1.00000,1.61399,0
0.09240,0.66491,45.96797,1.00000,1.66276,3
0.00006,1.00000,44.87171,1.00000,1.75529,0
0.00006,1.00000,45.12825,1.00000,1.55982,0
0.08367,0.53252,46.05175,1.00000,1.62057,3
0.08232,0.59854,45.45102,1.00000,1.58549,3
0.06251,0.61326,44.81321,1.00000,1.46771,3
0.00007,0.92857,45.59916,0.00000,1.65989,0
0.09046,0.55711,45.30934,1.00000,1.68578,3
0.07709,0.80081,10.51934,1.00000,0.22118,4
0.07305,0.66384,45.41593,1.00000,1.34880,3
0.08833,0.54737,45.50616,1.00000,1.54157,3
0.09800,0.64015,48.12332,1.00000,0.18010,2
0.00539,0.19622,44.85053,1.00000,1.70929,1
0.07018,0.64165,45.68016,1.00000,1.46414,3
0.08088,0.39430,38.81610,1.00000,0.74224,2
0.00001,1.00000,45.37701,1.00000,0.55673,0
0.09658,0.56169,6.96277,1.00000,0.11966,4
0.08531,0.51202,8.26429,1.00000,0.15976,4
0.08417,0.79859,7.41882,1.00000,0.15181,4
0.08086,0.71200,12.33303,1.00000,0.23218,4
0.01840,0.05366,46.64292,0.00000,1.63156,1
0.08613,0.58225,10.70146,1.00000,0.20275,4
0.09305,0.51483,39.91673,1.00000,0.63378,2
0.07767,0.62400,8.76553,1.00000,0.15273,4
0.08268,0.53811,44.87927,1.00000,0.42190,2
0.21383,0.07595,45.34354,1.00000,1.71844,1
0.00020,1.00000,46.92665,1.00000,1.64199,0
0.10576,0.98193,47.97467,1.00000,0.00000,2
0.01512,0.06133,45.27724,1.00000,1.68018,1
0.07720,0.51082,10.55995,1.00000,0.20468,4
0.01250,0.05464,45.68941,0.00000,1.61992,1
0.11710,0.66038,7.41440,1.00000,0.10334,4
0.05746,0.58824,9.37871,1.00000,0.17097,4
0.00844,0.13504,46.24366,1.00000,1.67803,1
0.04205,0.04069,45.62747,1.00000,1.70997,1
0.07090,0.57714,9.44976,1.00000,0.15649,4
0.10237,0.49509,45.46145,1.00000,1.67034,3
0.07889,0.62373,11.42290,1.00000,0.19694,4
0.07742,0.50951,44.62071,1.00000,0.68266,2
0.00000,1.00000,0.00000,1.00000,0.00000,0
0.08547,0.58192,8.40784,1.00000,0.14485,4
0.04124,0.05366,45.60521,1.00000,1.70677,1
0.00018,1.00000,45.27526,1.00000,1.68612,0
0.10008,0.55532,8.85319,1.00000,0.14941,4
0.00026,0.84783,45.61111,0.00000,1.59143,0
0.08219,0.62387,45.07023,1.00000,1.46628,3
0.09667,0.48297,49.87208,1.00000,0.40854,2
0.06010,0.70280,46.38265,1.00000,1.26598,3
0.05424,0.70370,8.43514,1.00000,0.12808,4
0.08731,0.42096,40.53972,1.00000,0.60685,2
0.05191,0.73684,9.13344,1.00000,0.14370,4
0.00029,1.00000,46.01868,1.00000,1.62754,0
0.08222,0.51288,10.49550,1.00000,0.21339,4
0.09445,0.68498,8.24063,1.00000,0.15310,4
0.00090,0.83228,45.01085,1.00000,1.70786,1
0.00941,0.10738,45.58190,1.00000,1.68136,1
0.00173,1.00000,46.88432,1.00000,1.61738,0
0.07981,0.98333,50.76043,1.00000,0.46569,2
0.06719,0.84411,44.31711,1.00000,1.60747,3
0.00004,1.00000,44.90398,1.00000,1.67018,0
0.06621,0.87952,9.74889,1.00000,0.19947,4
0.09618,0.53158,9.59914,1.00000,0.15060,4
0.00535,0.16107,46.40533,1.00000,1.73985,1
0.01230,0.07587,46.73075,1.00000,1.70453,1
0.02303,0.07256,45.80156,1.00000,1.68095,1
0.01044,0.06688,45.49185,1.00000,1.71880,1
0.08997,0.51415,47.75860,1.00000,0.26492,2
0.08953,0.57708,42.54645,1.00000,0.56890,2
0.08815,0.46469,7.80168,1.00000,0.14746,4
0.04947,0.04811,45.19936,1.00000,1.70922,1
0.00905,0.09013,45.60020,1.00000,1.70374,1
0.00053,1.00000,46.20213,1.00000,1.68146,0
0.01218,1.00000,11.81159,1.00000,0.19661,4
0.09618,0.90452,8.55247,1.00000,0.14084,4
0.09422,0.52070,44.64372,1.00000,1.61996,3
0.00002,1.00000,44.94861,1.00000,1.55290,0
0.00005,1.00000,45.49424,1.00000,1.77370,0
0.00011,1.00000,44.42179,1.00000,1.63594,0
0.09177,0.83260,10.07983,1.00000,0.17522,4
0.08421,0.48268,47.33461,1.00000,0.52356,2
0.08471,0.58882,7.71577,1.00000,0.17702,4
0.09136,0.50630,45.58070,1.00000,0.73136,2
0.00680,0.16569,44.70404,0.00000,1.66509,1
0.04952,0.95954,45.31499,1.00000,1.36397,3
0.10731,0.51111,44.91917,1.00000,1.40280,3
0.07059,0.73244,10.07662,1.00000,0.19939,4
0.10680,0.67120,42.06823,1.00000,0.31970,2
0.00008,1.00000,45.00957,1.00000,1.80062,0
0.00610,0.11849,45.15487,0.00000,1.65098,1
0.00939,0.21085,45.87911,0.00000,1.65092,1
0.10790,0.58726,38.52950,1.00000,0.73705,2
0.00140,0.83146,44.88211,1.00000,1.72123,1
0.11087,0.64439,47.93214,1.00000,0.50695,2
0.08346,0.72318,44.71124,1.00000,1.57348,3
0.00015,1.00000,44.96139,1.00000,1.55804,0
0.00009,1.00000,44.66790,1.00000,1.62429,0
0.08268,0.48283,50.85590,1.00000,0.53217,2
0.05864,0.96774,45.36279,1.00000,1.31729,3
0.01454,1.00000,11.83239,1.00000,0.14809,4
0.07771,0.38722,47.28185,1.00000,0.80984,2
0.09678,0.49109,49.39893,1.00000,0.37160,2
0.00562,0.44623,45.05385,1.00000,1.72979,1
0.09497,0.65810,50.31125,1.00000,0.86569,2
0.08382,0.64286,10.05418,1.00000,0.15904,4
0.08101,0.77528,9.79096,1.00000,0.16695,4
0.01264,0.08051,44.01805,1.00000,1.70958,1
0.00595,0.18825,44.75256,0.00000,1.66530,1
0.08246,0.52906,44.41487,1.00000,1.67275,3
0.07869,0.62931,46.61002,1.00000,1.58508,3
0.07320,0.62768,45.15700,1.00000,1.60717,3
0.04980,0.02915,45.55976,0.00000,1.66399,1
0.02388,0.22403,45.24549,0.00000,1.65359,1
0.06653,0.70732,44.12152,1.00000,1.66961,3
0.06646,0.55276,9.01570,1.00000,0.13139,4
0.09202,0.54979,44.08778,1.00000,0.59581,2
0.00008,1.00000,44.56835,1.00000,1.60530,0
0.00225,0.32768,45.68127,0.00000,1.68185,1
0.07964,0.65909,44.46861,1.00000,1.59799,3
0.00005,1.00000,44.23902,1.00000,1.55697,0
0.03304,0.06120,45.67681,0.00000,1.63708,1
0.07750,0.69106,45.80204,1.00000,1.56843,3
0.00004,1.00000,45.87833,1.00000,1.74424,0
0.08554,0.43186,48.47761,1.00000,0.82794,2
0.01001,1.00000,17.56715,1.00000,0.23235,4
0.00064,0.68974,44.59395,0.00000,1.67431,1
0.08719,0.52326,45.51882,1.00000,1.67251,3
0.05511,0.94954,51.33344,1.00000,0.88338,2
0.06809,0.62260,47.48136,1.00000,0.39344,2
0.04895,0.59130,9.14700,1.00000,0.18175,4
0.06035,0.75510,46.86058,1.00000,0.49671,2
0.09248,0.44314,44.46724,1.00000,1.62292,3
0.05327,1.00000,52.22889,1.00000,0.46210,2
0.00045,1.00000,45.82928,1.00000,1.61739,0
0.01948,0.07970,46.15559,1.00000,1.70916,1
0.04562,0.96154,11.78583,1.00000,0.15446,4
0.09271,0.48785,46.16830,1.00000,1.70753,3
0.07719,0.64225,11.47280,1.00000,0.21101,4
0.08985,0.84000,47.88582,1.00000,0.31351,2
0.00609,0.38201,46.16946,1.00000,1.70532,1
0.00270,0.74209,43.38664,1.00000,1.67376,1
0.06641,0.64962,9.36317,1.00000,0.16575,4
0.00000,1.00000,45.91216,1.00000,0.98726,0
0.08212,0.57907,7.80837,1.00000,0.17148,4
0.01463,0.11294,44.90392,1.00000,1.70972,1
0.00025,0.88095,45.02999,0.00000,1.60633,0
0.10024,0.54098,45.83736,1.00000,0.46418,2
0.07679,0.51967,44.66873,1.00000,1.51566,3
0.07925,0.83092,48.41778,1.00000,0.15433,2
0.09488,0.66346,8.35207,1.00000,0.15986,4
0.03029,0.07158,45.07235,0.00000,1.63297,1
0.06568,0.97041,40.98678,1.00000,0.57677,2
0.00002,1.00000,45.31378,1.00000,1.80600,0
0.03418,0.02503,44.35541,0.00000,1.65156,1
0.08269,0.80851,45.29847,1.00000,0.70394,2
0.00002,1.00000,45.47878,1.00000,1.74442,0
0.09078,0.51975,7.59448,1.00000,0.15548,4
0.00755,0.17937,44.41674,1.00000,1.69022,1
0.09177,0.39933,38.45427,1.00000,0.54320,2
0.06726,0.67147,8.91099,1.00000,0.17998,4
0.05703,0.89130,45.25755,1.00000,0.85997,3
0.09327,0.47021,45.14268,1.00000,0.69766,2
0.02278,0.04277,45.55969,0.00000,1.62258,1
0.09786,0.48824,47.86002,1.00000,0.72319,2
0.00010,0.88764,44.66852,0.00000,1.68517,0
0.00003,1.00000,46.07380,1.00000,1.51880,0
0.10288,0.36672,46.08751,1.00000,0.64675,2
0.07602,0.67324,45.95796,1.00000,1.68894,3
0.02744,0.05797,45.43550,0.00000,1.63282,1
0.09488,0.71429,45.62459,1.00000,1.41092,3
0.05301,0.82105,13.83655,1.00000,0.19757,4
0.09078,0.64973,7.09780,1.00000,0.14785,4
0.07136,0.54237,10.31010,1.00000,0.20559,4
0.09004,0.58882,9.79645,1.00000,0.19882,4
0.08677,0.52878,45.90264,1.00000,1.54141,3
0.00023,0.82500,45.86462,0.00000,1.63215,0
0.00009,1.00000,45.88669,1.00000,1.77307,0
0.07676,0.57209,9.45950,1.00000,0.15285,4
0.08986,0.52233,46.38512,1.00000,1.65370,3
0.09934,0.69925,47.12103,1.00000,0.40673,2
0.06814,0.94904,45.18614,1.00000,1.55211,3
0.01437,0.06224,45.49013,0.00000,1.66947,1
0.08668,0.69782,8.77953,1.00000,0.19216,4
0.09417,0.43750,46.25184,1.00000,1.58023,3
0.00995,0.14140,45.58249,1.00000,1.70874,1
0.09079,0.59459,47.53210,1.00000,0.38101,2
0.07179,0.59524,45.21613,1.00000,1.66398,3
0.09003,0.56703,50.23764,1.00000,0.57864,2
0.07371,0.79528,46.84977,1.00000,0.46861,2
0.00028,0.77889,46.15492,0.00000,1.65228,0
0.08956,0.60305,7.69159,1.00000,0.13852,4
0.01848,0.07256,45.43768,1.00000,1.69790,1
0.00095,0.79837,44.38115,1.00000,1.68814,1
0.00032,0.80412,46.24673,0.00000,1.65307,0
0.12152,0.02918,44.82706,0.00000,1.66791,1
0.00327,0.32808,45.42658,0.00000,1.67538,1
0.06547,0.51537,9.31411,1.00000,0.14576,4
0.00365,0.82822,43.50221,0.00000,1.66198,0
0.03001,0.04397,46.47130,0.00000,1.64859,1
0.01651,0.09432,44.69492,0.00000,1.65286,1
0.08823,0.50707,44.58441,1.00000,1.67399,3
0.09412,0.76207,7.68978,1.00000,0.19866,4
0.07749,0.64055,49.86853,1.00000,0.53244,2
0.06950,0.56659,45.01585,1.00000,1.66000,3
0.02294,0.98718,10.53029,1.00000,0.26209,4
0.06125,0.52655,8.89722,1.00000,0.15602,4
0.00016,1.00000,46.06438,1.00000,1.72119,0
0.09140,0.53648,52.23277,1.00000,0.22777,2
0.01151,0.06702,45.09192,0.00000,1.68157,1
0.08172,0.47358,47.80443,1.00000,0.65908,2
0.09203,0.42230,46.65016,1.00000,1.54479,3
0.04790,0.03854,44.89095,0.00000,1.65910,1
0.00015,1.00000,44.69751,1.00000,1.66390,0
0.09986,0.69643,44.04928,1.00000,1.49613,3
0.00005,1.00000,44.89944,1.00000,1.59218,0
0.10453,0.69252,45.39461,1.00000,1.65064,3
0.02090,0.05791,45.00994,1.00000,1.71237,1
0.08344,0.67838,8.02623,1.00000,0.11215,4
0.00016,1.00000,45.56395,1.00000,1.63192,0
0.00031,1.00000,45.30590,1.00000,1.59076,0
0.09116,0.51837,45.18777,1.00000,1.65907,3
0.08961,0.51931,46.53615,1.00000,0.08752,2
0.00926,0.09570,44.56015,1.00000,1.72961,1
0.00005,1.00000,45.17603,1.00000,1.76552,0
0.08850,0.55909,46.05015,1.00000,1.68304,3
0.01424,0.05797,44.13425,1.00000,1.68802,1
0.00011,1.00000,45.16978,1.00000,1.74418,0
0.08338,0.46735,50.63655,1.00000,0.40851,2
0.02661,0.03862,45.24460,0.00000,1.64839,1
0.00748,0.17807,45.38941,1.00000,1.72960,1
0.01986,0.05458,45.01880,1.00000,1.70480,1
0.08504,0.59834,7.67844,1.00000,0.15945,4
0.03890,0.05797,45.98398,0.00000,1.64097,1
0.07450,0.73737,44.83232,1.00000,1.48889,3
0.09075,0.61000,45.38712,1.00000,1.55138,3
0.08680,0.53350,8.50509,1.00000,0.11258,4
0.06228,0.99259,45.32337,1.00000,1.36795,3
0.09439,0.53533,44.60177,1.00000,1.66762,3
0.00003,0.82857,44.01982,0.00000,1.63158,0
0.09843,0.45438,49.20128,1.00000,0.72984,2
0.03414,0.05258,45.73171,1.00000,1.72036,1
0.01107,0.12514,45.65925,1.00000,1.69285,1
0.09539,0.58993,48.24288,1.00000,0.70944,2
0.01203,0.06897,45.36271,1.00000,1.70441,1
0.00004,1.00000,46.05372,1.00000,1.66203,0
0.00000,1.00000,45.56807,1.00000,0.86758,0
0.01182,0.09827,44.89173,1.00000,1.70392,1
0.00068,1.00000,44.61843,1.00000,1.65388,0
0.00007,1.00000,45.50180,1.00000,1.60141,0
0.05547,0.69434,7.41855,1.00000,0.13684,4
0.09697,0.45962,47.84004,1.00000,0.45581,2
0.03358,1.00000,59.06627,1.00000,0.39213,2
0.10238,0.90116,48.02137,1.00000,0.63275,2
0.07938,0.55510,45.34211,1.00000,1.57382,3
0.09114,0.56048,39.00532,1.00000,0.34979,2
0.07337,0.58173,8.12593,1.00000,0.13919,4
0.00007,1.00000,45.19226,1.00000,1.55721,0
0.09735,0.40642,50.21587,1.00000,0.53840,2
0.06489,0.51458,8.92583,1.00000,0.13732,4
0.00032,0.91667,45.68433,0.00000,1.69166,0
0.10162,0.50928,40.89333,1.00000,0.56042,2
0.02651,0.08691,44.72635,0.00000,1.67628,1
0.00011,0.92405,45.74915,0.00000,1.64197,0
0.08558,0.47485,48.35028,1.00000,0.62020,2
0.00069,1.00000,45.29613,1.00000,1.63847,0
0.01755,0.08672,45.71436,1.00000,1.68279,1
0.00185,0.53214,45.74773,1.00000,1.69169,1
0.00692,0.11538,44.75049,1.00000,1.69987,1
0.08181,0.59179,46.92115,1.00000,0.43725,2
0.09189,0.62353,44.43431,1.00000,1.01333,2
0.00510,0.96907,52.84659,1.00000,0.64656,2
0.08579,0.44211,45.28611,1.00000,1.72411,3
0.04824,0.65714,46.03598,1.00000,1.66662,3
0.04582,0.94444,45.87045,1.00000,0.94167,3
0.01337,0.17606,44.96698,1.00000,1.67626,1
0.00011,1.00000,45.59187,1.00000,1.63739,0
0.00036,1.00000,44.59194,1.00000,1.77812,0
0.07025,0.56250,46.57023,1.00000,0.44423,2
0.07619,0.49409,45.14829,1.00000,1.62141,3
0.00003,1.00000,45.51364,1.00000,1.64850,0
0.08265,0.51440,44.38313,1.00000,1.63771,3
0.02993,0.05377,45.00749,1.00000,1.70863,1
0.07619,0.59722,40.49847,1.00000,0.15145,2
0.05308,0.56596,8.92941,1.00000,0.16715,4
0.07471,0.68101,47.41065,1.00000,1.62438,3
0.07884,0.72372,9.07558,1.00000,0.14009,4
0.07232,0.78008,9.04095,1.00000,0.19086,4
0.08425,0.70180,47.84210,1.00000,0.64798,2
0.08680,0.59836,48.77512,1.00000,0.41400,2
0.01371,0.06806,46.47208,0.00000,1.63513,1
0.08614,0.56054,43.99686,1.00000,0.82332,2
0.01906,0.04811,45.20157,1.00000,1.67501,1
0.08315,0.56374,9.59037,1.00000,0.17287,4
0.00372,0.35035,45.62670,1.00000,1.70408,1
0.09792,0.51011,40.37749,1.00000,0.31214,2
0.00457,0.21429,44.41236,0.00000,1.65765,1
0.04569,0.85276,8.61290,1.00000,0.10536,4
0.00002,0.86957,45.19299,0.00000,1.47453,0
0.00021,1.00000,45.29666,1.00000,1.67432,0
0.00028,0.75225,44.93525,0.00000,1.65898,0
0.08241,0.51115,46.02452,1.00000,1.62816,3
0.02288,0.06674,45.04820,0.00000,1.64830,1
0.00001,0.66667,44.29692,0.00000,1.09407,0
0.00596,0.41240,46.00188,1.00000,1.70242,1
0.07486,0.70571,10.21164,1.00000,0.19791,4
0.00010,1.00000,45.16321,1.00000,1.61525,0
0.07650,0.69182,6.99081,1.00000,0.15464,4
0.00446,0.77387,45.74480,0.00000,1.66282,0
0.08880,0.63662,49.04989,1.00000,0.56481,2
0.00973,0.20292,44.23858,1.00000,1.70399,1
0.07618,0.58500,10.98705,1.00000,0.21026,4
0.02171,0.04611,45.26869,1.00000,1.72642,1
0.08880,0.80866,46.43481,1.00000,1.67234,3
0.00009,1.00000,45.26818,1.00000,1.72760,0
0.05891,0.58140,10.02802,1.00000,0.15341,4
0.09842,0.57471,8.85278,1.00000,0.19869,4
0.00319,0.26003,45.63521,0.00000,1.67223,1
0.00771,0.72010,45.61233,1.00000,1.70461,1
0.07400,0.50564,44.40527,1.00000,1.55654,3
0.10767,0.77586,49.08825,1.00000,0.68110,2
0.00001,0.90909,44.04274,0.00000,1.60696,0
0.00001,0.80000,45.24801,0.00000,1.54320,0
0.05715,0.55462,44.11467,1.00000,1.66906,3
0.07416,0.62222,9.76512,1.00000,0.16063,4
0.08506,0.44701,45.09704,1.00000,1.68206,3
0.09213,0.70779,42.29056,1.00000,0.29982,2
0.00011,1.00000,45.62941,1.00000,1.73667,0
0.04158,0.85246,8.53408,1.00000,0.17610,4
0.08424,0.51931,45.15421,1.00000,1.58264,3
0.02615,0.98319,9.87828,1.00000,0.14665,4
0.00002,1.00000,44.02132,1.00000,1.72303,0
0.05157,0.93168,47.68271,1.00000,0.69076,2
0.09788,0.59716,48.59881,1.00000,0.71250,2
0.02239,0.08617,45.28901,1.00000,1.72446,1
0.00051,1.00000,44.92831,1.00000,1.72115,0
0.11163,0.68224,9.46781,1.00000,0.17949,4
0.05721,0.81338,49.87583,1.00000,0.35211,2
0.10770,0.50258,9.16184,1.00000,0.15001,4
0.08236,0.75510,7.74112,1.00000,0.14093,4
0.08709,0.46047,44.96058,1.00000,1.65783,3
0.00019,1.00000,46.44349,1.00000,1.62717,0
0.09239,0.67639,48.52537,1.00000,0.75650,2
0.08221,0.46838,9.26666,1.00000,0.16429,4
0.08211,0.44936,46.60349,1.00000,0.50533,2
0.00006,1.00000,46.41224,1.00000,1.73719,0
0.01734,0.09355,43.94603,1.00000,1.67009,1
0.06508,0.71841,12.42112,1.00000,0.15968,4
0.04348,0.07587,46.02088,0.00000,1.65986,1
0.00552,0.14253,45.73166,0.00000,1.64530,1
0.08752,0.53293,44.85705,1.00000,1.63431,3
0.05765,0.82061,44.47089,1.00000,1.62503,3
0.07993,0.90062,48.00410,1.00000,0.09941,2
0.00086,0.82558,45.15099,0.00000,1.66711,0
0.00005,0.88571,45.65819,0.00000,1.69891,0
0.08228,0.61640,8.77832,1.00000,0.13526,4
0.00306,0.35260,46.22236,0.00000,1.66166,1
0.04347,1.00000,16.67995,1.00000,0.23320,4
0.00017,0.82895,43.43300,0.00000,1.62486,0
0.07783,0.47761,48.65252,1.00000,0.41604,2
0.01892,0.07822,44.72438,1.00000,1.69839,1
0.03831,0.05242,45.46395,1.00000,1.68611,1
0.07245,0.52784,45.91551,1.00000,1.64884,3
0.09681,0.90708,45.60972,1.00000,1.29744,3
0.07639,0.54777,46.63069,1.00000,1.43693,3
0.06431,0.82230,46.35929,1.00000,0.60347,2
0.08426,0.53247,44.23846,1.00000,1.59574,3
0.00008,1.00000,45.96621,1.00000,1.63209,0
0.08960,0.60950,8.54515,1.00000,0.14220,4
0.07205,0.75732,46.30858,1.00000,1.53186,3
0.06453,0.95000,45.88157,1.00000,1.56493,3
0.06525,0.03226,43.89019,0.00000,1.69245,1
0.08386,0.45471,45.79566,1.00000,1.63215,3
0.07693,0.43390,42.10519,1.00000,0.63936,2
0.00024,1.00000,45.14336,1.00000,1.74214,0
0.08432,0.86765,45.46864,1.00000,1.19787,3
0.06598,1.00000,45.11653,1.00000,1.36880,3
0.00017,1.00000,45.95718,1.00000,1.70091,0
0.00183,0.91781,45.30359,0.00000,1.60009,0
0.07616,0.78065,9.12846,1.00000,0.14830,4
0.04710,0.98020,11.92297,1.00000,0.20182,4
0.08951,0.46169,47.23335,1.00000,0.42097,2
0.04046,0.97222,10.68056,1.00000,0.14235,4
0.02001,0.09473,46.14943,1.00000,1.69980,1
0.08032,0.68817,8.70981,1.00000,0.13947,4
0.08082,0.62183,45.03758,1.00000,1.79892,3
0.06192,0.73333,8.84497,1.00000,0.16177,4
0.07496,0.62299,45.22086,1.00000,1.56400,3
0.01524,0.08635,45.97492,0.00000,1.61850,1
0.07119,0.75740,9.59060,1.00000,0.15765,4
0.09275,0.93210,7.18003,1.00000,0.15901,4
0.10682,0.48354,45.39818,1.00000,0.80932,2
0.07420,0.62588,47.07429,1.00000,1.64490,3
0.02331,0.09101,45.06087,1.00000,1.73714,1
0.00017,1.00000,44.29351,1.00000,1.68176,0
0.00072,0.78857,45.10209,0.00000,1.65911,0
0.08535,0.66271,44.76091,1.00000,0.67646,2
0.08052,0.55702,45.75180,1.00000,0.18714,2
0.06752,0.49900,34.51367,1.00000,0.52943,2
0.08157,0.56710,44.30764,1.00000,1.58103,3
0.00020,1.00000,45.92985,1.00000,1.66081,0
0.01496,0.10390,44.95023,1.00000,1.70856,1
0.07248,0.51620,7.47133,1.00000,0.14963,4
0.08528,0.69775,8.92627,1.00000,0.15106,4
0.00017,1.00000,46.04457,1.00000,1.76481,0
0.00006,1.00000,43.14266,1.00000,1.58016,0
0.00001,1.00000,44.60799,1.00000,1.43989,0
0.09379,0.44867,44.79767,1.00000,0.44392,2
0.00003,1.00000,45.51502,1.00000,1.65204,0
0.09767,0.70509,43.44884,1.00000,0.73202,2
0.06879,0.16550,44.45592,0.00000,1.68790,1
0.07129,0.79931,52.36429,1.00000,0.43165,2
0.01770,0.07603,45.72154,1.00000,1.70952,1
0.06366,0.66838,44.49002,1.00000,1.43826,3
0.07048,0.63840,44.31959,1.00000,0.67734,2
0.09534,0.58702,8.21303,1.00000,0.16981,4
0.07500,0.75000,45.35811,1.00000,1.43877,3
0.08243,0.46812,45.49797,1.00000,1.70502,3
0.08948,0.12667,45.89271,1.00000,1.70151,1
0.00504,0.18139,43.92802,1.00000,1.72902,1
0.00036,1.00000,45.76228,1.00000,1.67584,0
0.10230,0.62176,45.24906,1.00000,1.47494,3
0.08970,0.48231,44.63471,1.00000,1.59207,3
0.09652,0.50400,45.61752,1.00000,1.61710,3
0.00331,0.22459,43.47898,0.00000,1.62869,1
0.08355,0.65507,10.02573,1.00000,0.16029,4
0.07761,0.78873,31.86061,1.00000,0.19785,2
0.05385,0.58129,8.10467,1.00000,0.15848,4
0.09195,0.45113,45.27462,1.00000,1.56671,3
0.09741,0.59811,46.02568,1.00000,1.64348,3
0.08792,0.61137,45.68075,1.00000,1.59073,3
0.00009,1.00000,45.25644,1.00000,1.63747,0
0.08705,0.52906,46.63632,1.00000,0.66604,2
0.00007,1.00000,46.08757,1.00000,1.63889,0
0.02959,0.09560,45.47952,0.00000,1.66433,1
0.00015,0.86813,43.85107,0.00000,1.69131,0
0.08780,0.59269,10.97382,1.00000,0.18191,4
0.08482,0.48682,11.21037,1.00000,0.20210,4
0.10345,0.58202,45.03701,1.00000,1.45402,3
0.08673,0.50196,45.23320,1.00000,1.65142,3
0.04115,0.88608,45.41844,1.00000,1.70270,3
0.07501,0.76351,45.65179,1.00000,1.66013,3
0.09110,0.64169,45.86426,1.00000,1.46942,3
0.12863,0.90303,45.99260,1.00000,1.13076,3
0.00008,1.00000,45.23820,1.00000,1.77778,0
0.08997,0.54219,44.41953,1.00000,1.56690,3
0.00018,0.86842,46.79128,0.00000,1.69175,0
0.11741,0.07150,43.88693,0.00000,1.64200,1
0.08801,0.69424,45.59990,1.00000,1.65741,3
0.08024,0.40554,45.22884,1.00000,0.50902,2
0.07380,0.87442,48.13578,1.00000,0.54101,2
0.06963,0.53412,44.90644,1.00000,1.68150,3
0.09972,0.59902,50.78222,1.00000,0.33525,2
0.07635,0.81951,45.45575,1.00000,0.84562,2
0.01858,0.08051,43.89165,0.00000,1.67033,1
0.00988,0.07822,43.94109,1.00000,1.69349,1
0.07701,0.43130,43.92941,1.00000,0.55693,2
0.03552,0.02823,46.26653,0.00000,1.65508,1
0.08666,0.65608,45.85216,1.00000,1.57139,3
0.00012,1.00000,45.13080,1.00000,1.66853,0
0.06119,0.86555,44.77429,1.00000,1.66002,3
0.09892,0.89831,47.68138,1.00000,0.00000,2
0.01494,0.40396,46.15867,1.00000,1.70360,1
0.09583,0.82014,45.04138,1.00000,1.60893,3
0.01623,0.07030,45.51008,1.00000,1.71376,1
0.07353,0.46975,46.85193,1.00000,0.65716,2
0.08394,0.57349,40.04078,1.00000,0.25462,2
0.09170,0.71096,47.65747,1.00000,0.45705,2
0.05257,0.37942,45.61645,1.00000,1.70797,3
0.09831,0.49894,41.34003,1.00000,0.52879,2
0.00001,1.00000,45.43388,1.00000,1.50565,0
0.07803,0.66286,45.23740,1.00000,1.48436,3
0.08745,0.36493,45.93240,1.00000,1.60984,3
0.07823,0.69432,8.78018,1.00000,0.17662,4
0.07720,0.89571,44.85589,1.00000,1.48044,3
0.12446,0.86000,8.72944,1.00000,0.13522,4
0.07299,0.86122,45.80003,1.00000,1.37523,3
0.08330,0.77231,48.03953,1.00000,0.42151,2
0.09537,0.78667,50.06653,1.00000,0.59767,2
0.09868,0.63868,45.18586,1.00000,1.55517,3
0.00013,1.00000,44.70683,1.00000,1.61229,0
0.22039,0.06276,45.44819,0.00000,1.63789,1
0.00730,0.09957,44.89139,1.00000,1.69977,1
0.07061,0.55471,48.16268,1.00000,0.50754,2
0.07808,0.61628,46.09476,1.00000,1.49703,3
0.06403,0.56579,48.06192,1.00000,0.57062,2
0.06878,0.99310,45.19775,1.00000,1.29131,3
0.07710,0.97222,15.61407,1.00000,0.17043,4
0.08671,0.50000,7.14232,1.00000,0.12074,4
0.00009,1.00000,46.33251,1.00000,1.68355,0
0.08660,0.94958,49.67476,1.00000,0.32088,2
0.00001,1.00000,44.90537,1.00000,0.39898,0
0.07720,0.53211,10.63095,1.00000,0.18672,4
0.00005,1.00000,45.74262,1.00000,1.75974,0
0.07930,0.74044,45.82592,1.00000,1.60494,3
0.13073,0.02814,45.09452,0.00000,1.67633,1
0.10319,0.44930,48.69457,1.00000,0.43214,2
0.05138,0.95522,50.02941,1.00000,0.62763,2
0.02903,0.94152,46.99988,1.00000,0.78633,2
0.06296,0.74897,44.51938,1.00000,1.62457,3
0.00029,1.00000,44.50263,1.00000,1.62657,0
0.05008,0.80172,9.27117,1.00000,0.14808,4
0.00763,0.16437,46.03631,1.00000,1.70437,1
0.09488,0.47134,38.59098,1.00000,0.54198,2
0.09575,0.51732,45.06569,1.00000,1.63999,3
0.09056,0.42884,45.84380,1.00000,1.63828,3
0.08947,0.46961,45.80534,1.00000,0.41725,2
0.07556,0.96739,44.50954,1.00000,0.75828,2
0.07344,0.56790,10.42892,1.00000,0.16599,4
0.05755,0.72607,44.36848,1.00000,1.34701,3
0.09307,0.73810,45.06240,1.00000,1.47034,3
0.00001,1.00000,47.00453,1.00000,1.43646,0
0.08554,0.42804,48.51167,1.00000,0.64110,2
0.00184,0.37838,44.05257,1.00000,1.69612,1
0.07545,0.77841,9.89842,1.00000,0.19143,4
0.00004,1.00000,45.00444,1.00000,1.72709,0
0.00017,1.00000,45.21300,1.00000,1.66397,0
0.01128,1.00000,18.03412,1.00000,0.19105,4
0.08346,0.52030,9.10981,1.00000,0.13958,4
0.00008,0.92857,46.86226,0.00000,1.61298,0
0.08509,0.58090,8.75746,1.00000,0.15205,4
0.06015,0.54091,39.39164,1.00000,0.36566,2
0.02959,0.92398,8.92463,1.00000,0.12671,4
0.06289,0.91781,45.75477,1.00000,1.65351,3
0.02146,0.14612,44.42527,0.00000,1.68154,1
0.07017,0.54933,47.37835,1.00000,0.20352,2
0.09402,0.46154,45.25963,1.00000,1.75171,3
0.08518,0.64345,6.93844,1.00000,0.11472,4
0.06476,0.07579,45.06349,1.00000,1.72028,1
0.00039,1.00000,44.55742,1.00000,1.66902,0
0.09752,0.48126,46.65468,1.00000,0.56916,2
0.09056,0.57044,44.49498,1.00000,1.61410,3
0.11222,0.87892,46.05811,1.00000,1.43052,3
0.01797,1.00000,15.48324,1.00000,0.19788,4
0.01690,0.05464,45.01265,1.00000,1.71827,1
0.00030,1.00000,44.12720,1.00000,1.68406,0
0.00008,0.89286,44.58242,0.00000,1.60440,0
0.04833,0.49687,51.65386,1.00000,0.25801,2
0.00008,1.00000,44.93694,1.00000,1.70754,0
0.09749,0.53984,45.38838,1.00000,1.63500,3
0.07326,0.59908,43.73680,1.00000,0.26474,2
0.05934,0.06513,46.34835,0.00000,1.61950,1
0.05395,0.48400,45.96518,1.00000,1.62397,3
0.00005,1.00000,45.00411,1.00000,1.78743,0
0.00008,1.00000,43.95726,1.00000,1.63144,0
0.00964,0.09385,44.73415,1.00000,1.68032,1
0.08863,0.84099,46.15325,1.00000,1.72197,3
0.10249,0.54505,45.65650,1.00000,1.53058,3
0.06077,0.47677,48.29775,1.00000,0.58448,2
0.07771,0.68657,46.25283,1.00000,1.48956,3
0.04035,0.71084,45.48885,1.00000,1.68996,3
0.08023,0.86038,44.88780,1.00000,1.33452,3
0.00258,0.27309,44.36208,0.00000,1.66872,1
0.07264,0.87363,49.51099,1.00000,0.47277,2
0.09735,0.73397,43.22657,1.00000,0.55760,2
0.00004,1.00000,45.37924,1.00000,1.69756,0
0.09129,0.84711,45.62249,1.00000,1.50361,3
0.05220,0.08280,45.54945,1.00000,1.72249,1
0.01202,0.07814,45.05393,0.00000,1.61505,1
0.09047,0.47146,46.68627,1.00000,1.58924,3
0.09363,0.64045,7.55834,1.00000,0.15131,4
0.08173,0.74481,41.70758,1.00000,0.18263,2
0.00003,1.00000,45.37508,1.00000,1.84715,0
0.08047,0.57482,45.92777,1.00000,1.57568,3
0.05292,0.70570,10.09407,1.00000,0.19645,4
0.08500,0.96795,45.88339,1.00000,0.00000,2
0.00007,1.00000,45.06740,1.00000,1.06724,0
0.04643,0.76144,46.41624,1.00000,1.43249,3
0.05294,0.71905,11.26100,1.00000,0.21953,4
0.07894,0.70565,8.51904,1.00000,0.13543,4
0.00773,0.11978,45.81020,1.00000,1.69785,1
0.04144,0.03854,45.05636,0.00000,1.64961,1
0.05531,0.50122,6.34011,1.00000,0.11730,4
0.00945,0.08068,46.63318,0.00000,1.66172,1
0.10051,0.76056,7.04207,1.00000,0.11506,4
0.06538,0.49323,49.71034,1.00000,0.60108,2
0.00526,0.14221,45.17437,0.00000,1.65560,1
0.00003,1.00000,45.25434,1.00000,1.60199,0
0.09851,0.83908,45.44531,1.00000,1.43492,3
0.08231,0.64225,45.72962,1.00000,0.44721,2
0.09445,0.73054,43.16458,1.00000,0.83280,2
0.06892,0.56489,52.14175,1.00000,0.56200,2
0.00021,0.80503,45.35360,0.00000,1.66102,0
0.07571,0.71105,44.59225,1.00000,1.49298,3
0.01211,0.94545,13.22559,1.00000,0.24650,4
0.04559,0.04601,46.04781,1.00000,1.69407,1
0.00016,1.00000,44.85320,1.00000,1.76614,0
0.08553,0.57021,42.66191,1.00000,0.68625,2
0.00011,1.00000,45.66541,1.00000,1.68546,0
0.00006,1.00000,45.27702,1.00000,1.79878,0
0.08224,0.47770,44.64845,1.00000,1.64038,3
0.00004,1.00000,46.37743,1.00000,1.78919,0
0.00002,1.00000,44.84779,1.00000,1.69465,0
0.00020,1.00000,46.39856,1.00000,1.76165,0
0.07178,0.63288,44.31609,1.00000,1.48742,3
0.00317,0.28384,45.53214,1.00000,1.68122,1
0.07638,0.64762,8.92390,1.00000,0.16758,4
0.08971,0.81614,10.37239,1.00000,0.19959,4
0.06873,0.88095,46.39981,1.00000,1.48500,3
0.07876,0.65027,8.38320,1.00000,0.12700,4
0.17898,0.03226,45.26299,0.00000,1.63935,1
0.05462,0.73171,43.86709,1.00000,0.18013,2
0.09420,0.87204,48.19664,1.00000,0.00000,2
0.09567,0.46981,50.11715,1.00000,0.45826,2
0.07468,0.75587,11.76649,1.00000,0.18808,4
0.09280,0.61804,8.28108,1.00000,0.11980,4
0.07389,0.41953,45.84361,1.00000,0.69314,2
0.09102,0.46228,44.16527,1.00000,0.52030,2
0.02628,0.06918,43.96563,1.00000,1.68872,1
0.06891,0.96154,45.96247,1.00000,1.49621,3
0.00067,1.00000,45.08212,0.00000,1.50559,0
0.02811,0.04388,45.69952,0.00000,1.64395,1
0.09536,0.45887,45.63754,1.00000,1.59566,3
0.01869,0.07587,44.13689,1.00000,1.71866,1
0.10324,0.77778,7.70110,1.00000,0.12090,4
0.00024,1.00000,44.21642,1.00000,1.63977,0
0.06815,0.45324,45.82994,1.00000,0.50450,2
0.10020,0.53333,45.22473,1.00000,1.59921,3
0.11020,0.54912,9.54748,1.00000,0.14305,4
0.08863,0.47222,9.34434,1.00000,0.18468,4
0.07644,0.51163,10.25857,1.00000,0.19315,4
0.08794,0.87027,47.20186,1.00000,0.60221,2
0.08999,0.95276,45.97584,1.00000,1.55459,3
0.00023,1.00000,44.95552,1.00000,1.75009,0
0.09823,0.67241,9.71650,1.00000,0.16543,4
0.00789,0.11135,45.91239,1.00000,1.68802,1
0.08493,0.79104,8.77932,1.00000,0.16688,4
0.08418,0.51446,45.35950,1.00000,1.69835,3
0.00001,1.00000,45.57522,1.00000,1.14960,0
0.10092,0.61337,47.92598,1.00000,0.81771,2
0.00012,1.00000,45.25373,1.00000,1.80655,0
0.08796,0.52156,45.05456,1.00000,1.69451,3
0.01444,0.08280,45.26011,1.00000,1.70487,1
0.00013,1.00000,45.56175,1.00000,1.67749,0
0.09891,0.45586,45.76426,1.00000,1.65077,3
0.06626,0.91176,44.17992,1.00000,1.45590,3
0.08915,0.79524,51.86513,1.00000,0.77020,2
0.08702,0.79775,45.79644,1.00000,1.61931,3
0.09009,0.75248,9.78362,1.00000,0.19553,4
0.08618,0.97241,44.25992,1.00000,0.39910,2
0.08957,0.58082,9.69549,1.00000,0.17011,4
0.07793,0.89500,50.84891,1.00000,0.27522,2
0.08247,0.94262,45.83476,1.00000,1.56695,3
0.08180,0.69206,10.06160,1.00000,0.15515,4
0.09336,0.65269,47.60403,1.00000,0.41927,2
0.08594,0.53089,44.73962,1.00000,1.65703,3
0.07783,0.51322,49.78417,1.00000,0.57894,2
0.08551,0.68208,46.60995,1.00000,0.51346,2
0.06327,0.76133,45.15581,1.00000,1.50379,3
0.00911,0.14676,45.05017,1.00000,1.67119,1
0.00055,1.00000,44.97937,1.00000,1.67784,0
0.00004,1.00000,44.28435,1.00000,1.72890,0
0.01177,0.10326,44.32006,0.00000,1.65350,1
0.08519,0.45438,46.13948,1.00000,1.60043,3
0.08883,0.57213,44.54848,1.00000,0.37875,2
0.09058,0.50372,43.62234,1.00000,1.53532,3
0.02897,0.98611,53.24209,1.00000,0.71439,2
0.07505,0.44326,45.19454,1.00000,1.66664,3
0.09797,0.48723,47.16571,1.00000,0.56224,2
0.09897,0.65110,7.56836,1.00000,0.13230,4
0.08215,0.56757,8.82588,1.00000,0.19622,4
0.07879,0.92222,46.20657,1.00000,0.85230,2
0.05005,0.05682,44.83495,1.00000,1.67757,1
0.00065,1.00000,44.96491,1.00000,1.72123,0
0.04773,0.06576,44.66916,1.00000,1.71005,1
0.08427,0.57627,49.85173,1.00000,0.51623,2
0.08327,0.65714,45.06562,1.00000,0.81121,2
0.08582,0.58358,10.39440,1.00000,0.19768,4
0.04807,0.74319,9.24405,1.00000,0.14326,4
0.00015,1.00000,45.02204,1.00000,1.66221,0
0.08623,0.55286,45.51248,1.00000,1.56612,3
0.09909,0.73404,7.31015,1.00000,0.15890,4
0.09761,0.40661,48.64449,1.00000,0.26651,2
0.00004,1.00000,44.70086,1.00000,1.80321,0
0.04568,0.69444,11.14623,1.00000,0.17201,4
0.07026,0.99048,11.21369,1.00000,0.15677,4
0.11013,0.57205,48.94157,1.00000,0.28770,2
0.08344,0.54741,51.71241,1.00000,0.63905,2
0.00807,0.11881,44.97469,1.00000,1.66745,1
0.09502,0.50884,45.19445,1.00000,0.81928,2
0.08725,0.02915,44.26719,0.00000,1.65488,1
0.00249,0.26260,45.36518,0.00000,1.65444,1
0.06816,0.51641,45.10637,1.00000,1.58366,3
0.09233,0.53909,45.31407,1.00000,1.69811,3
0.24934,0.04383,46.00288,1.00000,1.69712,1
0.05642,0.73783,51.70229,1.00000,0.64885,2
0.09204,0.72156,48.91032,1.00000,0.59548,2
0.00105,1.00000,46.43764,1.00000,1.66824,0
0.06748,0.66061,42.96796,1.00000,0.38790,2
0.00014,0.98113,45.22441,1.00000,1.69144,0
0.00080,0.78846,46.23148,1.00000,1.67675,1
0.03266,0.04825,45.40820,1.00000,1.69866,1
0.02033,0.05682,45.20385,1.00000,1.72357,1
0.05926,0.89231,51.90480,1.00000,0.57573,2
0.07125,0.63408,8.71972,1.00000,0.17858,4
0.09270,0.52720,45.99393,1.00000,1.51559,3
0.00018,1.00000,46.55087,1.00000,1.71711,0
0.07775,0.49615,46.52693,1.00000,1.59130,3
0.08536,0.56317,44.59608,1.00000,1.63570,3
0.00007,1.00000,46.02997,1.00000,1.68908,0
0.06556,1.00000,52.19221,1.00000,0.46142,2
0.08758,0.56592,44.40320,1.00000,1.57251,3
0.00011,1.00000,45.63368,1.00000,1.65174,0
0.00571,0.19951,45.93178,0.00000,1.65645,1
0.05791,0.04392,45.13655,0.00000,1.65212,1
0.09654,0.57831,9.43314,1.00000,0.19627,4
0.05397,0.75481,8.22665,1.00000,0.11874,4
0.00016,1.00000,43.71663,1.00000,1.77984,0
0.07464,0.45287,44.71927,1.00000,1.60100,3
0.08544,0.65325,9.01398,1.00000,0.17443,4
0.01476,0.26804,44.54142,1.00000,1.71132,1
0.06923,0.98947,9.28454,1.00000,0.17161,4
0.18228,0.05694,45.13248,0.00000,1.65569,1
0.09383,0.57143,46.79453,1.00000,0.35952,2
0.07100,0.81349,44.03109,1.00000,0.60344,2
0.07459,0.73868,50.09671,1.00000,0.81048,2
0.09422,0.67964,45.25593,1.00000,1.61703,3
0.00012,1.00000,45.33639,1.00000,1.68301,0
0.04979,0.03434,44.77356,0.00000,1.67309,1
0.08585,0.52941,45.53601,1.00000,0.55575,2
0.06085,0.52511,9.72246,1.00000,0.17547,4
0.08126,0.75373,39.74729,1.00000,0.34682,2
0.05870,1.00000,54.77751,1.00000,0.30882,2
0.01028,0.07741,45.41625,1.00000,1.72548,1
0.02696,0.97849,50.56621,1.00000,0.63672,2
0.06263,0.83117,50.05481,1.00000,0.53421,2
0.01268,0.09120,43.46737,1.00000,1.70125,1
0.10088,0.48242,45.74993,1.00000,1.62163,3
0.00003,0.92857,45.93733,0.00000,1.64270,0
0.00020,1.00000,45.48371,1.00000,1.76319,0
0.09485,0.83750,44.77694,1.00000,1.52093,3
0.06966,0.66065,9.81954,1.00000,0.13432,4
0.04274,0.86923,49.01266,1.00000,0.37317,2
0.05818,0.98230,9.37315,1.00000,0.18103,4
0.02760,0.19594,44.07312,1.00000,1.69473,1
0.07266,0.60766,47.16729,1.00000,0.57550,2
0.08385,0.57783,9.70262,1.00000,0.16832,4
0.07721,0.55587,8.24773,1.00000,0.15437,4
0.02257,0.29664,44.58901,1.00000,1.70422,1
0.05974,0.42857,46.06769,1.00000,1.65821,3
0.05859,0.92208,44.44823,1.00000,1.63756,3
0.01932,0.13311,45.59472,1.00000,1.71906,1
0.03403,0.96970,44.58051,1.00000,1.36705,3
0.07390,0.72555,45.32567,1.00000,0.38228,2
0.03938,0.97143,47.05425,1.00000,0.71847,2
0.08558,0.45849,45.21765,1.00000,1.63587,3
0.07476,0.53165,45.68793,1.00000,1.65126,3
0.00752,0.18160,44.81575,1.00000,1.71353,1
0.07446,0.79348,44.48813,1.00000,1.39834,3
0.00784,0.12031,46.11961,1.00000,1.68086,1
0.08203,0.85484,50.32658,1.00000,0.77696,2
0.08601,0.51815,8.45612,1.00000,0.15948,4
0.01510,0.10270,43.86390,1.00000,1.72297,1
0.07707,0.57229,45.29085,1.00000,1.60017,3
0.00434,0.24557,44.49687,0.00000,1.67881,1
0.00196,0.76744,44.44708,0.00000,1.66861,0
0.07346,0.78457,46.02764,1.00000,0.00000,2
0.01991,0.11978,46.36780,1.00000,1.69798,1
0.08774,0.61625,9.52558,1.00000,0.14749,4
0.08812,0.58955,46.34355,1.00000,1.68481,3
0.00070,1.00000,46.53678,1.00000,1.81541,0
0.07439,0.89524,46.42577,1.00000,0.62522,2
0.02208,0.05361,46.56693,0.00000,1.64215,1
0.09189,0.54419,45.20174,1.00000,1.65534,3
0.04370,0.03858,45.50506,0.00000,1.67394,1
0.00011,1.00000,44.88690,1.00000,1.74887,0
0.06344,1.00000,55.58040,1.00000,0.47336,2
0.07977,0.70820,45.67020,1.00000,1.74150,3
0.00001,1.00000,45.83806,1.00000,1.29605,0
0.00022,1.00000,45.42031,1.00000,1.64591,0
0.00007,0.86885,44.79856,0.00000,1.60536,0
0.01569,1.00000,9.77786,1.00000,0.15407,4
0.00040,0.80000,45.23959,0.00000,1.64847,0
0.09284,0.51823,8.33188,1.00000,0.14554,4
0.00019,1.00000,44.98419,1.00000,1.62749,0
0.02555,0.06590,44.54749,1.00000,1.68525,1
0.07965,0.41219,42.17647,1.00000,0.36404,2
0.07045,0.68497,8.98397,1.00000,0.16880,4
0.07512,0.58929,8.96836,1.00000,0.17138,4
0.05978,0.79592,10.20556,1.00000,0.15417,4
0.07158,0.69663,47.45364,1.00000,0.65731,2
0.00012,1.00000,44.52818,1.00000,1.64558,0
0.08349,0.53986,9.54879,1.00000,0.17243,4
0.10265,0.51943,43.35698,1.00000,0.81997,2
0.07393,0.96078,8.84054,1.00000,0.08557,4
0.00003,1.00000,45.29046,1.00000,1.78975,0
0.06292,0.50610,46.78612,1.00000,0.66524,2
0.10121,0.41327,45.26859,1.00000,1.61391,3
0.09920,0.50097,45.60643,1.00000,1.53337,3
0.07767,0.46306,45.08344,1.00000,1.68044,3
0.08234,0.55432,44.53418,1.00000,1.46140,3
0.08674,0.50769,47.08016,1.00000,0.68276,2
0.07082,0.86979,46.42516,1.00000,1.52582,3
0.08721,0.71730,7.65972,1.00000,0.16185,4
0.00002,1.00000,45.40888,1.00000,1.78687,0
0.03745,1.00000,53.04082,1.00000,0.39506,2
0.05694,0.46314,47.02331,1.00000,0.47521,2
0.10241,0.64543,43.86934,1.00000,0.56236,2
0.00079,1.00000,45.56495,1.00000,1.64302,0
0.02840,0.06590,46.84225,1.00000,1.73241,1
0.09463,0.44862,48.68931,1.00000,0.69632,2
0.01690,0.06465,46.47033,1.00000,1.69815,1
0.10369,0.05470,44.99055,1.00000,1.72692,1
0.03809,0.14447,45.35779,0.00000,1.66806,1
0.09825,0.48532,46.03985,1.00000,0.53492,2
0.09259,0.51262,44.15007,1.00000,1.52696,3
0.09136,0.40886,44.65306,1.00000,1.61704,3
0.08365,0.60412,44.86200,1.00000,1.62123,3
0.00001,1.00000,44.36072,1.00000,0.63622,0
0.00005,1.00000,45.35466,1.00000,1.77854,0
0.01558,0.05133,46.91342,0.00000,1.64535,1
0.08000,0.53814,43.64455,1.00000,0.51963,2
0.00004,1.00000,44.69712,1.00000,1.78429,0
0.09400,0.56691,45.39981,1.00000,0.60300,2
0.11855,0.61199,9.03208,1.00000,0.17343,4
0.09893,0.70349,45.75476,1.00000,1.46924,3
0.08740,0.52683,45.26028,1.00000,1.58240,3
0.04081,0.61741,9.85267,0.00000,0.14472,4
0.05144,0.87452,42.76329,1.00000,0.24452,2
0.07871,0.71161,9.19796,1.00000,0.14651,4
0.11029,0.69373,45.54752,1.00000,1.58065,3
0.06546,0.05176,45.67438,1.00000,1.72562,1
0.09913,0.44569,46.30307,1.00000,0.67569,2
0.07572,0.63084,44.98123,1.00000,1.56003,3
0.01113,0.12667,45.16523,1.00000,1.70036,1
0.04719,1.00000,58.09785,1.00000,0.41466,2
0.07009,0.66265,45.22225,1.00000,1.53448,3
0.08915,0.46841,8.44659,1.00000,0.17030,4
0.00010,0.77419,45.29335,0.00000,1.67079,0
0.01036,1.00000,54.82713,1.00000,0.47909,2
0.00000,1.00000,44.64401,1.00000,0.61243,0
0.01948,0.05688,45.62469,1.00000,1.69850,1
0.08203,0.68555,48.66488,1.00000,0.47787,2
0.08822,0.98958,54.71626,1.00000,0.62993,2
0.09533,0.59900,46.04146,1.00000,1.63654,3
0.07120,0.64658,45.34527,1.00000,1.66500,3
0.07696,0.84345,44.50534,1.00000,1.40740,3
0.08677,0.88235,9.48861,1.00000,0.18758,4
0.00014,1.00000,44.70415,1.00000,1.78936,0
0.00003,1.00000,46.83268,1.00000,1.54748,0
0.00012,0.97826,44.09123,1.00000,1.74388,0
0.08654,0.47784,45.88283,1.00000,1.66352,3
0.04077,0.06042,45.64874,1.00000,1.69370,1
0.00013,0.85047,44.66958,0.00000,1.60484,0
0.08325,0.45899,42.00104,1.00000,0.62030,2
0.08368,0.66262,45.50959,1.00000,1.46296,3
0.03226,0.03226,45.90607,0.00000,1.66796,1
0.01494,0.35021,44.63220,1.00000,1.71574,1
0.00031,0.83333,44.67235,0.00000,1.63152,0
0.08692,0.68254,47.04968,1.00000,0.28763,2
0.00008,1.00000,45.46297,1.00000,1.73485,0
0.09302,0.47106,46.35697,1.00000,1.64138,3
0.06887,0.58392,40.33049,1.00000,0.39936,2
0.00009,0.86747,45.69735,0.00000,1.63218,0
0.08861,0.64244,7.63176,1.00000,0.14497,4
0.02296,0.04490,44.67201,0.00000,1.66027,1
0.06463,0.02915,44.77317,0.00000,1.67809,1
0.06284,0.63205,8.31497,1.00000,0.14218,4
0.06469,0.52953,43.91712,1.00000,1.66179,3
0.00368,0.33145,45.94004,1.00000,1.68642,1
0.00015,1.00000,45.41817,1.00000,1.72930,0
0.00026,1.00000,44.97740,1.00000,1.68157,0
0.05837,0.80402,12.86355,1.00000,0.16615,4
0.05616,0.82645,53.59831,1.00000,0.89222,2
0.00004,1.00000,44.04395,1.00000,1.46100,0
0.08663,0.62722,9.80145,1.00000,0.18798,4
0.00099,1.00000,44.95454,1.00000,1.67693,0
0.00005,1.00000,44.89555,1.00000,1.48004,0
0.01615,0.06139,44.73938,0.00000,1.67431,1
0.11150,0.78027,9.16795,1.00000,0.18213,4
0.00027,1.00000,45.68937,1.00000,1.64693,0
0.14283,0.08157,45.79586,0.00000,1.67358,1
0.00023,1.00000,44.62630,1.00000,1.65623,0
0.00726,0.09838,44.80470,1.00000,1.69678,1
0.04524,0.98611,17.27167,1.00000,0.24236,4
0.09238,0.56680,45.70446,1.00000,1.67013,3
0.10183,0.60686,8.48216,1.00000,0.14802,4
0.10100,0.57609,45.70470,1.00000,1.59996,3
0.07430,0.84211,48.18356,1.00000,0.50355,2
0.06094,0.96316,45.55566,1.00000,1.55236,3
0.08955,0.50433,8.48171,1.00000,0.13165,4
0.10380,0.71186,46.89999,1.00000,1.57692,3
0.06397,1.00000,50.99776,1.00000,0.54987,2
0.09039,1.00000,14.09680,1.00000,0.19772,4
0.10437,0.64103,44.52816,1.00000,1.48585,3
0.08074,0.49627,48.24055,1.00000,0.47206,2
0.00024,1.00000,43.83548,1.00000,1.71347,0
0.05827,0.02505,44.10828,0.00000,1.64194,1
0.07295,0.56553,44.55772,1.00000,0.74004,2
0.08792,0.67039,8.14528,1.00000,0.13754,4
0.06521,0.07953,45.02369,0.00000,1.65479,1
0.00002,0.90476,45.11832,0.00000,1.51811,0
0.07391,0.76703,45.73673,1.00000,1.57023,3
0.00091,1.00000,46.21197,1.00000,1.68146,0
0.03331,0.04499,46.50408,0.00000,1.63770,1
0.02811,0.78125,8.08258,1.00000,0.12091,4
0.07139,0.65957,9.75796,1.00000,0.17371,4
0.03866,0.86000,12.99018,1.00000,0.20833,4
0.05600,0.81413,51.29865,1.00000,0.54112,2
0.05670,0.99367,48.70381,1.00000,0.55758,2
0.00002,1.00000,44.92407,1.00000,1.75085,0
0.08427,0.62632,46.17602,1.00000,1.61034,3
0.08639,0.59060,11.05152,1.00000,0.18089,4
0.05169,0.04277,44.40469,0.00000,1.68033,1
0.09425,0.43377,44.44865,1.00000,0.40256,2
0.04415,0.59000,10.72709,1.00000,0.16794,4
0.08528,0.51745,45.42843,1.00000,0.33404,2
0.06445,0.93370,44.91456,1.00000,1.31766,3
0.07391,0.57275,45.61923,1.00000,0.34593,2
0.08494,0.59524,8.58070,1.00000,0.15432,4
0.00018,1.00000,44.12672,1.00000,1.72548,0
0.00649,0.18462,45.33906,1.00000,1.69969,1
0.08262,0.49623,44.36747,1.00000,0.55664,2
0.08160,0.52087,48.47218,1.00000,0.22815,2
0.01298,0.14756,44.57544,1.00000,1.74632,1
0.01076,0.26175,43.69817,1.00000,1.68042,1
0.00045,1.00000,45.23890,1.00000,1.74287,0
0.09015,0.68820,9.24514,1.00000,0.14682,4
0.00519,0.14747,46.65845,1.00000,1.72214,1
0.06299,0.54695,10.02846,1.00000,0.19182,4
0.07029,0.55306,43.20051,1.00000,0.60091,2
0.08182,0.62679,11.70632,1.00000,0.19778,4
0.06053,1.00000,53.91611,1.00000,0.47702,2
0.00041,0.85500,44.38046,0.00000,1.66959,0
0.08158,0.43144,45.04031,1.00000,1.64453,3
0.08527,0.55270,46.01673,1.00000,1.60356,3
0.06854,0.55140,48.58708,1.00000,0.44416,2
0.00013,1.00000,45.00278,1.00000,1.65809,0
0.01654,0.07497,45.58905,1.00000,1.70622,1
0.13218,0.07920,45.35068,1.00000,1.71119,1
0.09326,0.43932,44.13262,1.00000,1.61251,3
0.09068,0.48207,45.50355,1.00000,1.63697,3
0.07072,0.06231,45.93185,1.00000,1.71279,1
0.05995,0.72026,47.00958,1.00000,0.77622,2
0.10589,0.52594,45.78350,1.00000,0.69668,2
0.02055,0.07128,45.40868,1.00000,1.70513,1
0.10565,0.83425,8.75103,1.00000,0.17255,4
0.09290,0.59241,9.01611,1.00000,0.18499,4
0.06401,0.77903,8.66647,1.00000,0.14074,4
0.00044,1.00000,46.26728,1.00000,1.67882,0
0.07037,0.98352,58.81527,1.00000,0.43320,2
0.09239,0.88412,48.29023,1.00000,0.78232,2
0.07276,0.64456,44.96781,1.00000,1.36757,3
0.08824,0.64890,8.52630,1.00000,0.14582,4
0.08773,0.53002,8.81542,1.00000,0.17226,4
0.00002,0.95000,46.14769,0.00000,1.52750,0
0.07798,0.81443,44.09165,1.00000,0.63101,2
0.05384,0.06354,45.60357,1.00000,1.72973,1
0.09555,0.80508,44.89969,1.00000,1.66788,3
0.07347,0.60345,46.99839,1.00000,0.73078,2
0.00001,1.00000,44.66575,0.00000,1.44263,0
0.04287,0.04601,45.14466,1.00000,1.69653,1
0.08228,0.61993,8.24614,1.00000,0.12116,4
0.00020,0.89157,46.11007,0.00000,1.67641,0
0.00075,0.78140,45.69294,0.00000,1.66269,0
0.00247,0.49317,44.16293,1.00000,1.70037,1
0.10351,0.53826,8.36489,1.00000,0.13693,4
0.00062,0.80711,45.12828,0.00000,1.66475,0
0.05402,0.78495,8.52613,1.00000,0.15589,4
0.06923,0.85714,44.22431,1.00000,1.30368,3
0.10441,0.57965,45.44672,1.00000,1.35352,3
0.12366,0.07911,44.82885,1.00000,1.71121,1
0.00012,0.98305,45.04043,1.00000,1.76314,0
0.00299,0.29960,44.92100,1.00000,1.72651,1
0.09503,0.52036,51.17567,1.00000,0.39098,2
0.08135,0.76991,12.06802,1.00000,0.21907,4
0.03864,1.00000,15.48576,1.00000,0.11347,4
0.06693,0.84082,45.44111,1.00000,1.55352,3
0.00042,0.77041,45.93168,0.00000,1.67761,0
0.08951,0.49520,44.41294,1.00000,1.66389,3
0.00053,0.98246,44.84946,1.00000,1.74048,0
0.09098,0.62690,45.20564,1.00000,1.66076,3
0.01737,0.05487,45.85067,1.00000,1.69895,1
0.07764,0.51576,8.83841,1.00000,0.15734,4
0.02423,0.05242,45.49772,1.00000,1.70136,1
0.07076,0.61017,47.42846,1.00000,0.52285,2
0.08743,0.57292,10.32267,1.00000,0.16127,4
0.08541,0.49331,42.40743,1.00000,0.39955,2
0.00003,1.00000,44.61440,1.00000,1.78063,0
0.03258,0.03434,44.56151,0.00000,1.65518,1
0.05213,0.85199,51.45504,1.00000,0.91643,2
0.04550,1.00000,57.65044,1.00000,0.43717,2
0.06818,0.73000,48.98197,1.00000,0.61962,2
0.00015,0.92000,45.23667,0.00000,1.63767,0
0.08664,0.51417,44.37206,1.00000,0.61698,2
0.08478,0.90948,48.34534,1.00000,0.71851,2
0.08737,0.89506,45.81728,1.00000,1.49200,3
0.08673,0.52716,9.22718,1.00000,0.19107,4
0.08629,0.49474,41.81704,1.00000,0.57224,2
0.07077,0.52193,10.51761,1.00000,0.16132,4
0.00012,0.97959,45.50759,1.00000,1.63575,0
0.09458,0.94083,47.57405,1.00000,0.41332,2
0.00002,1.00000,44.25035,1.00000,1.74931,0
0.15100,0.03749,44.73197,0.00000,1.66116,1
0.00026,0.86364,44.59344,0.00000,1.64043,0
0.07493,0.63397,45.98106,1.00000,1.52764,3
0.07644,0.71687,45.84721,1.00000,1.60378,3
0.03203,0.02918,46.07122,0.00000,1.65232,1
0.00002,1.00000,44.09001,1.00000,1.71828,0
0.09944,0.37345,45.14018,1.00000,1.60659,3
0.00406,0.74449,45.86672,0.00000,1.65293,0
0.09168,0.59113,49.52103,1.00000,0.37410,2
0.01839,0.15034,44.39844,0.00000,1.62704,1
0.00181,0.44354,43.88025,0.00000,1.64735,1
0.00016,1.00000,45.30078,1.00000,1.74413,0
0.09449,0.74751,45.04039,1.00000,1.71171,3
0.00062,0.88235,44.43905,0.00000,1.62833,0
0.00009,1.00000,44.38529,1.00000,1.58251,0
0.01274,0.06348,44.55794,0.00000,1.65062,1
0.08748,0.65608,48.18332,1.00000,0.81424,2
0.09181,0.46809,47.07754,1.00000,0.46990,2
0.01905,1.00000,50.20513,1.00000,0.25263,2
0.08632,0.49223,9.02162,1.00000,0.20478,4
0.09994,0.40102,44.39041,1.00000,1.53805,3
0.07800,0.54012,9.16118,1.00000,0.14837,4
0.05990,1.00000,51.00330,1.00000,0.78533,2
0.10402,0.47170,44.99686,1.00000,1.61253,3
0.00008,1.00000,44.92611,1.00000,1.81327,0
0.08836,0.67493,46.05379,1.00000,1.49975,3
0.11178,0.57011,46.57639,1.00000,0.86560,2
0.08329,0.72537,9.15103,1.00000,0.20494,4
0.00043,0.88073,44.57881,0.00000,1.63883,0
0.09589,0.50214,51.21042,1.00000,0.60984,2
0.09667,0.56962,9.65157,1.00000,0.16193,4
0.11208,0.15006,44.27071,0.00000,1.63305,1
0.01396,0.07595,45.08750,1.00000,1.71264,1
0.09559,0.50365,9.54868,1.00000,0.14280,4
0.09038,0.62766,51.09779,1.00000,0.85311,2
0.00762,0.56052,44.54318,1.00000,1.68583,1
0.08938,0.65617,44.86594,1.00000,1.40260,3
0.00004,1.00000,44.91207,1.00000,1.76954,0
0.05418,0.99153,54.29795,1.00000,0.79132,2
0.01120,0.13977,46.97454,0.00000,1.65976,1
0.00014,0.86000,44.83783,0.00000,1.69285,0
0.08659,0.45276,45.25585,1.00000,1.56219,3
0.09181,0.45331,45.29241,1.00000,1.68850,3
0.07939,0.51919,46.11090,1.00000,1.64214,3
0.00020,0.86765,45.41318,0.00000,1.69204,0
0.08981,0.89241,45.18634,1.00000,1.15710,3
0.04749,0.53147,47.04509,1.00000,0.65287,2
0.07779,0.64015,8.81790,1.00000,0.16122,4
0.08704,0.46525,45.40460,1.00000,1.68544,3
0.01052,0.07798,45.07667,1.00000,1.69270,1
0.00029,1.00000,44.92504,1.00000,1.63599,0
0.07901,0.88940,45.28075,1.00000,1.53334,3
0.00028,1.00000,45.72317,1.00000,1.65934,0
0.07078,0.45968,46.32777,1.00000,1.60849,3
0.07630,0.73714,44.66916,1.00000,1.56456,3
0.09368,0.61982,50.44815,1.00000,0.35828,2
0.08766,0.53279,48.09688,1.00000,0.59207,2
0.00047,1.00000,44.56637,1.00000,1.72518,0
0.03186,1.00000,57.79271,1.00000,0.43218,2
0.07057,0.67254,45.75959,1.00000,1.50694,3
0.09386,0.70769,7.24354,1.00000,0.12938,4
0.07323,0.50787,44.34560,1.00000,1.63499,3
0.00010,1.00000,45.81779,1.00000,1.71963,0
0.06342,0.87379,45.70672,1.00000,1.55465,3
0.00007,1.00000,44.88609,1.00000,1.70936,0
0.01136,0.10699,44.60055,0.00000,1.67120,1
0.07003,0.95946,12.69536,1.00000,0.22353,4
0.08378,0.61084,46.87098,1.00000,0.61274,2
0.08581,0.47875,8.44510,1.00000,0.14792,4
0.07435,0.78995,8.55507,1.00000,0.16582,4
0.00147,0.90038,45.52878,1.00000,1.72760,1
0.04691,0.58065,8.64996,1.00000,0.15059,4
0.00914,0.10521,45.54889,1.00000,1.72422,1
0.08487,0.72333,44.83655,1.00000,1.51200,3
0.01741,0.05579,44.43572,1.00000,1.71509,1
0.09302,0.51685,10.03398,1.00000,0.16346,4
0.06464,0.80667,45.90025,1.00000,1.28051,3
0.00845,0.15200,44.25109,1.00000,1.71175,1
0.08957,0.58584,45.15423,1.00000,1.63946,3
0.01461,0.07466,45.02213,0.00000,1.64062,1
0.05567,0.88571,49.45920,1.00000,0.48686,2
0.00020,0.97872,45.17997,1.00000,1.74861,0
0.09774,0.56503,44.92391,1.00000,1.52438,3
0.09897,0.62466,41.15686,1.00000,0.28603,2
0.08125,0.64674,43.88897,1.00000,0.46458,2
0.09534,0.58163,9.78655,1.00000,0.18066,4
0.01871,0.09924,44.92480,1.00000,1.70521,1
0.01304,0.05247,45.70742,1.00000,1.73667,1
0.10013,0.47297,48.71758,1.00000,0.82809,2
0.00555,0.18624,46.30546,1.00000,1.68393,1
0.06507,0.60802,13.22207,1.00000,0.21690,4
0.00005,1.00000,44.84617,1.00000,1.69722,0
0.00672,0.15849,45.42182,1.00000,1.72553,1
0.11463,0.75556,44.92352,1.00000,0.18633,2
0.08471,0.56965,46.33326,1.00000,1.52044,3
0.07096,0.80408,11.77942,1.00000,0.24257,4
0.08817,0.77344,7.92917,1.00000,0.12261,4
0.08910,0.96023,45.83923,1.00000,1.56063,3
0.07809,0.54042,46.78414,1.00000,0.71254,2
0.07772,0.84307,43.61747,1.00000,0.06627,2
0.07383,0.88144,8.97578,1.00000,0.19254,4
0.00003,1.00000,45.11317,1.00000,1.73509,0
0.06684,0.75943,11.02714,1.00000,0.19519,4
0.08454,0.55869,45.26741,1.00000,1.68715,3
0.08754,0.80268,45.98441,1.00000,1.60218,3
0.07319,0.54605,45.78784,1.00000,1.67462,3
0.07863,0.48249,45.00221,1.00000,1.61355,3
0.03595,0.78810,43.00664,1.00000,1.38011,3
0.00003,1.00000,45.11109,1.00000,1.65708,0
0.08769,0.76500,10.70724,1.00000,0.18450,4
0.08935,0.39465,44.65942,1.00000,1.69897,3
0.00006,1.00000,44.94766,1.00000,1.80734,0
0.05245,0.57482,45.83927,1.00000,0.58319,2
0.00008,1.00000,46.20728,1.00000,1.68737,0
0.06334,0.61591,43.75423,1.00000,0.27683,2
0.08971,0.44685,46.06300,1.00000,1.64521,3
0.08167,0.68466,11.26850,1.00000,0.21737,4
0.09485,0.70317,45.53366,1.00000,1.57623,3
0.04613,0.03434,43.82040,0.00000,1.65480,1
0.00002,1.00000,45.04577,1.00000,1.78072,0
0.00965,0.24212,45.05267,1.00000,1.70265,1
0.06429,0.97297,45.97830,1.00000,1.31004,3
0.00112,0.47312,45.15408,0.00000,1.65460,1
0.00015,0.98000,45.60674,1.00000,1.65555,0
0.01635,0.11661,46.56369,1.00000,1.70801,1
0.09286,0.68195,8.63718,1.00000,0.12788,4
0.00011,1.00000,44.39369,1.00000,1.70159,0
0.05685,0.51604,7.94466,1.00000,0.13681,4
0.08677,0.67218,46.19383,1.00000,1.63852,3
0.08119,0.57317,48.52934,1.00000,0.29778,2
0.09243,0.40510,46.45075,1.00000,1.58082,3
0.08570,0.51471,7.14525,1.00000,0.14583,4
0.09128,0.41969,46.95049,1.00000,1.67000,3
0.00563,0.48649,45.55935,1.00000,1.70480,1
0.04210,0.48163,44.83056,1.00000,1.66846,3
0.07799,0.77465,9.37327,1.00000,0.17162,4
0.07379,0.96296,7.87416,1.00000,0.15728,4
0.03917,0.98065,50.36545,1.00000,0.56589,2
0.05224,0.82727,7.55653,1.00000,0.15526,4
0.03397,0.02811,45.92244,0.00000,1.62733,1
0.01063,0.08635,46.15308,0.00000,1.65157,1
0.00007,1.00000,45.88561,1.00000,1.69077,0
0.00003,1.00000,45.67556,1.00000,1.29676,0
0.07666,0.56057,44.63266,1.00000,1.63072,3
0.00001,0.90000,45.35416,0.00000,1.54985,0
0.05925,0.57241,45.90883,1.00000,0.52545,2
0.01924,0.10521,44.02236,1.00000,1.68244,1
0.00751,0.12031,46.01557,1.00000,1.69601,1
0.00006,1.00000,44.35290,1.00000,1.66704,0
0.06826,0.73356,8.28355,1.00000,0.15767,4
0.01540,0.15114,45.63168,1.00000,1.71352,1
0.01930,0.13995,45.48754,1.00000,1.69128,1
0.08288,0.55631,45.00407,1.00000,1.61031,3
0.00478,0.22665,45.12088,1.00000,1.71247,1
0.07639,0.57415,9.02231,1.00000,0.16126,4
0.06035,0.72515,10.94345,1.00000,0.17703,4
0.09346,0.73864,45.35111,1.00000,1.52290,3
0.00261,0.56364,44.77728,0.00000,1.66331,1
0.02307,1.00000,55.02432,1.00000,0.47944,2
0.00039,1.00000,46.62568,1.00000,1.72364,0
0.07522,0.62562,44.83461,1.00000,1.63813,3
0.07163,1.00000,52.23022,1.00000,0.46210,2
0.07923,0.45143,47.06626,1.00000,0.54568,2
0.00310,0.25129,45.10872,1.00000,1.70021,1
0.09511,0.90667,44.95361,1.00000,1.24977,3
0.00001,1.00000,44.40192,1.00000,1.21982,0
0.00000,1.00000,46.09668,0.00000,0.32281,0
0.01364,0.97222,14.06472,1.00000,0.13389,4
0.09236,0.63484,46.95428,1.00000,0.58112,2
0.06084,0.86154,41.74018,1.00000,0.44854,2
0.00001,1.00000,45.06639,1.00000,1.65300,0
0.08387,0.49301,45.31078,1.00000,1.60142,3
0.07716,0.53433,46.48026,1.00000,0.65468,2
0.09180,0.57884,44.13847,1.00000,0.41245,2
0.08916,0.80263,47.00788,1.00000,0.91502,2
0.00001,1.00000,46.25215,1.00000,1.28393,0
0.07243,0.85321,45.90105,1.00000,1.59283,3
